root,quality,chord_label,url,symbols,steps,notes,variation,instructions,parsed_positions,strum_from,strum_to,muted_strings,open_strings
C,Major,"C guitar chord
            (C Major)",https://www.all-guitar-chords.com/chords/index/c/major,"M, maj",1-3-5,C-E-G,1,"Press the B (2nd) string on the 1st fret with your index finger | With your middle finger, press down on the D (4th) string at the 2nd fret | Position your ring finger on the A (5th) string at the 3rd fret and press down | Now, strum all the strings starting from the 5th string","[{""type"": ""finger"", ""string"": 2, ""fret"": 1, ""finger"": 1}, {""type"": ""finger"", ""string"": 4, ""fret"": 2, ""finger"": 2}, {""type"": ""finger"", ""string"": 5, ""fret"": 3, ""finger"": 3}]",5,,[6],"[1, 3]"
,C Minor,"Cm guitar chord
            (C Minor)",https://www.all-guitar-chords.com/chords/index/c/minor,"m, min, -",1-b3-5,C-Eb-G,1,"Press down on the E (1st) string at the 3rd fret using your pinky | With your middle finger, press down on the B (2nd) string at the 1st fret | Press the D (4th) string on the 1st fret with your index finger | Position your ring finger on the A (5th) string at the 3rd fret and press down | Now, strum all the strings starting from the 5th string","[{""type"": ""finger"", ""string"": 1, ""fret"": 3, ""finger"": 4}, {""type"": ""finger"", ""string"": 2, ""fret"": 1, ""finger"": 2}, {""type"": ""finger"", ""string"": 4, ""fret"": 1, ""finger"": 1}, {""type"": ""finger"", ""string"": 5, ""fret"": 3, ""finger"": 3}]",5,,[6],[3]
,C Dominant Seventh,"C7 guitar chord
            (C Dominant Seventh)",https://www.all-guitar-chords.com/chords/index/c/7,7,1-3-5-b7,C-E-G-Bb,1,"Place your index finger on the B (2nd) string at the 1st fret and press down | Position your pinky on the G (3rd) string at the 3rd fret and press down | Press the D (4th) string on the 2nd fret with your middle finger | With your ring finger, press down on the A (5th) string at the 3rd fret | Now, strum all the strings starting from the 5th string","[{""type"": ""finger"", ""string"": 2, ""fret"": 1, ""finger"": 1}, {""type"": ""finger"", ""string"": 3, ""fret"": 3, ""finger"": 4}, {""type"": ""finger"", ""string"": 4, ""fret"": 2, ""finger"": 2}, {""type"": ""finger"", ""string"": 5, ""fret"": 3, ""finger"": 3}]",5,,[6],[1]
,"C Fifth, Power Chord","C5 guitar chord
            (C Fifth, Power Chord)",https://www.all-guitar-chords.com/chords/index/c/5,5,1-5,C-G,1,Place your index finger on the B (2nd) string at the 1st fret and press down | Strum from the 3rd string to the 2nd strings,"[{""type"": ""finger"", ""string"": 2, ""fret"": 1, ""finger"": 1}]",3,,"[4, 5, 6]","[1, 3]"
,C Diminished,"Cdim guitar chord
            (C Diminished)",https://www.all-guitar-chords.com/chords/index/c/dim,"dim, °",1-b3-b5,C-Eb-Gb,1,"Press down on the B (2nd) string at the 4th fret using your ring finger | Use your pinky to press the G (3rd) string down on the 5th fret | Position your middle finger on the D (4th) string at the 4th fret and press down | With your index finger, press down on the A (5th) string at the 3rd fret | Strum from the 5th string to the 2nd strings","[{""type"": ""finger"", ""string"": 2, ""fret"": 4, ""finger"": 3}, {""type"": ""finger"", ""string"": 3, ""fret"": 5, ""finger"": 4}, {""type"": ""finger"", ""string"": 4, ""fret"": 4, ""finger"": 2}, {""type"": ""finger"", ""string"": 5, ""fret"": 3, ""finger"": 1}]",5,,[6],[1]
,C Diminished Seventh,"Cdim7 guitar chord
            (C Diminished Seventh)",https://www.all-guitar-chords.com/chords/index/c/dim7,"dim7, o7, 7dim",1-b3-b5-6,C-Eb-Gb-A,1,"Apply a barre with your index finger across the 1st fret, covering the 2nd to the 4th strings | Use your ring finger to press the G (3rd) string down on the 2nd fret | Press down on the low E (6th) string at the 2nd fret using your middle finger | Now, strum all the strings up to the 2nd string, mute the 5th string","[{""type"": ""barre"", ""fret"": 1, ""fromString"": 2, ""toString"": 4}, {""type"": ""finger"", ""string"": 3, ""fret"": 2, ""finger"": 3}, {""type"": ""finger"", ""string"": 6, ""fret"": 2, ""finger"": 2}]",,2,"[1, 5]","[2, 4]"
,C Augmented,"Caug guitar chord
            (C Augmented)",https://www.all-guitar-chords.com/chords/index/c/aug,"aug, ""+""",1-3-#5,C-E-G#,1,"Press the B (2nd) string on the 1st fret with your middle finger | Place your index finger on the G (3rd) string at the 1st fret and press down | With your ring finger, press down on the D (4th) string at the 2nd fret | Position your pinky on the A (5th) string at the 3rd fret and press down | Now, strum all the strings starting from the 5th string","[{""type"": ""finger"", ""string"": 2, ""fret"": 1, ""finger"": 2}, {""type"": ""finger"", ""string"": 3, ""fret"": 1, ""finger"": 1}, {""type"": ""finger"", ""string"": 4, ""fret"": 2, ""finger"": 3}, {""type"": ""finger"", ""string"": 5, ""fret"": 3, ""finger"": 4}]",5,,[6],[1]
,C Suspended 2nd,"Csus2 guitar chord
            (C Suspended 2nd)",https://www.all-guitar-chords.com/chords/index/c/sus2,sus2,1-2-5,C-D-G,1,"Apply a barre with your index finger across the 3rd fret, covering the 1st to the 5th strings | Position your pinky on the G (3rd) string at the 5th fret and press down | With your ring finger, press down on the D (4th) string at the 5th fret | Now, strum all the strings starting from the 5th string","[{""type"": ""barre"", ""fret"": 3, ""fromString"": 1, ""toString"": 5}, {""type"": ""finger"", ""string"": 3, ""fret"": 5, ""finger"": 4}, {""type"": ""finger"", ""string"": 4, ""fret"": 5, ""finger"": 3}]",5,,[6],"[1, 2, 5]"
,C Suspended 4th,"Csus guitar chord
            (C Suspended 4th)",https://www.all-guitar-chords.com/chords/index/c/sus4,"sus, sus4",1-4-5,C-F-G,1,Press down on the B (2nd) string at the 1st fret using your index finger | Press the D (4th) string on the 3rd fret with your pinky | Place your ring finger on the A (5th) string at the 3rd fret and press down | Strum from the 5th string to the 2nd strings,"[{""type"": ""finger"", ""string"": 2, ""fret"": 1, ""finger"": 1}, {""type"": ""finger"", ""string"": 4, ""fret"": 3, ""finger"": 4}, {""type"": ""finger"", ""string"": 5, ""fret"": 3, ""finger"": 3}]",5,,[6],"[1, 3]"
,C Major 7th,"Cmaj7 guitar chord
            (C Major 7th)",https://www.all-guitar-chords.com/chords/index/c/maj7,"maj7, M7",1-3-5-7,C-E-G-B,1,"Press down on the E (1st) string at the 3rd fret using your ring finger | With your index finger, press down on the B (2nd) string at the 1st fret | Stretch out your pinky to the 4th fret of the G (3rd) string and press down | Position your middle finger on the D (4th) string at the 2nd fret and press down | Now, strum all the strings starting from the 4th string","[{""type"": ""finger"", ""string"": 1, ""fret"": 3, ""finger"": 3}, {""type"": ""finger"", ""string"": 2, ""fret"": 1, ""finger"": 1}, {""type"": ""finger"", ""string"": 3, ""fret"": 4, ""finger"": 4}, {""type"": ""finger"", ""string"": 4, ""fret"": 2, ""finger"": 2}]",4,,"[5, 6]",[]
,C Minor 7th,"Cm7 guitar chord
            (C Minor 7th)",https://www.all-guitar-chords.com/chords/index/c/m7,"m7, min7, -7",1-b3-5-b7,C-Eb-G-Bb,1,"Barre the 1st fret with your index finger, extending over the 2nd to the 4th strings | Press the G (3rd) string on the 3rd fret with your pinky | Place your ring finger on the A (5th) string at the 3rd fret and press down | Strum from the 5th string to the 2nd strings","[{""type"": ""barre"", ""fret"": 1, ""fromString"": 2, ""toString"": 4}, {""type"": ""finger"", ""string"": 3, ""fret"": 3, ""finger"": 4}, {""type"": ""finger"", ""string"": 5, ""fret"": 3, ""finger"": 3}]",5,,[6],"[1, 2, 4]"
,C Dominant 7th Suspended 4th,"C7sus4 guitar chord
            (C Dominant 7th Suspended 4th)",https://www.all-guitar-chords.com/chords/index/c/7sus4,"7sus4, 7sus",1-4-5-b7,C-F-G-Bb,1,"Barre the 3rd fret with your index finger, extending over the 1st to the 5th strings | Stretch out your pinky to the 6th fret of the B (2nd) string and press down | Position your ring finger on the D (4th) string at the 5th fret and press down | Now, strum all the strings starting from the 5th string","[{""type"": ""barre"", ""fret"": 3, ""fromString"": 1, ""toString"": 5}, {""type"": ""finger"", ""string"": 2, ""fret"": 6, ""finger"": 4}, {""type"": ""finger"", ""string"": 4, ""fret"": 5, ""finger"": 3}]",5,,[6],"[1, 3, 5]"
,C Major 9th,"Cmaj9 guitar chord
            (C Major 9th)",https://www.all-guitar-chords.com/chords/index/c/maj9,"maj9, M9, maj7(9)",1-3-5-7-9,C-E-G-B-D,1,"Press the B (2nd) string on the 3rd fret with your ring finger | With your pinky, press down on the G (3rd) string at the 4th fret | Use your index finger to press the D (4th) string down on the 2nd fret | Place your middle finger on the A (5th) string at the 3rd fret and press down | Strum from the 5th string to the 2nd strings","[{""type"": ""finger"", ""string"": 2, ""fret"": 3, ""finger"": 3}, {""type"": ""finger"", ""string"": 3, ""fret"": 4, ""finger"": 4}, {""type"": ""finger"", ""string"": 4, ""fret"": 2, ""finger"": 1}, {""type"": ""finger"", ""string"": 5, ""fret"": 3, ""finger"": 2}]",5,,[6],[1]
,C Major 11th,"Cmaj11 guitar chord
            (C Major 11th)",https://www.all-guitar-chords.com/chords/index/c/maj11,"maj11, M11",1-3-5-7-9-11,C-E-G-B-D-F,1,"Place a barre using your index finger on the 1st fret from the 1st to the 2nd strings | Stretch out your pinky to the 4th fret of the G (3rd) string and press down | Place your middle finger on the D (4th) string at the 2nd fret and press down | Press the A (5th) string on the 3rd fret with your ring finger | Now, strum all the strings starting from the 5th string","[{""type"": ""barre"", ""fret"": 1, ""fromString"": 1, ""toString"": 2}, {""type"": ""finger"", ""string"": 3, ""fret"": 4, ""finger"": 4}, {""type"": ""finger"", ""string"": 4, ""fret"": 2, ""finger"": 2}, {""type"": ""finger"", ""string"": 5, ""fret"": 3, ""finger"": 3}]",5,,[6],"[1, 2]"
,C Major 13th,"Cmaj13 guitar chord
            (C Major 13th)",https://www.all-guitar-chords.com/chords/index/c/maj13,"maj13, M13, maj7(9,13),maj7(6/9)",1-3-5-7-9-13,C-E-G-B-D-A,1,"Apply a barre with your pinky across the 5th fret, covering the 1st to the 2nd strings | Press the G (3rd) string on the 4th fret with your middle finger | Place your index finger on the A (5th) string at the 3rd fret and press down | Now, strum all the strings starting from the 5th string, mute the 4th string","[{""type"": ""barre"", ""fret"": 5, ""fromString"": 1, ""toString"": 2}, {""type"": ""finger"", ""string"": 3, ""fret"": 4, ""finger"": 2}, {""type"": ""finger"", ""string"": 5, ""fret"": 3, ""finger"": 1}]",5,,"[4, 6]","[1, 2]"
,#11,"Cmaj9(#11) guitar chord
            (C Major 9th, Sharp 11th)",https://www.all-guitar-chords.com/chords/index/c/maj9*11,"maj9(#11), maj7(9,#11)",1-3-5-7-9-#11,C-E-G-B-D-F#,1,"Apply a barre with your index finger across the 2nd fret, covering the 1st to the 4th strings | Use your ring finger to press the B (2nd) string down on the 3rd fret | Place your pinky on the G (3rd) string at the 4th fret and press down | Press down on the A (5th) string at the 3rd fret using your middle finger | Now, strum all the strings starting from the 5th string","[{""type"": ""barre"", ""fret"": 2, ""fromString"": 1, ""toString"": 4}, {""type"": ""finger"", ""string"": 2, ""fret"": 3, ""finger"": 3}, {""type"": ""finger"", ""string"": 3, ""fret"": 4, ""finger"": 4}, {""type"": ""finger"", ""string"": 5, ""fret"": 3, ""finger"": 2}]",5,,[6],"[1, 4]"
,#11,"Cmaj13(#11) guitar chord
            (C Major 13th, Sharp 11th)",https://www.all-guitar-chords.com/chords/index/c/maj13*11,"maj13(#11), maj7(13,#11), maj9(#11,13)",1-3-5-7-9-#11-13,C-E-G-B-D-F#-A,1,"Apply a barre with your index finger across the 2nd fret, covering the 1st to the 4th strings | With your ring finger, press down on the B (2nd) string at the 3rd fret | Press the A (5th) string on the 3rd fret with your middle finger | Now, strum all the strings starting from the 5th string","[{""type"": ""barre"", ""fret"": 2, ""fromString"": 1, ""toString"": 4}, {""type"": ""finger"", ""string"": 2, ""fret"": 3, ""finger"": 3}, {""type"": ""finger"", ""string"": 5, ""fret"": 3, ""finger"": 2}]",5,,[6],"[1, 3, 4]"
,C Major Added 9th,"Cadd9 guitar chord
            (C Major Added 9th)",https://www.all-guitar-chords.com/chords/index/c/add9,add9,1-3-5-9,C-E-G-D,1,"Barre the 5th fret with your index finger, extending over the 2nd to the 4th strings | Place your ring finger on the G (3rd) string at the 7th fret and press down | Use your middle finger to press the A (5th) string down on the 7th fret | Stretch out your pinky to the 8th fret of the low E (6th) string and press down | Now, strum all the strings up to the 2nd string","[{""type"": ""barre"", ""fret"": 5, ""fromString"": 2, ""toString"": 4}, {""type"": ""finger"", ""string"": 3, ""fret"": 7, ""finger"": 3}, {""type"": ""finger"", ""string"": 5, ""fret"": 7, ""finger"": 2}, {""type"": ""finger"", ""string"": 6, ""fret"": 8, ""finger"": 4}]",,2,[1],"[2, 4]"
,"C Major 6th, Added 9th","C6add9 guitar chord
            (C Major 6th, Added 9th)",https://www.all-guitar-chords.com/chords/index/c/6add9,"6add9, add6/9, 6/9",1-3-5-6-9,C-E-G-A-D,1,"Press down on the E (1st) string at the 3rd fret using your pinky | Position your ring finger on the B (2nd) string at the 3rd fret and press down | Barre the 2nd fret with your index finger, extending over the 3rd to the 4th strings | With your middle finger, press down on the A (5th) string at the 3rd fret | Now, strum all the strings starting from the 5th string","[{""type"": ""finger"", ""string"": 1, ""fret"": 3, ""finger"": 4}, {""type"": ""finger"", ""string"": 2, ""fret"": 3, ""finger"": 3}, {""type"": ""barre"", ""fret"": 2, ""fromString"": 3, ""toString"": 4}, {""type"": ""finger"", ""string"": 5, ""fret"": 3, ""finger"": 2}]",5,,[6],"[3, 4]"
,b5,"Cmaj7(b5) guitar chord
            (C Major 7th, Flat 5th)",https://www.all-guitar-chords.com/chords/index/c/maj7b5,maj7(b5),1-3-b5-7,C-E-Gb-B,1,"Use your index finger to press the E (1st) string down on the 2nd fret | Stretch out your pinky to the 5th fret of the B (2nd) string and press down | Press the G (3rd) string on the 4th fret with your ring finger | Place your middle finger on the A (5th) string at the 3rd fret and press down | Now, strum all the strings starting from the 5th string, mute the 4th string","[{""type"": ""finger"", ""string"": 1, ""fret"": 2, ""finger"": 1}, {""type"": ""finger"", ""string"": 2, ""fret"": 5, ""finger"": 4}, {""type"": ""finger"", ""string"": 3, ""fret"": 4, ""finger"": 3}, {""type"": ""finger"", ""string"": 5, ""fret"": 3, ""finger"": 2}]",5,,"[4, 6]",[]
,#5,"Cmaj7(#5) guitar chord
            (C Major 7th, Sharp 5th)",https://www.all-guitar-chords.com/chords/index/c/maj7*5,"maj7(#5), maj7+, +7+5",1-3-#5-7,C-E-G#-B,1,"Place your ring finger on the E (1st) string at the 4th fret and press down | Press the B (2nd) string on the 5th fret with your pinky | Use your middle finger to press the G (3rd) string down on the 4th fret | Press down on the A (5th) string at the 3rd fret using your index finger | Now, strum all the strings starting from the 5th string, mute the 4th string","[{""type"": ""finger"", ""string"": 1, ""fret"": 4, ""finger"": 3}, {""type"": ""finger"", ""string"": 2, ""fret"": 5, ""finger"": 4}, {""type"": ""finger"", ""string"": 3, ""fret"": 4, ""finger"": 2}, {""type"": ""finger"", ""string"": 5, ""fret"": 3, ""finger"": 1}]",5,,"[4, 6]",[]
,C Minor 6th,"Cm6 guitar chord
            (C Minor 6th)",https://www.all-guitar-chords.com/chords/index/c/m6,"m6, min6, m(add6), -6",1-b3-5-6,C-Eb-G-A,1,"Position your pinky on the E (1st) string at the 3rd fret and press down | Apply a barre with your index finger across the 1st fret, covering the 2nd to the 4th strings | Press the G (3rd) string on the 2nd fret with your middle finger | With your ring finger, press down on the A (5th) string at the 3rd fret | Now, strum all the strings starting from the 5th string","[{""type"": ""finger"", ""string"": 1, ""fret"": 3, ""finger"": 4}, {""type"": ""barre"", ""fret"": 1, ""fromString"": 2, ""toString"": 4}, {""type"": ""finger"", ""string"": 3, ""fret"": 2, ""finger"": 2}, {""type"": ""finger"", ""string"": 5, ""fret"": 3, ""finger"": 3}]",5,,[6],"[2, 4]"
,C Minor 9th,"Cm9 guitar chord
            (C Minor 9th)",https://www.all-guitar-chords.com/chords/index/c/m9,"m9, min9, -9",1-b3-5-b7-9,C-Eb-G-Bb-D,1,"Press down on the B (2nd) string at the 3rd fret using your pinky | Position your ring finger on the G (3rd) string at the 3rd fret and press down | Press the D (4th) string on the 1st fret with your index finger | With your middle finger, press down on the A (5th) string at the 3rd fret | Strum from the 5th string to the 2nd strings","[{""type"": ""finger"", ""string"": 2, ""fret"": 3, ""finger"": 4}, {""type"": ""finger"", ""string"": 3, ""fret"": 3, ""finger"": 3}, {""type"": ""finger"", ""string"": 4, ""fret"": 1, ""finger"": 1}, {""type"": ""finger"", ""string"": 5, ""fret"": 3, ""finger"": 2}]",5,,[6],[1]
,C Minor 11th,"Cm11 guitar chord
            (C Minor 11th)",https://www.all-guitar-chords.com/chords/index/c/m11,"m11, min11, -11",1-b3-5-b7-9-11,C-Eb-G-Bb-D-F,1,"Place a barre using your index finger on the 3rd fret from the 1st to the 5th strings | Place your middle finger on the B (2nd) string at the 4th fret and press down | Now, strum all the strings starting from the 5th string","[{""type"": ""barre"", ""fret"": 3, ""fromString"": 1, ""toString"": 5}, {""type"": ""finger"", ""string"": 2, ""fret"": 4, ""finger"": 2}]",5,,[6],"[1, 3, 4, 5]"
,C Minor 13th,"Cm13 guitar chord
            (C Minor 13th)",https://www.all-guitar-chords.com/chords/index/c/m13,"m13, min13, -13",1-b3-5-b7-9-11-13,C-Eb-G-Bb-D-F-A,1,"Place your pinky on the E (1st) string at the 5th fret and press down | Press down on the B (2nd) string at the 4th fret using your middle finger | Apply a barre with your index finger across the 3rd fret, covering the 3rd to the 5th strings | Use your ring finger to press the D (4th) string down on the 5th fret | Now, strum all the strings starting from the 5th string","[{""type"": ""finger"", ""string"": 1, ""fret"": 5, ""finger"": 4}, {""type"": ""finger"", ""string"": 2, ""fret"": 4, ""finger"": 2}, {""type"": ""barre"", ""fret"": 3, ""fromString"": 3, ""toString"": 5}, {""type"": ""finger"", ""string"": 4, ""fret"": 5, ""finger"": 3}]",5,,[6],"[3, 5]"
,add9,"Cm(add9) guitar chord
            (C Minor, Added 9th)",https://www.all-guitar-chords.com/chords/index/c/madd9,"m(add9), m9(no 7th)",1-b3-5-9,C-Eb-G-D,1,"Position your pinky on the B (2nd) string at the 3rd fret and press down | Place your index finger on the D (4th) string at the 1st fret and press down | With your ring finger, press down on the A (5th) string at the 3rd fret | Strum from the 5th string to the 2nd strings","[{""type"": ""finger"", ""string"": 2, ""fret"": 3, ""finger"": 4}, {""type"": ""finger"", ""string"": 4, ""fret"": 1, ""finger"": 1}, {""type"": ""finger"", ""string"": 5, ""fret"": 3, ""finger"": 3}]",5,,[6],"[1, 3]"
,"C Minor 6yh, Added 9th","Cm6add9 guitar chord
            (C Minor 6yh, Added 9th)",https://www.all-guitar-chords.com/chords/index/c/m6add9,"m6add9, m6/9, min6/9, m(add6,9), -6/9",1-b3-5-6-9,C-Eb-G-A-D,1,Place your pinky on the B (2nd) string at the 3rd fret and press down | Press down on the G (3rd) string at the 2nd fret using your middle finger | Position your index finger on the D (4th) string at the 1st fret and press down | Use your ring finger to press the A (5th) string down on the 3rd fret | Strum from the 5th string to the 2nd strings,"[{""type"": ""finger"", ""string"": 2, ""fret"": 3, ""finger"": 4}, {""type"": ""finger"", ""string"": 3, ""fret"": 2, ""finger"": 2}, {""type"": ""finger"", ""string"": 4, ""fret"": 1, ""finger"": 1}, {""type"": ""finger"", ""string"": 5, ""fret"": 3, ""finger"": 3}]",5,,[6],[1]
,"C Minor, Major 7th","Cmmaj7 guitar chord
            (C Minor, Major 7th)",https://www.all-guitar-chords.com/chords/index/c/mmaj7,"mmaj7, min(maj7), -(maj7), mM7, m+7",1-b3-5-7,C-Eb-G-B,1,"Barre the 3rd fret with your index finger, extending over the 1st to the 5th strings | Position your ring finger on the B (2nd) string at the 4th fret and press down | With your middle finger, press down on the G (3rd) string at the 4th fret | Press down on the D (4th) string at the 5th fret using your pinky | Now, strum all the strings starting from the 5th string","[{""type"": ""barre"", ""fret"": 3, ""fromString"": 1, ""toString"": 5}, {""type"": ""finger"", ""string"": 2, ""fret"": 4, ""finger"": 3}, {""type"": ""finger"", ""string"": 3, ""fret"": 4, ""finger"": 2}, {""type"": ""finger"", ""string"": 4, ""fret"": 5, ""finger"": 4}]",5,,[6],"[1, 5]"
,"C Minor 9th, Major 7th","Cmmaj9 guitar chord
            (C Minor 9th, Major 7th)",https://www.all-guitar-chords.com/chords/index/c/mmaj9,"mmaj9, min(maj9), m9(maj7), mM9",1-b3-5-7-9,C-Eb-G-B-D,1,"Position your ring finger on the B (2nd) string at the 3rd fret and press down | Stretch out your pinky to the 4th fret of the G (3rd) string and press down | Press the D (4th) string on the 1st fret with your index finger | With your middle finger, press down on the A (5th) string at the 3rd fret | Strum from the 5th string to the 2nd strings","[{""type"": ""finger"", ""string"": 2, ""fret"": 3, ""finger"": 3}, {""type"": ""finger"", ""string"": 3, ""fret"": 4, ""finger"": 4}, {""type"": ""finger"", ""string"": 4, ""fret"": 1, ""finger"": 1}, {""type"": ""finger"", ""string"": 5, ""fret"": 3, ""finger"": 2}]",5,,[6],[1]
,C Half-diminished Minor 7,"Cm7b5 guitar chord
            (C Half-diminished Minor 7)",https://www.all-guitar-chords.com/chords/index/c/m7b5,"m7b5, m7-5, ø",1-b3-b5-b7,C-Eb-Gb-Bb,1,"Press the E (1st) string on the 2nd fret with your middle finger | Apply a barre with your index finger across the 1st fret, covering the 2nd to the 5th strings | With your ring finger, press down on the G (3rd) string at the 3rd fret | Now, strum all the strings starting from the 5th string","[{""type"": ""finger"", ""string"": 1, ""fret"": 2, ""finger"": 2}, {""type"": ""barre"", ""fret"": 1, ""fromString"": 2, ""toString"": 5}, {""type"": ""finger"", ""string"": 3, ""fret"": 3, ""finger"": 3}]",5,,[6],"[2, 4, 5]"
,"C Minor 7th, Sharp 5th","Cm7#5 guitar chord
            (C Minor 7th, Sharp 5th)",https://www.all-guitar-chords.com/chords/index/c/m7*5,"m7#5, m7+",1-b3-#5-b7,C-Eb-G#-Bb,1,"Place your pinky on the E (1st) string at the 4th fret and press down | Use your ring finger to press the B (2nd) string down on the 4th fret | Press down on the G (3rd) string at the 3rd fret using your middle finger | Position your index finger on the A (5th) string at the 3rd fret and press down | Now, strum all the strings starting from the 5th string, mute the 4th string","[{""type"": ""finger"", ""string"": 1, ""fret"": 4, ""finger"": 4}, {""type"": ""finger"", ""string"": 2, ""fret"": 4, ""finger"": 3}, {""type"": ""finger"", ""string"": 3, ""fret"": 3, ""finger"": 2}, {""type"": ""finger"", ""string"": 5, ""fret"": 3, ""finger"": 1}]",5,,"[4, 6]",[]
,C Major 6th,"C6 guitar chord
            (C Major 6th)",https://www.all-guitar-chords.com/chords/index/c/6,"6, M6, maj6, add6",1-3-5-6,C-E-G-A,1,"Press the E (1st) string on the 3rd fret with your pinky | Press down on the B (2nd) string at the 1st fret using your index finger | Place your ring finger on the G (3rd) string at the 2nd fret and press down | Use your middle finger to press the D (4th) string down on the 2nd fret | Now, strum all the strings starting from the 4th string","[{""type"": ""finger"", ""string"": 1, ""fret"": 3, ""finger"": 4}, {""type"": ""finger"", ""string"": 2, ""fret"": 1, ""finger"": 1}, {""type"": ""finger"", ""string"": 3, ""fret"": 2, ""finger"": 3}, {""type"": ""finger"", ""string"": 4, ""fret"": 2, ""finger"": 2}]",4,,"[5, 6]",[]
,C Dominant 9th,"C9 guitar chord
            (C Dominant 9th)",https://www.all-guitar-chords.com/chords/index/c/9,9,1-3-5-b7-9,C-E-G-Bb-D,1,"Apply a barre with your ring finger across the 3rd fret, covering the 1st to the 3rd strings | Position your index finger on the D (4th) string at the 2nd fret and press down | Press down on the A (5th) string at the 3rd fret using your middle finger | Now, strum all the strings starting from the 5th string","[{""type"": ""barre"", ""fret"": 3, ""fromString"": 1, ""toString"": 3}, {""type"": ""finger"", ""string"": 4, ""fret"": 2, ""finger"": 1}, {""type"": ""finger"", ""string"": 5, ""fret"": 3, ""finger"": 2}]",5,,[6],"[1, 2, 3]"
,C Dominant 11th,"C11 guitar chord
            (C Dominant 11th)",https://www.all-guitar-chords.com/chords/index/c/11,11,1-3-5-b7-9-11,C-E-G-Bb-D-F,1,"Press the E (1st) string on the 1st fret with your index finger | Press down on the B (2nd) string at the 3rd fret using your pinky | Position your ring finger on the G (3rd) string at the 3rd fret and press down | With your middle finger, press down on the A (5th) string at the 3rd fret | Now, strum all the strings starting from the 5th string, mute the 4th string","[{""type"": ""finger"", ""string"": 1, ""fret"": 1, ""finger"": 1}, {""type"": ""finger"", ""string"": 2, ""fret"": 3, ""finger"": 4}, {""type"": ""finger"", ""string"": 3, ""fret"": 3, ""finger"": 3}, {""type"": ""finger"", ""string"": 5, ""fret"": 3, ""finger"": 2}]",5,,"[4, 6]",[]
,C Dominant 13th,"C13 guitar chord
            (C Dominant 13th)",https://www.all-guitar-chords.com/chords/index/c/13,13,1-3-5-b7-9-13,C-E-G-Bb-D-A,1,"Stretch out your pinky to the 5th fret of the E (1st) string and press down | Place a barre using your ring finger on the 3rd fret from the 2nd to the 3rd strings | With your index finger, press down on the D (4th) string at the 2nd fret | Position your middle finger on the A (5th) string at the 3rd fret and press down | Now, strum all the strings starting from the 5th string","[{""type"": ""finger"", ""string"": 1, ""fret"": 5, ""finger"": 4}, {""type"": ""barre"", ""fret"": 3, ""fromString"": 2, ""toString"": 3}, {""type"": ""finger"", ""string"": 4, ""fret"": 2, ""finger"": 1}, {""type"": ""finger"", ""string"": 5, ""fret"": 3, ""finger"": 2}]",5,,[6],"[2, 3]"
,"C Dominant 7th, Flat 5th","C7b5 guitar chord
            (C Dominant 7th, Flat 5th)",https://www.all-guitar-chords.com/chords/index/c/7b5,"7b5, 7-5",1-3-b5-b7,C-E-Gb-Bb,1,"Use your index finger to press the B (2nd) string down on the 1st fret | With your pinky, press down on the G (3rd) string at the 3rd fret | Press the D (4th) string on the 2nd fret with your ring finger | Place your middle finger on the low E (6th) string at the 2nd fret and press down | Now, strum all the strings up to the 2nd string, mute the 5th string","[{""type"": ""finger"", ""string"": 2, ""fret"": 1, ""finger"": 1}, {""type"": ""finger"", ""string"": 3, ""fret"": 3, ""finger"": 4}, {""type"": ""finger"", ""string"": 4, ""fret"": 2, ""finger"": 3}, {""type"": ""finger"", ""string"": 6, ""fret"": 2, ""finger"": 2}]",,2,"[1, 5]",[]
,"C Dominant 7th, Sharp 5th","C7#5 guitar chord
            (C Dominant 7th, Sharp 5th)",https://www.all-guitar-chords.com/chords/index/c/7*5,"7#5, 7maj5, 7+5, +7",1-3-#5-b7,C-E-G#-Bb,1,Place a barre using your index finger on the 1st fret from the 2nd to the 5th strings | Place your middle finger on the D (4th) string at the 2nd fret and press down | Strum from the 5th string to the 2nd strings,"[{""type"": ""barre"", ""fret"": 1, ""fromString"": 2, ""toString"": 5}, {""type"": ""finger"", ""string"": 4, ""fret"": 2, ""finger"": 2}]",5,,[6],"[1, 2, 3, 5]"
,"C Dominant 7th, Flat 9th","C7b9 guitar chord
            (C Dominant 7th, Flat 9th)",https://www.all-guitar-chords.com/chords/index/c/7b9,"7b9, 7-9",1-3-5-b7-b9,C-E-G-Bb-Db,1,"Press down on the E (1st) string at the 3rd fret using your pinky | Barre the 2nd fret with your index finger, extending over the 2nd to the 4th strings | Position your ring finger on the G (3rd) string at the 3rd fret and press down | With your middle finger, press down on the A (5th) string at the 3rd fret | Now, strum all the strings starting from the 5th string","[{""type"": ""finger"", ""string"": 1, ""fret"": 3, ""finger"": 4}, {""type"": ""barre"", ""fret"": 2, ""fromString"": 2, ""toString"": 4}, {""type"": ""finger"", ""string"": 3, ""fret"": 3, ""finger"": 3}, {""type"": ""finger"", ""string"": 5, ""fret"": 3, ""finger"": 2}]",5,,[6],"[2, 4]"
,"C Dominant 7th, Sharp 9th","C7#9 guitar chord
            (C Dominant 7th, Sharp 9th)",https://www.all-guitar-chords.com/chords/index/c/7*9,"7#9, 7+9, 7b10",1-3-5-b7-#9,C-E-G-Bb-D#,1,"Use your pinky to press the B (2nd) string down on the 4th fret | Press down on the G (3rd) string at the 3rd fret using your ring finger | With your index finger, press down on the D (4th) string at the 2nd fret | Position your middle finger on the A (5th) string at the 3rd fret and press down | Strum from the 5th string to the 2nd strings","[{""type"": ""finger"", ""string"": 2, ""fret"": 4, ""finger"": 4}, {""type"": ""finger"", ""string"": 3, ""fret"": 3, ""finger"": 3}, {""type"": ""finger"", ""string"": 4, ""fret"": 2, ""finger"": 1}, {""type"": ""finger"", ""string"": 5, ""fret"": 3, ""finger"": 2}]",5,,[6],[1]
,"b5,b9","C7(b5,b9) guitar chord
            (C Dominant 7th, Flat 5th, Flat 9th)","https://www.all-guitar-chords.com/chords/index/c/7%28b5,b9%29","7(b5,b9), 7(-5,-9)",1-3-b5-b7-b9,C-E-Gb-Bb-Db,1,"Place a barre using your index finger on the 2nd fret from the 1st to the 4th strings | Press the G (3rd) string on the 3rd fret with your ring finger | Place your middle finger on the A (5th) string at the 3rd fret and press down | Now, strum all the strings starting from the 5th string","[{""type"": ""barre"", ""fret"": 2, ""fromString"": 1, ""toString"": 4}, {""type"": ""finger"", ""string"": 3, ""fret"": 3, ""finger"": 3}, {""type"": ""finger"", ""string"": 5, ""fret"": 3, ""finger"": 2}]",5,,[6],"[1, 2, 4]"
,"b5,#9","C7(b5,#9) guitar chord
            (C Dominant 7th, Flat 5th, Sharp 9th)","https://www.all-guitar-chords.com/chords/index/c/7%28b5,*9%29","7(b5,#9), 7(-5,+9)",1-3-b5-b7-#9,C-E-Gb-Bb-D#,1,"Barre the 2nd fret with your index finger, extending over the 1st to the 4th strings | Press down on the B (2nd) string at the 4th fret using your pinky | Position your ring finger on the G (3rd) string at the 3rd fret and press down | With your middle finger, press down on the A (5th) string at the 3rd fret | Now, strum all the strings starting from the 5th string","[{""type"": ""barre"", ""fret"": 2, ""fromString"": 1, ""toString"": 4}, {""type"": ""finger"", ""string"": 2, ""fret"": 4, ""finger"": 4}, {""type"": ""finger"", ""string"": 3, ""fret"": 3, ""finger"": 3}, {""type"": ""finger"", ""string"": 5, ""fret"": 3, ""finger"": 2}]",5,,[6],"[1, 4]"
,"#5,b9","C7(#5,b9) guitar chord
            (C Dominant 7th, Sharp 5th, Flat 9th)","https://www.all-guitar-chords.com/chords/index/c/7%28*5,b9%29","7(#5,b9), 7(+5,-9), +7b9",1-3-#5-b7-b9,C-E-G#-Bb-Db,1,"Press the E (1st) string on the 4th fret with your pinky | Barre the 2nd fret with your index finger, extending over the 2nd to the 4th strings | Place your ring finger on the G (3rd) string at the 3rd fret and press down | Use your middle finger to press the A (5th) string down on the 3rd fret | Now, strum all the strings starting from the 5th string","[{""type"": ""finger"", ""string"": 1, ""fret"": 4, ""finger"": 4}, {""type"": ""barre"", ""fret"": 2, ""fromString"": 2, ""toString"": 4}, {""type"": ""finger"", ""string"": 3, ""fret"": 3, ""finger"": 3}, {""type"": ""finger"", ""string"": 5, ""fret"": 3, ""finger"": 2}]",5,,[6],"[2, 4]"
,"#5,#9","C7(#5,#9) guitar chord
            (C Dominant 7th, Sharp 5th, Sharp 9th)","https://www.all-guitar-chords.com/chords/index/c/7%28*5,*9%29","7(#5,#9), 7(+5,+9), +7#9",1-3-#5-b7-#9,C-E-G#-Bb-D#,1,"Apply a barre with your pinky across the 4th fret, covering the 1st to the 2nd strings | With your ring finger, press down on the G (3rd) string at the 3rd fret | Place your index finger on the D (4th) string at the 2nd fret and press down | Press the A (5th) string on the 3rd fret with your middle finger | Now, strum all the strings starting from the 5th string","[{""type"": ""barre"", ""fret"": 4, ""fromString"": 1, ""toString"": 2}, {""type"": ""finger"", ""string"": 3, ""fret"": 3, ""finger"": 3}, {""type"": ""finger"", ""string"": 4, ""fret"": 2, ""finger"": 1}, {""type"": ""finger"", ""string"": 5, ""fret"": 3, ""finger"": 2}]",5,,[6],"[1, 2]"
,"C Dominat 9th, Flat 5th","C9b5 guitar chord
            (C Dominat 9th, Flat 5th)",https://www.all-guitar-chords.com/chords/index/c/9b5,"9b5, 7(b5,9), 9-5",1-3-b5-b7-9,C-E-Gb-Bb-D,1,"Place a barre using your index finger on the 2nd fret from the 1st to the 4th strings | Use your pinky to press the B (2nd) string down on the 3rd fret | Press down on the G (3rd) string at the 3rd fret using your ring finger | Position your middle finger on the A (5th) string at the 3rd fret and press down | Now, strum all the strings starting from the 5th string","[{""type"": ""barre"", ""fret"": 2, ""fromString"": 1, ""toString"": 4}, {""type"": ""finger"", ""string"": 2, ""fret"": 3, ""finger"": 4}, {""type"": ""finger"", ""string"": 3, ""fret"": 3, ""finger"": 3}, {""type"": ""finger"", ""string"": 5, ""fret"": 3, ""finger"": 2}]",5,,[6],"[1, 4]"
,"C Dominat 9th, Sharp 5th","C9#5 guitar chord
            (C Dominat 9th, Sharp 5th)",https://www.all-guitar-chords.com/chords/index/c/9*5,"9#5, 7(#5,9), 9+5, +9",1-3-#5-b7-9,C-E-G#-Bb-D,1,"With your pinky, press down on the E (1st) string at the 4th fret | Place a barre using your ring finger on the 3rd fret from the 2nd to the 3rd strings | Use your index finger to press the D (4th) string down on the 2nd fret | Place your middle finger on the A (5th) string at the 3rd fret and press down | Now, strum all the strings starting from the 5th string","[{""type"": ""finger"", ""string"": 1, ""fret"": 4, ""finger"": 4}, {""type"": ""barre"", ""fret"": 3, ""fromString"": 2, ""toString"": 3}, {""type"": ""finger"", ""string"": 4, ""fret"": 2, ""finger"": 1}, {""type"": ""finger"", ""string"": 5, ""fret"": 3, ""finger"": 2}]",5,,[6],"[2, 3]"
,"C Dominant 13th, Added Sharp 11th","C13#11 guitar chord
            (C Dominant 13th, Added Sharp 11th)",https://www.all-guitar-chords.com/chords/index/c/13*11,"13#11, 13+11, 7(9,#11,13)",1-3-5-b7-9-#11-13,C-E-G-Bb-D-F#-A,1,"Use your pinky to press the E (1st) string down on the 5th fret | Press down on the B (2nd) string at the 5th fret using your ring finger | Place a barre using your index finger on the 3rd fret from the 3rd to the 5th strings | Position your middle finger on the D (4th) string at the 4th fret and press down | Now, strum all the strings starting from the 5th string","[{""type"": ""finger"", ""string"": 1, ""fret"": 5, ""finger"": 4}, {""type"": ""finger"", ""string"": 2, ""fret"": 5, ""finger"": 3}, {""type"": ""barre"", ""fret"": 3, ""fromString"": 3, ""toString"": 5}, {""type"": ""finger"", ""string"": 4, ""fret"": 4, ""finger"": 2}]",5,,[6],"[3, 5]"
,"C Dominant 13th, Flat 9th","C13b9 guitar chord
            (C Dominant 13th, Flat 9th)",https://www.all-guitar-chords.com/chords/index/c/13b9,"13b9, 13-9, 7(b9,13)",1-3-5-b7-b9-13,C-E-G-Bb-Db-A,1,"Stretch out your pinky to the 5th fret of the E (1st) string and press down | Place a barre using your index finger on the 2nd fret from the 2nd to the 4th strings | Press the G (3rd) string on the 3rd fret with your ring finger | Place your middle finger on the A (5th) string at the 3rd fret and press down | Now, strum all the strings starting from the 5th string","[{""type"": ""finger"", ""string"": 1, ""fret"": 5, ""finger"": 4}, {""type"": ""barre"", ""fret"": 2, ""fromString"": 2, ""toString"": 4}, {""type"": ""finger"", ""string"": 3, ""fret"": 3, ""finger"": 3}, {""type"": ""finger"", ""string"": 5, ""fret"": 3, ""finger"": 2}]",5,,[6],"[2, 4]"
,"C Dominant 11th, Flat 9th","C11b9 guitar chord
            (C Dominant 11th, Flat 9th)",https://www.all-guitar-chords.com/chords/index/c/11b9,"11b9, 7sus4(b9)",1-5-b7-b9-11,C-G-Bb-Db-F,1,Position your index finger on the B (2nd) string at the 2nd fret and press down | Place your pinky on the G (3rd) string at the 3rd fret and press down | Use your ring finger to press the D (4th) string down on the 3rd fret | Press down on the A (5th) string at the 3rd fret using your middle finger | Strum from the 5th string to the 2nd strings,"[{""type"": ""finger"", ""string"": 2, ""fret"": 2, ""finger"": 1}, {""type"": ""finger"", ""string"": 3, ""fret"": 3, ""finger"": 4}, {""type"": ""finger"", ""string"": 4, ""fret"": 3, ""finger"": 3}, {""type"": ""finger"", ""string"": 5, ""fret"": 3, ""finger"": 2}]",5,,[6],[1]
,"C Suspended 2nd, Suspended 4th","Csus2sus4 guitar chord
            (C Suspended 2nd, Suspended 4th)",https://www.all-guitar-chords.com/chords/index/c/sus2sus4,sus2sus4,1-2-4-5,C-D-F-G,1,"Place a barre using your index finger on the 3rd fret from the 1st to the 5th strings | Use your pinky to press the G (3rd) string down on the 5th fret | Now, strum all the strings starting from the 5th string","[{""type"": ""barre"", ""fret"": 3, ""fromString"": 1, ""toString"": 5}, {""type"": ""finger"", ""string"": 3, ""fret"": 5, ""finger"": 4}]",5,,[6],"[1, 2, 4, 5]"
,C Major Diminished 5th,"C-5 guitar chord
            (C Major Diminished 5th)",https://www.all-guitar-chords.com/chords/index/c/-5,-5,1-3-b5,C-E-Gb,1,"Barre the 5th fret with your pinky, extending over the 2nd to the 3rd strings | With your middle finger, press down on the D (4th) string at the 4th fret | Press the A (5th) string on the 3rd fret with your index finger | Strum from the 5th string to the 2nd strings","[{""type"": ""barre"", ""fret"": 5, ""fromString"": 2, ""toString"": 3}, {""type"": ""finger"", ""string"": 4, ""fret"": 4, ""finger"": 2}, {""type"": ""finger"", ""string"": 5, ""fret"": 3, ""finger"": 1}]",5,,[6],"[1, 2, 3]"
C#/Db,Major,"C#/Db guitar chord
            (C#/Db Major)",https://www.all-guitar-chords.com/chords/index/c_sharp/major,"M, maj",1-3-5,C#-F-G#,1,"Apply a barre with your index finger across the 1st fret, covering the 1st to the 3rd strings | Press the B (2nd) string on the 2nd fret with your middle finger | With your ring finger, press down on the D (4th) string at the 3rd fret | Stretch out your pinky to the 4th fret of the A (5th) string and press down | Now, strum all the strings starting from the 5th string","[{""type"": ""barre"", ""fret"": 1, ""fromString"": 1, ""toString"": 3}, {""type"": ""finger"", ""string"": 2, ""fret"": 2, ""finger"": 2}, {""type"": ""finger"", ""string"": 4, ""fret"": 3, ""finger"": 3}, {""type"": ""finger"", ""string"": 5, ""fret"": 4, ""finger"": 4}]",5,,[6],"[1, 3]"
C#/Dbm,C#/Db Minor,"C#/Dbm guitar chord
            (C#/Db Minor)",https://www.all-guitar-chords.com/chords/index/c_sharp/minor,"m, min, -",1-b3-5,C#-E-G#,1,"Barre the 4th fret with your index finger, extending over the 1st to the 5th strings | Use your middle finger to press the B (2nd) string down on the 5th fret | Press the G (3rd) string on the 6th fret with your pinky | Place your ring finger on the D (4th) string at the 6th fret and press down | Now, strum all the strings starting from the 5th string","[{""type"": ""barre"", ""fret"": 4, ""fromString"": 1, ""toString"": 5}, {""type"": ""finger"", ""string"": 2, ""fret"": 5, ""finger"": 2}, {""type"": ""finger"", ""string"": 3, ""fret"": 6, ""finger"": 4}, {""type"": ""finger"", ""string"": 4, ""fret"": 6, ""finger"": 3}]",5,,[6],"[1, 5]"
C#/Db7,C#/Db Dominant Seventh,"C#/Db7 guitar chord
            (C#/Db Dominant Seventh)",https://www.all-guitar-chords.com/chords/index/c_sharp/7,7,1-3-5-b7,C#-F-G#-B,1,"Press the B (2nd) string on the 2nd fret with your index finger | Press down on the G (3rd) string at the 4th fret using your pinky | With your middle finger, press down on the D (4th) string at the 3rd fret | Position your ring finger on the A (5th) string at the 4th fret and press down | Strum from the 5th string to the 2nd strings","[{""type"": ""finger"", ""string"": 2, ""fret"": 2, ""finger"": 1}, {""type"": ""finger"", ""string"": 3, ""fret"": 4, ""finger"": 4}, {""type"": ""finger"", ""string"": 4, ""fret"": 3, ""finger"": 2}, {""type"": ""finger"", ""string"": 5, ""fret"": 4, ""finger"": 3}]",5,,[6],[1]
C#/Db5,"C#/Db Fifth, Power Chord","C#/Db5 guitar chord
            (C#/Db Fifth, Power Chord)",https://www.all-guitar-chords.com/chords/index/c_sharp/5,5,1-5,C#-G#,1,"Position your middle finger on the B (2nd) string at the 2nd fret and press down | With your index finger, press down on the G (3rd) string at the 1st fret | Strum from the 3rd string to the 2nd strings","[{""type"": ""finger"", ""string"": 2, ""fret"": 2, ""finger"": 2}, {""type"": ""finger"", ""string"": 3, ""fret"": 1, ""finger"": 1}]",3,,"[4, 5, 6]",[1]
C#/Dbdim,C#/Db Diminished,"C#/Dbdim guitar chord
            (C#/Db Diminished)",https://www.all-guitar-chords.com/chords/index/c_sharp/dim,"dim, °",1-b3-b5,C#-E-G,1,Use your ring finger to press the B (2nd) string down on the 5th fret | Place your pinky on the G (3rd) string at the 6th fret and press down | Press down on the D (4th) string at the 5th fret using your middle finger | Position your index finger on the A (5th) string at the 4th fret and press down | Strum from the 5th string to the 2nd strings,"[{""type"": ""finger"", ""string"": 2, ""fret"": 5, ""finger"": 3}, {""type"": ""finger"", ""string"": 3, ""fret"": 6, ""finger"": 4}, {""type"": ""finger"", ""string"": 4, ""fret"": 5, ""finger"": 2}, {""type"": ""finger"", ""string"": 5, ""fret"": 4, ""finger"": 1}]",5,,[6],[1]
C#/Dbdim7,C#/Db Diminished Seventh,"C#/Dbdim7 guitar chord
            (C#/Db Diminished Seventh)",https://www.all-guitar-chords.com/chords/index/c_sharp/dim7,"dim7, o7, 7dim",1-b3-b5-6,C#-E-G-A#,1,"Position your ring finger on the B (2nd) string at the 2nd fret and press down | With your middle finger, press down on the D (4th) string at the 2nd fret | Press the A (5th) string on the 1st fret with your index finger | Strum from the 5th string to the 2nd strings","[{""type"": ""finger"", ""string"": 2, ""fret"": 2, ""finger"": 3}, {""type"": ""finger"", ""string"": 4, ""fret"": 2, ""finger"": 2}, {""type"": ""finger"", ""string"": 5, ""fret"": 1, ""finger"": 1}]",5,,[6],"[1, 3]"
C#/Dbaug,C#/Db Augmented,"C#/Dbaug guitar chord
            (C#/Db Augmented)",https://www.all-guitar-chords.com/chords/index/c_sharp/aug,"aug, ""+""",1-3-#5,C#-F-A,1,"Position your index finger on the E (1st) string at the 1st fret and press down | Use your ring finger to press the B (2nd) string down on the 2nd fret | Press down on the G (3rd) string at the 2nd fret using your middle finger | Place your pinky on the D (4th) string at the 3rd fret and press down | Now, strum all the strings starting from the 4th string","[{""type"": ""finger"", ""string"": 1, ""fret"": 1, ""finger"": 1}, {""type"": ""finger"", ""string"": 2, ""fret"": 2, ""finger"": 3}, {""type"": ""finger"", ""string"": 3, ""fret"": 2, ""finger"": 2}, {""type"": ""finger"", ""string"": 4, ""fret"": 3, ""finger"": 4}]",4,,"[5, 6]",[]
C#/Dbsus2,C#/Db Suspended 2nd,"C#/Dbsus2 guitar chord
            (C#/Db Suspended 2nd)",https://www.all-guitar-chords.com/chords/index/c_sharp/sus2,sus2,1-2-5,C#-D#-G#,1,"Barre the 4th fret with your index finger, extending over the 1st to the 5th strings | Press down on the G (3rd) string at the 6th fret using your pinky | Position your ring finger on the D (4th) string at the 6th fret and press down | Now, strum all the strings starting from the 5th string","[{""type"": ""barre"", ""fret"": 4, ""fromString"": 1, ""toString"": 5}, {""type"": ""finger"", ""string"": 3, ""fret"": 6, ""finger"": 4}, {""type"": ""finger"", ""string"": 4, ""fret"": 6, ""finger"": 3}]",5,,[6],"[1, 2, 5]"
C#/Dbsus,C#/Db Suspended 4th,"C#/Dbsus guitar chord
            (C#/Db Suspended 4th)",https://www.all-guitar-chords.com/chords/index/c_sharp/sus4,"sus, sus4",1-4-5,C#-F#-G#,1,Place your middle finger on the B (2nd) string at the 2nd fret and press down | Use your index finger to press the G (3rd) string down on the 1st fret | Stretch out your pinky to the 4th fret of the D (4th) string and press down | Stretch out your ring finger to the 4th fret of the A (5th) string and press down | Strum from the 5th string to the 2nd strings,"[{""type"": ""finger"", ""string"": 2, ""fret"": 2, ""finger"": 2}, {""type"": ""finger"", ""string"": 3, ""fret"": 1, ""finger"": 1}, {""type"": ""finger"", ""string"": 4, ""fret"": 4, ""finger"": 4}, {""type"": ""finger"", ""string"": 5, ""fret"": 4, ""finger"": 3}]",5,,[6],[1]
C#/Dbmaj7,C#/Db Major 7th,"C#/Dbmaj7 guitar chord
            (C#/Db Major 7th)",https://www.all-guitar-chords.com/chords/index/c_sharp/maj7,"maj7, M7",1-3-5-7,C#-F-G#-C,1,"Barre the 1st fret with your index finger, extending over all the strings | Place your ring finger on the D (4th) string at the 3rd fret and press down | Stretch out your pinky to the 4th fret of the A (5th) string and press down | Now, strum all the strings","[{""type"": ""barre"", ""fret"": 1, ""fromString"": 1, ""toString"": 6}, {""type"": ""finger"", ""string"": 4, ""fret"": 3, ""finger"": 3}, {""type"": ""finger"", ""string"": 5, ""fret"": 4, ""finger"": 4}, {""type"": ""raw"", ""text"": ""Now, strum all the strings""}]",,,[],"[1, 2, 3, 6]"
C#/Dbm7,C#/Db Minor 7th,"C#/Dbm7 guitar chord
            (C#/Db Minor 7th)",https://www.all-guitar-chords.com/chords/index/c_sharp/m7,"m7, min7, -7",1-b3-5-b7,C#-E-G#-B,1,"Place a barre using your index finger on the 2nd fret from the 2nd to the 4th strings | With your pinky, press down on the G (3rd) string at the 4th fret | Press the A (5th) string on the 4th fret with your ring finger | Strum from the 5th string to the 2nd strings","[{""type"": ""barre"", ""fret"": 2, ""fromString"": 2, ""toString"": 4}, {""type"": ""finger"", ""string"": 3, ""fret"": 4, ""finger"": 4}, {""type"": ""finger"", ""string"": 5, ""fret"": 4, ""finger"": 3}]",5,,[6],"[1, 2, 4]"
C#/Db7sus4,C#/Db Dominant 7th Suspended 4th,"C#/Db7sus4 guitar chord
            (C#/Db Dominant 7th Suspended 4th)",https://www.all-guitar-chords.com/chords/index/c_sharp/7sus4,"7sus4, 7sus",1-4-5-b7,C#-F#-G#-B,1,"Place a barre using your index finger on the 4th fret from the 1st to the 5th strings | Stretch out your pinky to the 7th fret of the B (2nd) string and press down | Press down on the D (4th) string at the 6th fret using your ring finger | Now, strum all the strings starting from the 5th string","[{""type"": ""barre"", ""fret"": 4, ""fromString"": 1, ""toString"": 5}, {""type"": ""finger"", ""string"": 2, ""fret"": 7, ""finger"": 4}, {""type"": ""finger"", ""string"": 4, ""fret"": 6, ""finger"": 3}]",5,,[6],"[1, 3, 5]"
C#/Dbmaj9,C#/Db Major 9th,"C#/Dbmaj9 guitar chord
            (C#/Db Major 9th)",https://www.all-guitar-chords.com/chords/index/c_sharp/maj9,"maj9, M9, maj7(9)",1-3-5-7-9,C#-F-G#-C-D#,1,"Place a barre using your index finger on the 1st fret from the 1st to the 4th strings | Stretch out your pinky to the 4th fret of the A (5th) string and press down | Now, strum all the strings starting from the 5th string","[{""type"": ""barre"", ""fret"": 1, ""fromString"": 1, ""toString"": 4}, {""type"": ""finger"", ""string"": 5, ""fret"": 4, ""finger"": 4}]",5,,[6],"[1, 2, 3, 4]"
C#/Dbmaj11,C#/Db Major 11th,"C#/Dbmaj11 guitar chord
            (C#/Db Major 11th)",https://www.all-guitar-chords.com/chords/index/c_sharp/maj11,"maj11, M11",1-3-5-7-9-11,C#-F-G#-C-D#-F#,1,"Apply a barre with your index finger across the 2nd fret, covering the 1st to the 2nd strings | Stretch out your pinky to the 5th fret of the G (3rd) string and press down | Press the D (4th) string on the 3rd fret with your middle finger | With your ring finger, press down on the A (5th) string at the 4th fret | Now, strum all the strings starting from the 5th string","[{""type"": ""barre"", ""fret"": 2, ""fromString"": 1, ""toString"": 2}, {""type"": ""finger"", ""string"": 3, ""fret"": 5, ""finger"": 4}, {""type"": ""finger"", ""string"": 4, ""fret"": 3, ""finger"": 2}, {""type"": ""finger"", ""string"": 5, ""fret"": 4, ""finger"": 3}]",5,,[6],"[1, 2]"
C#/Dbmaj13,C#/Db Major 13th,"C#/Dbmaj13 guitar chord
            (C#/Db Major 13th)",https://www.all-guitar-chords.com/chords/index/c_sharp/maj13,"maj13, M13, maj7(9,13),maj7(6/9)",1-3-5-7-9-13,C#-F-G#-C-D#-A#,1,"Place a barre using your index finger on the 1st fret from the 1st to the 2nd strings | Press the G (3rd) string on the 3rd fret with your ring finger | Place your middle finger on the D (4th) string at the 3rd fret and press down | Stretch out your pinky to the 4th fret of the A (5th) string and press down | Now, strum all the strings starting from the 5th string","[{""type"": ""barre"", ""fret"": 1, ""fromString"": 1, ""toString"": 2}, {""type"": ""finger"", ""string"": 3, ""fret"": 3, ""finger"": 3}, {""type"": ""finger"", ""string"": 4, ""fret"": 3, ""finger"": 2}, {""type"": ""finger"", ""string"": 5, ""fret"": 4, ""finger"": 4}]",5,,[6],"[1, 2]"
C#/Dbmaj9(#11),#11,"C#/Dbmaj9(#11) guitar chord
            (C#/Db Major 9th, Sharp 11th)",https://www.all-guitar-chords.com/chords/index/c_sharp/maj9*11,"maj9(#11), maj7(9,#11)",1-3-5-7-9-#11,C#-F-G#-C-D#-G,1,"Barre the 3rd fret with your index finger, extending over the 1st to the 4th strings | Place your ring finger on the B (2nd) string at the 4th fret and press down | Press the G (3rd) string on the 5th fret with your pinky | Use your middle finger to press the A (5th) string down on the 4th fret | Now, strum all the strings starting from the 5th string","[{""type"": ""barre"", ""fret"": 3, ""fromString"": 1, ""toString"": 4}, {""type"": ""finger"", ""string"": 2, ""fret"": 4, ""finger"": 3}, {""type"": ""finger"", ""string"": 3, ""fret"": 5, ""finger"": 4}, {""type"": ""finger"", ""string"": 5, ""fret"": 4, ""finger"": 2}]",5,,[6],"[1, 4]"
C#/Dbmaj13(#11),#11,"C#/Dbmaj13(#11) guitar chord
            (C#/Db Major 13th, Sharp 11th)",https://www.all-guitar-chords.com/chords/index/c_sharp/maj13*11,"maj13(#11), maj7(13,#11), maj9(#11,13)",1-3-5-7-9-#11-13,C#-F-G#-C-D#-G-A#,1,"Barre the 3rd fret with your index finger, extending over the 1st to the 4th strings | Position your ring finger on the B (2nd) string at the 4th fret and press down | With your middle finger, press down on the A (5th) string at the 4th fret | Now, strum all the strings starting from the 5th string","[{""type"": ""barre"", ""fret"": 3, ""fromString"": 1, ""toString"": 4}, {""type"": ""finger"", ""string"": 2, ""fret"": 4, ""finger"": 3}, {""type"": ""finger"", ""string"": 5, ""fret"": 4, ""finger"": 2}]",5,,[6],"[1, 3, 4]"
C#/Dbadd9,C#/Db Major Added 9th,"C#/Dbadd9 guitar chord
            (C#/Db Major Added 9th)",https://www.all-guitar-chords.com/chords/index/c_sharp/add9,add9,1-3-5-9,C#-F-G#-D#,1,"Barre the 1st fret with your index finger, extending over the 1st to the 3rd strings | Stretch out your pinky to the 4th fret of the B (2nd) string and press down | Use your middle finger to press the D (4th) string down on the 3rd fret | Stretch out your ring finger to the 4th fret of the A (5th) string and press down | Now, strum all the strings starting from the 5th string","[{""type"": ""barre"", ""fret"": 1, ""fromString"": 1, ""toString"": 3}, {""type"": ""finger"", ""string"": 2, ""fret"": 4, ""finger"": 4}, {""type"": ""finger"", ""string"": 4, ""fret"": 3, ""finger"": 2}, {""type"": ""finger"", ""string"": 5, ""fret"": 4, ""finger"": 3}]",5,,[6],"[1, 3]"
C#/Db6add9,"C#/Db Major 6th, Added 9th","C#/Db6add9 guitar chord
            (C#/Db Major 6th, Added 9th)",https://www.all-guitar-chords.com/chords/index/c_sharp/6add9,"6add9, add6/9, 6/9",1-3-5-6-9,C#-F-G#-A#-D#,1,"Use your pinky to press the E (1st) string down on the 4th fret | Press down on the B (2nd) string at the 4th fret using your ring finger | Place a barre using your index finger on the 3rd fret from the 3rd to the 4th strings | Position your middle finger on the A (5th) string at the 4th fret and press down | Now, strum all the strings starting from the 5th string","[{""type"": ""finger"", ""string"": 1, ""fret"": 4, ""finger"": 4}, {""type"": ""finger"", ""string"": 2, ""fret"": 4, ""finger"": 3}, {""type"": ""barre"", ""fret"": 3, ""fromString"": 3, ""toString"": 4}, {""type"": ""finger"", ""string"": 5, ""fret"": 4, ""finger"": 2}]",5,,[6],"[3, 4]"
C#/Dbmaj7(b5),b5,"C#/Dbmaj7(b5) guitar chord
            (C#/Db Major 7th, Flat 5th)",https://www.all-guitar-chords.com/chords/index/c_sharp/maj7b5,maj7(b5),1-3-b5-7,C#-F-G-C,1,"Place your index finger on the E (1st) string at the 3rd fret and press down | Stretch out your pinky to the 6th fret of the B (2nd) string and press down | With your ring finger, press down on the G (3rd) string at the 5th fret | Press the A (5th) string on the 4th fret with your middle finger | Now, strum all the strings starting from the 5th string, mute the 4th string","[{""type"": ""finger"", ""string"": 1, ""fret"": 3, ""finger"": 1}, {""type"": ""finger"", ""string"": 2, ""fret"": 6, ""finger"": 4}, {""type"": ""finger"", ""string"": 3, ""fret"": 5, ""finger"": 3}, {""type"": ""finger"", ""string"": 5, ""fret"": 4, ""finger"": 2}]",5,,"[4, 6]",[]
C#/Dbmaj7(#5),#5,"C#/Dbmaj7(#5) guitar chord
            (C#/Db Major 7th, Sharp 5th)",https://www.all-guitar-chords.com/chords/index/c_sharp/maj7*5,"maj7(#5), maj7+, +7+5",1-3-#5-7,C#-F-A-C,1,"Place a barre using your index finger on the 1st fret | Position your middle finger on the G (3rd) string at the 2nd fret and press down | Press down on the D (4th) string at the 3rd fret using your ring finger | Stretch out your pinky to the 4th fret of the A (5th) string and press down | Now, strum all the strings","[{""type"": ""barre"", ""fret"": 1, ""fromString"": 1, ""toString"": 6}, {""type"": ""finger"", ""string"": 3, ""fret"": 2, ""finger"": 2}, {""type"": ""finger"", ""string"": 4, ""fret"": 3, ""finger"": 3}, {""type"": ""finger"", ""string"": 5, ""fret"": 4, ""finger"": 4}, {""type"": ""raw"", ""text"": ""Now, strum all the strings""}]",,,[],"[1, 2, 6]"
C#/Dbm6,C#/Db Minor 6th,"C#/Dbm6 guitar chord
            (C#/Db Minor 6th)",https://www.all-guitar-chords.com/chords/index/c_sharp/m6,"m6, min6, m(add6), -6",1-b3-5-6,C#-E-G#-A#,1,"Press down on the E (1st) string at the 4th fret using your pinky | Barre the 2nd fret with your index finger, extending over the 2nd to the 4th strings | With your middle finger, press down on the G (3rd) string at the 3rd fret | Position your ring finger on the A (5th) string at the 4th fret and press down | Now, strum all the strings starting from the 5th string","[{""type"": ""finger"", ""string"": 1, ""fret"": 4, ""finger"": 4}, {""type"": ""barre"", ""fret"": 2, ""fromString"": 2, ""toString"": 4}, {""type"": ""finger"", ""string"": 3, ""fret"": 3, ""finger"": 2}, {""type"": ""finger"", ""string"": 5, ""fret"": 4, ""finger"": 3}]",5,,[6],"[2, 4]"
C#/Dbm9,C#/Db Minor 9th,"C#/Dbm9 guitar chord
            (C#/Db Minor 9th)",https://www.all-guitar-chords.com/chords/index/c_sharp/m9,"m9, min9, -9",1-b3-5-b7-9,C#-E-G#-B-D#,1,"Use your pinky to press the B (2nd) string down on the 4th fret | Press down on the G (3rd) string at the 4th fret using your ring finger | With your index finger, press down on the D (4th) string at the 2nd fret | Position your middle finger on the A (5th) string at the 4th fret and press down | Strum from the 5th string to the 2nd strings","[{""type"": ""finger"", ""string"": 2, ""fret"": 4, ""finger"": 4}, {""type"": ""finger"", ""string"": 3, ""fret"": 4, ""finger"": 3}, {""type"": ""finger"", ""string"": 4, ""fret"": 2, ""finger"": 1}, {""type"": ""finger"", ""string"": 5, ""fret"": 4, ""finger"": 2}]",5,,[6],[1]
C#/Dbm11,C#/Db Minor 11th,"C#/Dbm11 guitar chord
            (C#/Db Minor 11th)",https://www.all-guitar-chords.com/chords/index/c_sharp/m11,"m11, min11, -11",1-b3-5-b7-9-11,C#-E-G#-B-D#-F#,1,"Apply a barre with your index finger across the 4th fret, covering the 1st to the 5th strings | Press the B (2nd) string on the 5th fret with your middle finger | Now, strum all the strings starting from the 5th string","[{""type"": ""barre"", ""fret"": 4, ""fromString"": 1, ""toString"": 5}, {""type"": ""finger"", ""string"": 2, ""fret"": 5, ""finger"": 2}]",5,,[6],"[1, 3, 4, 5]"
C#/Dbm13,C#/Db Minor 13th,"C#/Dbm13 guitar chord
            (C#/Db Minor 13th)",https://www.all-guitar-chords.com/chords/index/c_sharp/m13,"m13, min13, -13",1-b3-5-b7-9-11-13,C#-E-G#-B-D#-F#-A#,1,"Press the E (1st) string on the 6th fret with your pinky | Use your middle finger to press the B (2nd) string down on the 5th fret | Barre the 4th fret with your index finger, extending over the 3rd to the 5th strings | Place your ring finger on the D (4th) string at the 6th fret and press down | Now, strum all the strings starting from the 5th string","[{""type"": ""finger"", ""string"": 1, ""fret"": 6, ""finger"": 4}, {""type"": ""finger"", ""string"": 2, ""fret"": 5, ""finger"": 2}, {""type"": ""barre"", ""fret"": 4, ""fromString"": 3, ""toString"": 5}, {""type"": ""finger"", ""string"": 4, ""fret"": 6, ""finger"": 3}]",5,,[6],"[3, 5]"
C#/Dbm(add9),add9,"C#/Dbm(add9) guitar chord
            (C#/Db Minor, Added 9th)",https://www.all-guitar-chords.com/chords/index/c_sharp/madd9,"m(add9), m9(no 7th)",1-b3-5-9,C#-E-G#-D#,1,Stretch out your pinky to the 4th fret of the B (2nd) string and press down | Place your index finger on the G (3rd) string at the 1st fret and press down | Press the D (4th) string on the 2nd fret with your middle finger | Stretch out your ring finger to the 4th fret of the A (5th) string and press down | Strum from the 5th string to the 2nd strings,"[{""type"": ""finger"", ""string"": 2, ""fret"": 4, ""finger"": 4}, {""type"": ""finger"", ""string"": 3, ""fret"": 1, ""finger"": 1}, {""type"": ""finger"", ""string"": 4, ""fret"": 2, ""finger"": 2}, {""type"": ""finger"", ""string"": 5, ""fret"": 4, ""finger"": 3}]",5,,[6],[1]
C#/Dbm6add9,"C#/Db Minor 6yh, Added 9th","C#/Dbm6add9 guitar chord
            (C#/Db Minor 6yh, Added 9th)",https://www.all-guitar-chords.com/chords/index/c_sharp/m6add9,"m6add9, m6/9, min6/9, m(add6,9), -6/9",1-b3-5-6-9,C#-E-G#-A#-D#,1,Press the B (2nd) string on the 4th fret with your pinky | Use your middle finger to press the G (3rd) string down on the 3rd fret | Press down on the D (4th) string at the 2nd fret using your index finger | Place your ring finger on the A (5th) string at the 4th fret and press down | Strum from the 5th string to the 2nd strings,"[{""type"": ""finger"", ""string"": 2, ""fret"": 4, ""finger"": 4}, {""type"": ""finger"", ""string"": 3, ""fret"": 3, ""finger"": 2}, {""type"": ""finger"", ""string"": 4, ""fret"": 2, ""finger"": 1}, {""type"": ""finger"", ""string"": 5, ""fret"": 4, ""finger"": 3}]",5,,[6],[1]
C#/Dbmmaj7,"C#/Db Minor, Major 7th","C#/Dbmmaj7 guitar chord
            (C#/Db Minor, Major 7th)",https://www.all-guitar-chords.com/chords/index/c_sharp/mmaj7,"mmaj7, min(maj7), -(maj7), mM7, m+7",1-b3-5-7,C#-E-G#-C,1,"Barre the 1st fret with your index finger, extending over the 2nd to the 3rd strings | Use your middle finger to press the D (4th) string down on the 2nd fret | Stretch out your pinky to the 4th fret of the A (5th) string and press down | Strum from the 5th string to the 2nd strings","[{""type"": ""barre"", ""fret"": 1, ""fromString"": 2, ""toString"": 3}, {""type"": ""finger"", ""string"": 4, ""fret"": 2, ""finger"": 2}, {""type"": ""finger"", ""string"": 5, ""fret"": 4, ""finger"": 4}]",5,,[6],"[1, 2, 3]"
C#/Dbmmaj9,"C#/Db Minor 9th, Major 7th","C#/Dbmmaj9 guitar chord
            (C#/Db Minor 9th, Major 7th)",https://www.all-guitar-chords.com/chords/index/c_sharp/mmaj9,"mmaj9, min(maj9), m9(maj7), mM9",1-b3-5-7-9,C#-E-G#-C-D#,1,"Press down on the B (2nd) string at the 4th fret using your ring finger | Stretch out your pinky to the 5th fret of the G (3rd) string and press down | With your index finger, press down on the D (4th) string at the 2nd fret | Position your middle finger on the A (5th) string at the 4th fret and press down | Strum from the 5th string to the 2nd strings","[{""type"": ""finger"", ""string"": 2, ""fret"": 4, ""finger"": 3}, {""type"": ""finger"", ""string"": 3, ""fret"": 5, ""finger"": 4}, {""type"": ""finger"", ""string"": 4, ""fret"": 2, ""finger"": 1}, {""type"": ""finger"", ""string"": 5, ""fret"": 4, ""finger"": 2}]",5,,[6],[1]
C#/Dbm7b5,C#/Db Half-diminished Minor 7,"C#/Dbm7b5 guitar chord
            (C#/Db Half-diminished Minor 7)",https://www.all-guitar-chords.com/chords/index/c_sharp/m7b5,"m7b5, m7-5, ø",1-b3-b5-b7,C#-E-G-B,1,"Press the E (1st) string on the 3rd fret with your middle finger | Apply a barre with your index finger across the 2nd fret, covering the 2nd to the 4th strings | With your ring finger, press down on the G (3rd) string at the 4th fret | Now, strum all the strings starting from the 4th string","[{""type"": ""finger"", ""string"": 1, ""fret"": 3, ""finger"": 2}, {""type"": ""barre"", ""fret"": 2, ""fromString"": 2, ""toString"": 4}, {""type"": ""finger"", ""string"": 3, ""fret"": 4, ""finger"": 3}]",4,,"[5, 6]","[2, 4]"
C#/Dbm7#5,"C#/Db Minor 7th, Sharp 5th","C#/Dbm7#5 guitar chord
            (C#/Db Minor 7th, Sharp 5th)",https://www.all-guitar-chords.com/chords/index/c_sharp/m7*5,"m7#5, m7+",1-b3-#5-b7,C#-E-A-B,1,"Press the E (1st) string on the 5th fret with your pinky | Place your ring finger on the B (2nd) string at the 5th fret and press down | Use your middle finger to press the G (3rd) string down on the 4th fret | Press down on the A (5th) string at the 4th fret using your index finger | Now, strum all the strings starting from the 5th string, mute the 4th string","[{""type"": ""finger"", ""string"": 1, ""fret"": 5, ""finger"": 4}, {""type"": ""finger"", ""string"": 2, ""fret"": 5, ""finger"": 3}, {""type"": ""finger"", ""string"": 3, ""fret"": 4, ""finger"": 2}, {""type"": ""finger"", ""string"": 5, ""fret"": 4, ""finger"": 1}]",5,,"[4, 6]",[]
C#/Db6,C#/Db Major 6th,"C#/Db6 guitar chord
            (C#/Db Major 6th)",https://www.all-guitar-chords.com/chords/index/c_sharp/6,"6, M6, maj6, add6",1-3-5-6,C#-F-G#-A#,1,"Place a barre using your index finger on the 1st fret | Place your middle finger on the B (2nd) string at the 2nd fret and press down | Press the D (4th) string on the 3rd fret with your ring finger | To play the chord, strum all the strings","[{""type"": ""barre"", ""fret"": 1, ""fromString"": 1, ""toString"": 6}, {""type"": ""finger"", ""string"": 2, ""fret"": 2, ""finger"": 2}, {""type"": ""finger"", ""string"": 4, ""fret"": 3, ""finger"": 3}, {""type"": ""raw"", ""text"": ""To play the chord, strum all the strings""}]",,,[],"[1, 3, 5, 6]"
C#/Db9,C#/Db Dominant 9th,"C#/Db9 guitar chord
            (C#/Db Dominant 9th)",https://www.all-guitar-chords.com/chords/index/c_sharp/9,9,1-3-5-b7-9,C#-F-G#-B-D#,1,"Place a barre using your index finger on the 1st fret from the 1st to the 4th strings | Position your middle finger on the B (2nd) string at the 2nd fret and press down | Stretch out your pinky to the 4th fret of the G (3rd) string and press down | Now, strum all the strings starting from the 4th string","[{""type"": ""barre"", ""fret"": 1, ""fromString"": 1, ""toString"": 4}, {""type"": ""finger"", ""string"": 2, ""fret"": 2, ""finger"": 2}, {""type"": ""finger"", ""string"": 3, ""fret"": 4, ""finger"": 4}]",4,,"[5, 6]","[1, 4]"
C#/Db11,C#/Db Dominant 11th,"C#/Db11 guitar chord
            (C#/Db Dominant 11th)",https://www.all-guitar-chords.com/chords/index/c_sharp/11,11,1-3-5-b7-9-11,C#-F-G#-B-D#-F#,1,"With your index finger, press down on the E (1st) string at the 2nd fret | Use your pinky to press the B (2nd) string down on the 4th fret | Press down on the G (3rd) string at the 4th fret using your ring finger | Position your middle finger on the A (5th) string at the 4th fret and press down | Now, strum all the strings starting from the 5th string, mute the 4th string","[{""type"": ""finger"", ""string"": 1, ""fret"": 2, ""finger"": 1}, {""type"": ""finger"", ""string"": 2, ""fret"": 4, ""finger"": 4}, {""type"": ""finger"", ""string"": 3, ""fret"": 4, ""finger"": 3}, {""type"": ""finger"", ""string"": 5, ""fret"": 4, ""finger"": 2}]",5,,"[4, 6]",[]
C#/Db13,C#/Db Dominant 13th,"C#/Db13 guitar chord
            (C#/Db Dominant 13th)",https://www.all-guitar-chords.com/chords/index/c_sharp/13,13,1-3-5-b7-9-13,C#-F-G#-B-D#-A#,1,"Stretch out your pinky to the 6th fret of the E (1st) string and press down | Apply a barre with your ring finger across the 4th fret, covering the 2nd to the 3rd strings | Position your index finger on the D (4th) string at the 3rd fret and press down | Press down on the A (5th) string at the 4th fret using your middle finger | Now, strum all the strings starting from the 5th string","[{""type"": ""finger"", ""string"": 1, ""fret"": 6, ""finger"": 4}, {""type"": ""barre"", ""fret"": 4, ""fromString"": 2, ""toString"": 3}, {""type"": ""finger"", ""string"": 4, ""fret"": 3, ""finger"": 1}, {""type"": ""finger"", ""string"": 5, ""fret"": 4, ""finger"": 2}]",5,,[6],"[2, 3]"
C#/Db7b5,"C#/Db Dominant 7th, Flat 5th","C#/Db7b5 guitar chord
            (C#/Db Dominant 7th, Flat 5th)",https://www.all-guitar-chords.com/chords/index/c_sharp/7b5,"7b5, 7-5",1-3-b5-b7,C#-F-G-B,1,"Place your index finger on the B (2nd) string at the 2nd fret and press down | Position your pinky on the G (3rd) string at the 4th fret and press down | With your ring finger, press down on the D (4th) string at the 3rd fret | Press the low E (6th) string on the 3rd fret with your middle finger | Now, strum all the strings up to the 2nd string, mute the 5th string","[{""type"": ""finger"", ""string"": 2, ""fret"": 2, ""finger"": 1}, {""type"": ""finger"", ""string"": 3, ""fret"": 4, ""finger"": 4}, {""type"": ""finger"", ""string"": 4, ""fret"": 3, ""finger"": 3}, {""type"": ""finger"", ""string"": 6, ""fret"": 3, ""finger"": 2}]",,2,"[1, 5]",[]
C#/Db7#5,"C#/Db Dominant 7th, Sharp 5th","C#/Db7#5 guitar chord
            (C#/Db Dominant 7th, Sharp 5th)",https://www.all-guitar-chords.com/chords/index/c_sharp/7*5,"7#5, 7maj5, 7+5, +7",1-3-#5-b7,C#-F-A-B,1,"Apply a barre with your index finger across the 2nd fret, covering the 2nd to the 5th strings | Press the D (4th) string on the 3rd fret with your middle finger | Strum from the 5th string to the 2nd strings","[{""type"": ""barre"", ""fret"": 2, ""fromString"": 2, ""toString"": 5}, {""type"": ""finger"", ""string"": 4, ""fret"": 3, ""finger"": 2}]",5,,[6],"[1, 2, 3, 5]"
C#/Db7b9,"C#/Db Dominant 7th, Flat 9th","C#/Db7b9 guitar chord
            (C#/Db Dominant 7th, Flat 9th)",https://www.all-guitar-chords.com/chords/index/c_sharp/7b9,"7b9, 7-9",1-3-5-b7-b9,C#-F-G#-B-D,1,"Use your pinky to press the E (1st) string down on the 4th fret | Place a barre using your index finger on the 3rd fret from the 2nd to the 4th strings | Press down on the G (3rd) string at the 4th fret using your ring finger | Position your middle finger on the A (5th) string at the 4th fret and press down | Now, strum all the strings starting from the 5th string","[{""type"": ""finger"", ""string"": 1, ""fret"": 4, ""finger"": 4}, {""type"": ""barre"", ""fret"": 3, ""fromString"": 2, ""toString"": 4}, {""type"": ""finger"", ""string"": 3, ""fret"": 4, ""finger"": 3}, {""type"": ""finger"", ""string"": 5, ""fret"": 4, ""finger"": 2}]",5,,[6],"[2, 4]"
C#/Db7#9,"C#/Db Dominant 7th, Sharp 9th","C#/Db7#9 guitar chord
            (C#/Db Dominant 7th, Sharp 9th)",https://www.all-guitar-chords.com/chords/index/c_sharp/7*9,"7#9, 7+9, 7b10",1-3-5-b7-#9,C#-F-G#-B-E,1,Place your pinky on the B (2nd) string at the 5th fret and press down | Use your ring finger to press the G (3rd) string down on the 4th fret | Position your index finger on the D (4th) string at the 3rd fret and press down | Press down on the A (5th) string at the 4th fret using your middle finger | Strum from the 5th string to the 2nd strings,"[{""type"": ""finger"", ""string"": 2, ""fret"": 5, ""finger"": 4}, {""type"": ""finger"", ""string"": 3, ""fret"": 4, ""finger"": 3}, {""type"": ""finger"", ""string"": 4, ""fret"": 3, ""finger"": 1}, {""type"": ""finger"", ""string"": 5, ""fret"": 4, ""finger"": 2}]",5,,[6],[1]
"C#/Db7(b5,b9)","b5,b9","C#/Db7(b5,b9) guitar chord
            (C#/Db Dominant 7th, Flat 5th, Flat 9th)","https://www.all-guitar-chords.com/chords/index/c_sharp/7%28b5,b9%29","7(b5,b9), 7(-5,-9)",1-3-b5-b7-b9,C#-F-G-B-D,1,"Apply a barre with your index finger across the 3rd fret, covering the 1st to the 4th strings | With your ring finger, press down on the G (3rd) string at the 4th fret | Press the A (5th) string on the 4th fret with your middle finger | Now, strum all the strings starting from the 5th string","[{""type"": ""barre"", ""fret"": 3, ""fromString"": 1, ""toString"": 4}, {""type"": ""finger"", ""string"": 3, ""fret"": 4, ""finger"": 3}, {""type"": ""finger"", ""string"": 5, ""fret"": 4, ""finger"": 2}]",5,,[6],"[1, 2, 4]"
"C#/Db7(b5,#9)","b5,#9","C#/Db7(b5,#9) guitar chord
            (C#/Db Dominant 7th, Flat 5th, Sharp 9th)","https://www.all-guitar-chords.com/chords/index/c_sharp/7%28b5,*9%29","7(b5,#9), 7(-5,+9)",1-3-b5-b7-#9,C#-F-G-B-E,1,"Place a barre using your index finger on the 3rd fret from the 1st to the 4th strings | Use your pinky to press the B (2nd) string down on the 5th fret | Press down on the G (3rd) string at the 4th fret using your ring finger | Position your middle finger on the A (5th) string at the 4th fret and press down | Now, strum all the strings starting from the 5th string","[{""type"": ""barre"", ""fret"": 3, ""fromString"": 1, ""toString"": 4}, {""type"": ""finger"", ""string"": 2, ""fret"": 5, ""finger"": 4}, {""type"": ""finger"", ""string"": 3, ""fret"": 4, ""finger"": 3}, {""type"": ""finger"", ""string"": 5, ""fret"": 4, ""finger"": 2}]",5,,[6],"[1, 4]"
"C#/Db7(#5,b9)","#5,b9","C#/Db7(#5,b9) guitar chord
            (C#/Db Dominant 7th, Sharp 5th, Flat 9th)","https://www.all-guitar-chords.com/chords/index/c_sharp/7%28*5,b9%29","7(#5,b9), 7(+5,-9), +7b9",1-3-#5-b7-b9,C#-F-A-B-D,1,"With your pinky, press down on the E (1st) string at the 5th fret | Place a barre using your index finger on the 3rd fret from the 2nd to the 4th strings | Press the G (3rd) string on the 4th fret with your ring finger | Place your middle finger on the A (5th) string at the 4th fret and press down | Now, strum all the strings starting from the 5th string","[{""type"": ""finger"", ""string"": 1, ""fret"": 5, ""finger"": 4}, {""type"": ""barre"", ""fret"": 3, ""fromString"": 2, ""toString"": 4}, {""type"": ""finger"", ""string"": 3, ""fret"": 4, ""finger"": 3}, {""type"": ""finger"", ""string"": 5, ""fret"": 4, ""finger"": 2}]",5,,[6],"[2, 4]"
"C#/Db7(#5,#9)","#5,#9","C#/Db7(#5,#9) guitar chord
            (C#/Db Dominant 7th, Sharp 5th, Sharp 9th)","https://www.all-guitar-chords.com/chords/index/c_sharp/7%28*5,*9%29","7(#5,#9), 7(+5,+9), +7#9",1-3-#5-b7-#9,C#-F-A-B-E,1,"Barre the 5th fret with your pinky, extending over the 1st to the 2nd strings | Position your ring finger on the G (3rd) string at the 4th fret and press down | Press the D (4th) string on the 3rd fret with your index finger | With your middle finger, press down on the A (5th) string at the 4th fret | Now, strum all the strings starting from the 5th string","[{""type"": ""barre"", ""fret"": 5, ""fromString"": 1, ""toString"": 2}, {""type"": ""finger"", ""string"": 3, ""fret"": 4, ""finger"": 3}, {""type"": ""finger"", ""string"": 4, ""fret"": 3, ""finger"": 1}, {""type"": ""finger"", ""string"": 5, ""fret"": 4, ""finger"": 2}]",5,,[6],"[1, 2]"
C#/Db9b5,"C#/Db Dominat 9th, Flat 5th","C#/Db9b5 guitar chord
            (C#/Db Dominat 9th, Flat 5th)",https://www.all-guitar-chords.com/chords/index/c_sharp/9b5,"9b5, 7(b5,9), 9-5",1-3-b5-b7-9,C#-F-G-B-D#,1,"Apply a barre with your index finger across the 3rd fret, covering the 1st to the 4th strings | Place your pinky on the B (2nd) string at the 4th fret and press down | Use your ring finger to press the G (3rd) string down on the 4th fret | Press down on the A (5th) string at the 4th fret using your middle finger | Now, strum all the strings starting from the 5th string","[{""type"": ""barre"", ""fret"": 3, ""fromString"": 1, ""toString"": 4}, {""type"": ""finger"", ""string"": 2, ""fret"": 4, ""finger"": 4}, {""type"": ""finger"", ""string"": 3, ""fret"": 4, ""finger"": 3}, {""type"": ""finger"", ""string"": 5, ""fret"": 4, ""finger"": 2}]",5,,[6],"[1, 4]"
C#/Db9#5,"C#/Db Dominat 9th, Sharp 5th","C#/Db9#5 guitar chord
            (C#/Db Dominat 9th, Sharp 5th)",https://www.all-guitar-chords.com/chords/index/c_sharp/9*5,"9#5, 7(#5,9), 9+5, +9",1-3-#5-b7-9,C#-F-A-B-D#,1,"Position your pinky on the E (1st) string at the 5th fret and press down | Apply a barre with your ring finger across the 4th fret, covering the 2nd to the 3rd strings | Place your index finger on the D (4th) string at the 3rd fret and press down | Press the A (5th) string on the 4th fret with your middle finger | Now, strum all the strings starting from the 5th string","[{""type"": ""finger"", ""string"": 1, ""fret"": 5, ""finger"": 4}, {""type"": ""barre"", ""fret"": 4, ""fromString"": 2, ""toString"": 3}, {""type"": ""finger"", ""string"": 4, ""fret"": 3, ""finger"": 1}, {""type"": ""finger"", ""string"": 5, ""fret"": 4, ""finger"": 2}]",5,,[6],"[2, 3]"
C#/Db13#11,"C#/Db Dominant 13th, Added Sharp 11th","C#/Db13#11 guitar chord
            (C#/Db Dominant 13th, Added Sharp 11th)",https://www.all-guitar-chords.com/chords/index/c_sharp/13*11,"13#11, 13+11, 7(9,#11,13)",1-3-5-b7-9-#11-13,C#-F-G#-B-D#-G-A#,1,"Place your pinky on the E (1st) string at the 6th fret and press down | Use your ring finger to press the B (2nd) string down on the 6th fret | Apply a barre with your index finger across the 4th fret, covering the 3rd to the 5th strings | Press down on the D (4th) string at the 5th fret using your middle finger | Now, strum all the strings starting from the 5th string","[{""type"": ""finger"", ""string"": 1, ""fret"": 6, ""finger"": 4}, {""type"": ""finger"", ""string"": 2, ""fret"": 6, ""finger"": 3}, {""type"": ""barre"", ""fret"": 4, ""fromString"": 3, ""toString"": 5}, {""type"": ""finger"", ""string"": 4, ""fret"": 5, ""finger"": 2}]",5,,[6],"[3, 5]"
C#/Db13b9,"C#/Db Dominant 13th, Flat 9th","C#/Db13b9 guitar chord
            (C#/Db Dominant 13th, Flat 9th)",https://www.all-guitar-chords.com/chords/index/c_sharp/13b9,"13b9, 13-9, 7(b9,13)",1-3-5-b7-b9-13,C#-F-G#-B-D-A#,1,"Stretch out your pinky to the 6th fret of the E (1st) string and press down | Apply a barre with your index finger across the 3rd fret, covering the 2nd to the 4th strings | With your ring finger, press down on the G (3rd) string at the 4th fret | Press the A (5th) string on the 4th fret with your middle finger | Now, strum all the strings starting from the 5th string","[{""type"": ""finger"", ""string"": 1, ""fret"": 6, ""finger"": 4}, {""type"": ""barre"", ""fret"": 3, ""fromString"": 2, ""toString"": 4}, {""type"": ""finger"", ""string"": 3, ""fret"": 4, ""finger"": 3}, {""type"": ""finger"", ""string"": 5, ""fret"": 4, ""finger"": 2}]",5,,[6],"[2, 4]"
C#/Db11b9,"C#/Db Dominant 11th, Flat 9th","C#/Db11b9 guitar chord
            (C#/Db Dominant 11th, Flat 9th)",https://www.all-guitar-chords.com/chords/index/c_sharp/11b9,"11b9, 7sus4(b9)",1-5-b7-b9-11,C#-G#-B-D-F#,1,Press down on the B (2nd) string at the 3rd fret using your index finger | Press the G (3rd) string on the 4th fret with your pinky | Place your ring finger on the D (4th) string at the 4th fret and press down | Use your middle finger to press the A (5th) string down on the 4th fret | Strum from the 5th string to the 2nd strings,"[{""type"": ""finger"", ""string"": 2, ""fret"": 3, ""finger"": 1}, {""type"": ""finger"", ""string"": 3, ""fret"": 4, ""finger"": 4}, {""type"": ""finger"", ""string"": 4, ""fret"": 4, ""finger"": 3}, {""type"": ""finger"", ""string"": 5, ""fret"": 4, ""finger"": 2}]",5,,[6],[1]
C#/Dbsus2sus4,"C#/Db Suspended 2nd, Suspended 4th","C#/Dbsus2sus4 guitar chord
            (C#/Db Suspended 2nd, Suspended 4th)",https://www.all-guitar-chords.com/chords/index/c_sharp/sus2sus4,sus2sus4,1-2-4-5,C#-D#-F#-G#,1,"Apply a barre with your index finger across the 4th fret, covering the 1st to the 5th strings | Place your pinky on the G (3rd) string at the 6th fret and press down | Now, strum all the strings starting from the 5th string","[{""type"": ""barre"", ""fret"": 4, ""fromString"": 1, ""toString"": 5}, {""type"": ""finger"", ""string"": 3, ""fret"": 6, ""finger"": 4}]",5,,[6],"[1, 2, 4, 5]"
C#/Db-5,C#/Db Major Diminished 5th,"C#/Db-5 guitar chord
            (C#/Db Major Diminished 5th)",https://www.all-guitar-chords.com/chords/index/c_sharp/-5,-5,1-3-b5,C#-F-G,1,"Place a barre using your pinky on the 6th fret from the 2nd to the 3rd strings | Position your middle finger on the D (4th) string at the 5th fret and press down | With your index finger, press down on the A (5th) string at the 4th fret | Strum from the 5th string to the 2nd strings","[{""type"": ""barre"", ""fret"": 6, ""fromString"": 2, ""toString"": 3}, {""type"": ""finger"", ""string"": 4, ""fret"": 5, ""finger"": 2}, {""type"": ""finger"", ""string"": 5, ""fret"": 4, ""finger"": 1}]",5,,[6],"[1, 2, 3]"
D,Major,"D guitar chord
            (D Major)",https://www.all-guitar-chords.com/chords/index/d/major,"M, maj",1-3-5,D-F#-A,1,"Place your middle finger on the E (1st) string at the 2nd fret and press down | Press the B (2nd) string on the 3rd fret with your ring finger | Use your index finger to press the G (3rd) string down on the 2nd fret | Now, strum all the strings starting from the 4th string","[{""type"": ""finger"", ""string"": 1, ""fret"": 2, ""finger"": 2}, {""type"": ""finger"", ""string"": 2, ""fret"": 3, ""finger"": 3}, {""type"": ""finger"", ""string"": 3, ""fret"": 2, ""finger"": 1}]",4,,"[5, 6]",[4]
,D Minor,"Dm guitar chord
            (D Minor)",https://www.all-guitar-chords.com/chords/index/d/minor,"m, min, -",1-b3-5,D-F-A,1,"Press down on the E (1st) string at the 1st fret using your index finger | Place your ring finger on the B (2nd) string at the 3rd fret and press down | Use your middle finger to press the G (3rd) string down on the 2nd fret | Now, strum all the strings starting from the 4th string","[{""type"": ""finger"", ""string"": 1, ""fret"": 1, ""finger"": 1}, {""type"": ""finger"", ""string"": 2, ""fret"": 3, ""finger"": 3}, {""type"": ""finger"", ""string"": 3, ""fret"": 2, ""finger"": 2}]",4,,"[5, 6]",[4]
,D Dominant Seventh,"D7 guitar chord
            (D Dominant Seventh)",https://www.all-guitar-chords.com/chords/index/d/7,7,1-3-5-b7,D-F#-A-C,1,"Press down on the E (1st) string at the 2nd fret using your ring finger | With your index finger, press down on the B (2nd) string at the 1st fret | Position your middle finger on the G (3rd) string at the 2nd fret and press down | Now, strum all the strings starting from the 4th string","[{""type"": ""finger"", ""string"": 1, ""fret"": 2, ""finger"": 3}, {""type"": ""finger"", ""string"": 2, ""fret"": 1, ""finger"": 1}, {""type"": ""finger"", ""string"": 3, ""fret"": 2, ""finger"": 2}]",4,,"[5, 6]",[4]
,"D Fifth, Power Chord","D5 guitar chord
            (D Fifth, Power Chord)",https://www.all-guitar-chords.com/chords/index/d/5,5,1-5,D-A,1,Press down on the B (2nd) string at the 3rd fret using your middle finger | Position your index finger on the G (3rd) string at the 2nd fret and press down | Strum from the 4th string to the 2nd strings,"[{""type"": ""finger"", ""string"": 2, ""fret"": 3, ""finger"": 2}, {""type"": ""finger"", ""string"": 3, ""fret"": 2, ""finger"": 1}]",4,,"[5, 6]","[1, 4]"
,D Diminished,"Ddim guitar chord
            (D Diminished)",https://www.all-guitar-chords.com/chords/index/d/dim,"dim, °",1-b3-b5,D-F-Ab,1,Place your ring finger on the B (2nd) string at the 6th fret and press down | Press the G (3rd) string on the 7th fret with your pinky | Use your middle finger to press the D (4th) string down on the 6th fret | Press down on the A (5th) string at the 5th fret using your index finger | Strum from the 5th string to the 2nd strings,"[{""type"": ""finger"", ""string"": 2, ""fret"": 6, ""finger"": 3}, {""type"": ""finger"", ""string"": 3, ""fret"": 7, ""finger"": 4}, {""type"": ""finger"", ""string"": 4, ""fret"": 6, ""finger"": 2}, {""type"": ""finger"", ""string"": 5, ""fret"": 5, ""finger"": 1}]",5,,[6],[1]
,D Diminished Seventh,"Ddim7 guitar chord
            (D Diminished Seventh)",https://www.all-guitar-chords.com/chords/index/d/dim7,"dim7, o7, 7dim",1-b3-b5-6,D-F-Ab-B,1,"Press the E (1st) string on the 1st fret with your middle finger | Place your index finger on the G (3rd) string at the 1st fret and press down | Now, strum all the strings starting from the 4th string","[{""type"": ""finger"", ""string"": 1, ""fret"": 1, ""finger"": 2}, {""type"": ""finger"", ""string"": 3, ""fret"": 1, ""finger"": 1}]",4,,"[5, 6]","[2, 4]"
,D Augmented,"Daug guitar chord
            (D Augmented)",https://www.all-guitar-chords.com/chords/index/d/aug,"aug, ""+""",1-3-#5,D-F#-A#,1,"Use your index finger to press the E (1st) string down on the 2nd fret | Press the B (2nd) string on the 3rd fret with your ring finger | Place your middle finger on the G (3rd) string at the 3rd fret and press down | Now, strum all the strings starting from the 4th string","[{""type"": ""finger"", ""string"": 1, ""fret"": 2, ""finger"": 1}, {""type"": ""finger"", ""string"": 2, ""fret"": 3, ""finger"": 3}, {""type"": ""finger"", ""string"": 3, ""fret"": 3, ""finger"": 2}]",4,,"[5, 6]",[4]
,D Suspended 2nd,"Dsus2 guitar chord
            (D Suspended 2nd)",https://www.all-guitar-chords.com/chords/index/d/sus2,sus2,1-2-5,D-E-A,1,"With your middle finger, press down on the B (2nd) string at the 3rd fret | Press the G (3rd) string on the 2nd fret with your index finger | Now, strum all the strings starting from the 4th string","[{""type"": ""finger"", ""string"": 2, ""fret"": 3, ""finger"": 2}, {""type"": ""finger"", ""string"": 3, ""fret"": 2, ""finger"": 1}]",4,,"[5, 6]","[1, 4]"
,D Suspended 4th,"Dsus guitar chord
            (D Suspended 4th)",https://www.all-guitar-chords.com/chords/index/d/sus4,"sus, sus4",1-4-5,D-G-A,1,"Place your ring finger on the E (1st) string at the 3rd fret and press down | Use your middle finger to press the B (2nd) string down on the 3rd fret | Press down on the G (3rd) string at the 2nd fret using your index finger | Now, strum all the strings starting from the 4th string","[{""type"": ""finger"", ""string"": 1, ""fret"": 3, ""finger"": 3}, {""type"": ""finger"", ""string"": 2, ""fret"": 3, ""finger"": 2}, {""type"": ""finger"", ""string"": 3, ""fret"": 2, ""finger"": 1}]",4,,"[5, 6]",[4]
,D Major 7th,"Dmaj7 guitar chord
            (D Major 7th)",https://www.all-guitar-chords.com/chords/index/d/maj7,"maj7, M7",1-3-5-7,D-F#-A-C#,1,"Apply a barre with your index finger across the 2nd fret, covering the 1st to the 3rd strings | Now, strum all the strings starting from the 4th string","[{""type"": ""barre"", ""fret"": 2, ""fromString"": 1, ""toString"": 3}]",4,,"[5, 6]","[1, 2, 3, 4]"
,D Minor 7th,"Dm7 guitar chord
            (D Minor 7th)",https://www.all-guitar-chords.com/chords/index/d/m7,"m7, min7, -7",1-b3-5-b7,D-F-A-C,1,"Press down on the E (1st) string at the 1st fret using your middle finger | Position your index finger on the B (2nd) string at the 1st fret and press down | Use your ring finger to press the G (3rd) string down on the 2nd fret | Now, strum all the strings starting from the 4th string","[{""type"": ""finger"", ""string"": 1, ""fret"": 1, ""finger"": 2}, {""type"": ""finger"", ""string"": 2, ""fret"": 1, ""finger"": 1}, {""type"": ""finger"", ""string"": 3, ""fret"": 2, ""finger"": 3}]",4,,"[5, 6]",[4]
,D Dominant 7th Suspended 4th,"D7sus4 guitar chord
            (D Dominant 7th Suspended 4th)",https://www.all-guitar-chords.com/chords/index/d/7sus4,"7sus4, 7sus",1-4-5-b7,D-G-A-C,1,"Position your pinky on the E (1st) string at the 3rd fret and press down | Place your index finger on the B (2nd) string at the 1st fret and press down | Press the G (3rd) string on the 2nd fret with your middle finger | Now, strum all the strings starting from the 4th string","[{""type"": ""finger"", ""string"": 1, ""fret"": 3, ""finger"": 4}, {""type"": ""finger"", ""string"": 2, ""fret"": 1, ""finger"": 1}, {""type"": ""finger"", ""string"": 3, ""fret"": 2, ""finger"": 2}]",4,,"[5, 6]",[4]
,D Major 9th,"Dmaj9 guitar chord
            (D Major 9th)",https://www.all-guitar-chords.com/chords/index/d/maj9,"maj9, M9, maj7(9)",1-3-5-7-9,D-F#-A-C#-E,1,"Use your ring finger to press the B (2nd) string down on the 2nd fret | Press down on the G (3rd) string at the 2nd fret using your middle finger | Now, strum all the strings starting from the 4th string","[{""type"": ""finger"", ""string"": 2, ""fret"": 2, ""finger"": 3}, {""type"": ""finger"", ""string"": 3, ""fret"": 2, ""finger"": 2}]",4,,"[5, 6]","[1, 4]"
,D Major 11th,"Dmaj11 guitar chord
            (D Major 11th)",https://www.all-guitar-chords.com/chords/index/d/maj11,"maj11, M11",1-3-5-7-9-11,D-F#-A-C#-E-G,1,"Barre the 3rd fret with your index finger, extending over the 1st to the 2nd strings | Stretch out your pinky to the 6th fret of the G (3rd) string and press down | With your middle finger, press down on the D (4th) string at the 4th fret | Position your ring finger on the A (5th) string at the 5th fret and press down | Now, strum all the strings starting from the 5th string","[{""type"": ""barre"", ""fret"": 3, ""fromString"": 1, ""toString"": 2}, {""type"": ""finger"", ""string"": 3, ""fret"": 6, ""finger"": 4}, {""type"": ""finger"", ""string"": 4, ""fret"": 4, ""finger"": 2}, {""type"": ""finger"", ""string"": 5, ""fret"": 5, ""finger"": 3}]",5,,[6],"[1, 2]"
,D Major 13th,"Dmaj13 guitar chord
            (D Major 13th)",https://www.all-guitar-chords.com/chords/index/d/maj13,"maj13, M13, maj7(9,13),maj7(6/9)",1-3-5-7-9-13,D-F#-A-C#-E-B,1,"Apply a barre with your index finger across the 2nd fret, covering the 1st to the 2nd strings | With your ring finger, press down on the G (3rd) string at the 4th fret | Press the D (4th) string on the 4th fret with your middle finger | Stretch out your pinky to the 5th fret of the A (5th) string and press down | Now, strum all the strings starting from the 5th string","[{""type"": ""barre"", ""fret"": 2, ""fromString"": 1, ""toString"": 2}, {""type"": ""finger"", ""string"": 3, ""fret"": 4, ""finger"": 3}, {""type"": ""finger"", ""string"": 4, ""fret"": 4, ""finger"": 2}, {""type"": ""finger"", ""string"": 5, ""fret"": 5, ""finger"": 4}]",5,,[6],"[1, 2]"
,#11,"Dmaj9(#11) guitar chord
            (D Major 9th, Sharp 11th)",https://www.all-guitar-chords.com/chords/index/d/maj9*11,"maj9(#11), maj7(9,#11)",1-3-5-7-9-#11,D-F#-A-C#-E-G#,1,"Place a barre using your index finger on the 4th fret from the 1st to the 4th strings | Press the B (2nd) string on the 5th fret with your ring finger | With your pinky, press down on the G (3rd) string at the 6th fret | Place your middle finger on the A (5th) string at the 5th fret and press down | Now, strum all the strings starting from the 5th string","[{""type"": ""barre"", ""fret"": 4, ""fromString"": 1, ""toString"": 4}, {""type"": ""finger"", ""string"": 2, ""fret"": 5, ""finger"": 3}, {""type"": ""finger"", ""string"": 3, ""fret"": 6, ""finger"": 4}, {""type"": ""finger"", ""string"": 5, ""fret"": 5, ""finger"": 2}]",5,,[6],"[1, 4]"
,#11,"Dmaj13(#11) guitar chord
            (D Major 13th, Sharp 11th)",https://www.all-guitar-chords.com/chords/index/d/maj13*11,"maj13(#11), maj7(13,#11), maj9(#11,13)",1-3-5-7-9-#11-13,D-F#-A-C#-E-G#-B,1,"Place a barre using your index finger on the 4th fret from the 1st to the 4th strings | Press down on the B (2nd) string at the 5th fret using your ring finger | Position your middle finger on the A (5th) string at the 5th fret and press down | Now, strum all the strings starting from the 5th string","[{""type"": ""barre"", ""fret"": 4, ""fromString"": 1, ""toString"": 4}, {""type"": ""finger"", ""string"": 2, ""fret"": 5, ""finger"": 3}, {""type"": ""finger"", ""string"": 5, ""fret"": 5, ""finger"": 2}]",5,,[6],"[1, 3, 4]"
,D Major Added 9th,"Dadd9 guitar chord
            (D Major Added 9th)",https://www.all-guitar-chords.com/chords/index/d/add9,add9,1-3-5-9,D-F#-A-E,1,"Place a barre using your index finger on the 2nd fret from the 1st to the 3rd strings | Stretch out your pinky to the 5th fret of the B (2nd) string and press down | Place your middle finger on the D (4th) string at the 4th fret and press down | Stretch out your ring finger to the 5th fret of the A (5th) string and press down | Now, strum all the strings starting from the 5th string","[{""type"": ""barre"", ""fret"": 2, ""fromString"": 1, ""toString"": 3}, {""type"": ""finger"", ""string"": 2, ""fret"": 5, ""finger"": 4}, {""type"": ""finger"", ""string"": 4, ""fret"": 4, ""finger"": 2}, {""type"": ""finger"", ""string"": 5, ""fret"": 5, ""finger"": 3}]",5,,[6],"[1, 3]"
,"D Major 6th, Added 9th","D6add9 guitar chord
            (D Major 6th, Added 9th)",https://www.all-guitar-chords.com/chords/index/d/6add9,"6add9, add6/9, 6/9",1-3-5-6-9,D-F#-A-B-E,1,"Place your pinky on the E (1st) string at the 5th fret and press down | Use your ring finger to press the B (2nd) string down on the 5th fret | Apply a barre with your index finger across the 4th fret, covering the 3rd to the 4th strings | Press down on the A (5th) string at the 5th fret using your middle finger | Now, strum all the strings starting from the 5th string","[{""type"": ""finger"", ""string"": 1, ""fret"": 5, ""finger"": 4}, {""type"": ""finger"", ""string"": 2, ""fret"": 5, ""finger"": 3}, {""type"": ""barre"", ""fret"": 4, ""fromString"": 3, ""toString"": 4}, {""type"": ""finger"", ""string"": 5, ""fret"": 5, ""finger"": 2}]",5,,[6],"[3, 4]"
,b5,"Dmaj7(b5) guitar chord
            (D Major 7th, Flat 5th)",https://www.all-guitar-chords.com/chords/index/d/maj7b5,maj7(b5),1-3-b5-7,D-F#-Ab-C#,1,"Use your ring finger to press the E (1st) string down on the 2nd fret | Press down on the B (2nd) string at the 2nd fret using your middle finger | Position your index finger on the G (3rd) string at the 1st fret and press down | Now, strum all the strings starting from the 4th string","[{""type"": ""finger"", ""string"": 1, ""fret"": 2, ""finger"": 3}, {""type"": ""finger"", ""string"": 2, ""fret"": 2, ""finger"": 2}, {""type"": ""finger"", ""string"": 3, ""fret"": 1, ""finger"": 1}]",4,,"[5, 6]",[4]
,#5,"Dmaj7(#5) guitar chord
            (D Major 7th, Sharp 5th)",https://www.all-guitar-chords.com/chords/index/d/maj7*5,"maj7(#5), maj7+, +7+5",1-3-#5-7,D-F#-A#-C#,1,"Apply a barre with your index finger across the 2nd fret, covering all the strings | Press down on the G (3rd) string at the 3rd fret using your middle finger | Use your ring finger to press the D (4th) string down on the 4th fret | Stretch out your pinky to the 5th fret of the A (5th) string and press down | To play the chord, strum all the strings","[{""type"": ""barre"", ""fret"": 2, ""fromString"": 1, ""toString"": 6}, {""type"": ""finger"", ""string"": 3, ""fret"": 3, ""finger"": 2}, {""type"": ""finger"", ""string"": 4, ""fret"": 4, ""finger"": 3}, {""type"": ""finger"", ""string"": 5, ""fret"": 5, ""finger"": 4}, {""type"": ""raw"", ""text"": ""To play the chord, strum all the strings""}]",,,[],"[1, 2, 6]"
,D Minor 6th,"Dm6 guitar chord
            (D Minor 6th)",https://www.all-guitar-chords.com/chords/index/d/m6,"m6, min6, m(add6), -6",1-b3-5-6,D-F-A-B,1,"Press the E (1st) string on the 1st fret with your index finger | With your middle finger, press down on the G (3rd) string at the 2nd fret | Now, strum all the strings starting from the 4th string","[{""type"": ""finger"", ""string"": 1, ""fret"": 1, ""finger"": 1}, {""type"": ""finger"", ""string"": 3, ""fret"": 2, ""finger"": 2}]",4,,"[5, 6]","[2, 4]"
,D Minor 9th,"Dm9 guitar chord
            (D Minor 9th)",https://www.all-guitar-chords.com/chords/index/d/m9,"m9, min9, -9",1-b3-5-b7-9,D-F-A-C-E,1,Place your pinky on the B (2nd) string at the 5th fret and press down | Use your ring finger to press the G (3rd) string down on the 5th fret | Position your index finger on the D (4th) string at the 3rd fret and press down | Press down on the A (5th) string at the 5th fret using your middle finger | Strum from the 5th string to the 2nd strings,"[{""type"": ""finger"", ""string"": 2, ""fret"": 5, ""finger"": 4}, {""type"": ""finger"", ""string"": 3, ""fret"": 5, ""finger"": 3}, {""type"": ""finger"", ""string"": 4, ""fret"": 3, ""finger"": 1}, {""type"": ""finger"", ""string"": 5, ""fret"": 5, ""finger"": 2}]",5,,[6],[1]
,D Minor 11th,"Dm11 guitar chord
            (D Minor 11th)",https://www.all-guitar-chords.com/chords/index/d/m11,"m11, min11, -11",1-b3-5-b7-9-11,D-F-A-C-E-G,1,"Press down on the E (1st) string at the 1st fret using your ring finger | Position your middle finger on the B (2nd) string at the 1st fret and press down | Now, strum all the strings starting from the 4th string","[{""type"": ""finger"", ""string"": 1, ""fret"": 1, ""finger"": 3}, {""type"": ""finger"", ""string"": 2, ""fret"": 1, ""finger"": 2}]",4,,"[5, 6]","[3, 4]"
,D Minor 13th,"Dm13 guitar chord
            (D Minor 13th)",https://www.all-guitar-chords.com/chords/index/d/m13,"m13, min13, -13",1-b3-5-b7-9-11-13,D-F-A-C-E-G-B,1,"With your pinky, press down on the E (1st) string at the 7th fret | Place your middle finger on the B (2nd) string at the 6th fret and press down | Place a barre using your index finger on the 5th fret from the 3rd to the 5th strings | Press the D (4th) string on the 7th fret with your ring finger | Now, strum all the strings starting from the 5th string","[{""type"": ""finger"", ""string"": 1, ""fret"": 7, ""finger"": 4}, {""type"": ""finger"", ""string"": 2, ""fret"": 6, ""finger"": 2}, {""type"": ""barre"", ""fret"": 5, ""fromString"": 3, ""toString"": 5}, {""type"": ""finger"", ""string"": 4, ""fret"": 7, ""finger"": 3}]",5,,[6],"[3, 5]"
,add9,"Dm(add9) guitar chord
            (D Minor, Added 9th)",https://www.all-guitar-chords.com/chords/index/d/madd9,"m(add9), m9(no 7th)",1-b3-5-9,D-F-A-E,1,"Stretch out your pinky to the 5th fret of the B (2nd) string and press down | Press the G (3rd) string on the 2nd fret with your index finger | With your middle finger, press down on the D (4th) string at the 3rd fret | Stretch out your ring finger to the 5th fret of the A (5th) string and press down | Strum from the 5th string to the 2nd strings","[{""type"": ""finger"", ""string"": 2, ""fret"": 5, ""finger"": 4}, {""type"": ""finger"", ""string"": 3, ""fret"": 2, ""finger"": 1}, {""type"": ""finger"", ""string"": 4, ""fret"": 3, ""finger"": 2}, {""type"": ""finger"", ""string"": 5, ""fret"": 5, ""finger"": 3}]",5,,[6],[1]
,"D Minor 6yh, Added 9th","Dm6add9 guitar chord
            (D Minor 6yh, Added 9th)",https://www.all-guitar-chords.com/chords/index/d/m6add9,"m6add9, m6/9, min6/9, m(add6,9), -6/9",1-b3-5-6-9,D-F-A-B-E,1,"With your pinky, press down on the B (2nd) string at the 5th fret | Place your middle finger on the G (3rd) string at the 4th fret and press down | Use your index finger to press the D (4th) string down on the 3rd fret | Press the A (5th) string on the 5th fret with your ring finger | Strum from the 5th string to the 2nd strings","[{""type"": ""finger"", ""string"": 2, ""fret"": 5, ""finger"": 4}, {""type"": ""finger"", ""string"": 3, ""fret"": 4, ""finger"": 2}, {""type"": ""finger"", ""string"": 4, ""fret"": 3, ""finger"": 1}, {""type"": ""finger"", ""string"": 5, ""fret"": 5, ""finger"": 3}]",5,,[6],[1]
,"D Minor, Major 7th","Dmmaj7 guitar chord
            (D Minor, Major 7th)",https://www.all-guitar-chords.com/chords/index/d/mmaj7,"mmaj7, min(maj7), -(maj7), mM7, m+7",1-b3-5-7,D-F-A-C#,1,"With your index finger, press down on the E (1st) string at the 1st fret | Press down on the B (2nd) string at the 2nd fret using your ring finger | Position your middle finger on the G (3rd) string at the 2nd fret and press down | Now, strum all the strings starting from the 4th string","[{""type"": ""finger"", ""string"": 1, ""fret"": 1, ""finger"": 1}, {""type"": ""finger"", ""string"": 2, ""fret"": 2, ""finger"": 3}, {""type"": ""finger"", ""string"": 3, ""fret"": 2, ""finger"": 2}]",4,,"[5, 6]",[4]
,"D Minor 9th, Major 7th","Dmmaj9 guitar chord
            (D Minor 9th, Major 7th)",https://www.all-guitar-chords.com/chords/index/d/mmaj9,"mmaj9, min(maj9), m9(maj7), mM9",1-b3-5-7-9,D-F-A-C#-E,1,Use your ring finger to press the B (2nd) string down on the 5th fret | Stretch out your pinky to the 6th fret of the G (3rd) string and press down | Position your index finger on the D (4th) string at the 3rd fret and press down | Press down on the A (5th) string at the 5th fret using your middle finger | Strum from the 5th string to the 2nd strings,"[{""type"": ""finger"", ""string"": 2, ""fret"": 5, ""finger"": 3}, {""type"": ""finger"", ""string"": 3, ""fret"": 6, ""finger"": 4}, {""type"": ""finger"", ""string"": 4, ""fret"": 3, ""finger"": 1}, {""type"": ""finger"", ""string"": 5, ""fret"": 5, ""finger"": 2}]",5,,[6],[1]
,D Half-diminished Minor 7,"Dm7b5 guitar chord
            (D Half-diminished Minor 7)",https://www.all-guitar-chords.com/chords/index/d/m7b5,"m7b5, m7-5, ø",1-b3-b5-b7,D-F-Ab-C,1,"Place a barre using your index finger on the 1st fret from the 1st to the 3rd strings | Now, strum all the strings starting from the 4th string","[{""type"": ""barre"", ""fret"": 1, ""fromString"": 1, ""toString"": 3}]",4,,"[5, 6]","[1, 2, 3, 4]"
,"D Minor 7th, Sharp 5th","Dm7#5 guitar chord
            (D Minor 7th, Sharp 5th)",https://www.all-guitar-chords.com/chords/index/d/m7*5,"m7#5, m7+",1-b3-#5-b7,D-F-A#-C,1,"With your pinky, press down on the E (1st) string at the 6th fret | Press the B (2nd) string on the 6th fret with your ring finger | Place your middle finger on the G (3rd) string at the 5th fret and press down | Use your index finger to press the A (5th) string down on the 5th fret | Now, strum all the strings starting from the 5th string, mute the 4th string","[{""type"": ""finger"", ""string"": 1, ""fret"": 6, ""finger"": 4}, {""type"": ""finger"", ""string"": 2, ""fret"": 6, ""finger"": 3}, {""type"": ""finger"", ""string"": 3, ""fret"": 5, ""finger"": 2}, {""type"": ""finger"", ""string"": 5, ""fret"": 5, ""finger"": 1}]",5,,"[4, 6]",[]
,D Major 6th,"D6 guitar chord
            (D Major 6th)",https://www.all-guitar-chords.com/chords/index/d/6,"6, M6, maj6, add6",1-3-5-6,D-F#-A-B,1,"Position your middle finger on the E (1st) string at the 2nd fret and press down | With your index finger, press down on the G (3rd) string at the 2nd fret | Now, strum all the strings starting from the 4th string","[{""type"": ""finger"", ""string"": 1, ""fret"": 2, ""finger"": 2}, {""type"": ""finger"", ""string"": 3, ""fret"": 2, ""finger"": 1}]",4,,"[5, 6]","[2, 4]"
,D Dominant 9th,"D9 guitar chord
            (D Dominant 9th)",https://www.all-guitar-chords.com/chords/index/d/9,9,1-3-5-b7-9,D-F#-A-C-E,1,"Press down on the E (1st) string at the 2nd fret using your ring finger | With your index finger, press down on the B (2nd) string at the 1st fret | Position your middle finger on the G (3rd) string at the 2nd fret and press down | Now, strum all the strings","[{""type"": ""finger"", ""string"": 1, ""fret"": 2, ""finger"": 3}, {""type"": ""finger"", ""string"": 2, ""fret"": 1, ""finger"": 1}, {""type"": ""finger"", ""string"": 3, ""fret"": 2, ""finger"": 2}, {""type"": ""raw"", ""text"": ""Now, strum all the strings""}]",,,[],"[4, 5, 6]"
,D Dominant 11th,"D11 guitar chord
            (D Dominant 11th)",https://www.all-guitar-chords.com/chords/index/d/11,11,1-3-5-b7-9-11,D-F#-A-C-E-G,1,"Position your index finger on the E (1st) string at the 3rd fret and press down | Place your pinky on the B (2nd) string at the 5th fret and press down | Use your ring finger to press the G (3rd) string down on the 5th fret | Press down on the A (5th) string at the 5th fret using your middle finger | Now, strum all the strings starting from the 5th string, mute the 4th string","[{""type"": ""finger"", ""string"": 1, ""fret"": 3, ""finger"": 1}, {""type"": ""finger"", ""string"": 2, ""fret"": 5, ""finger"": 4}, {""type"": ""finger"", ""string"": 3, ""fret"": 5, ""finger"": 3}, {""type"": ""finger"", ""string"": 5, ""fret"": 5, ""finger"": 2}]",5,,"[4, 6]",[]
,D Dominant 13th,"D13 guitar chord
            (D Dominant 13th)",https://www.all-guitar-chords.com/chords/index/d/13,13,1-3-5-b7-9-13,D-F#-A-C-E-B,1,"Stretch out your pinky to the 7th fret of the E (1st) string and press down | Barre the 5th fret with your ring finger, extending over the 2nd to the 3rd strings | Press down on the D (4th) string at the 4th fret using your index finger | Use your middle finger to press the A (5th) string down on the 5th fret | Now, strum all the strings starting from the 5th string","[{""type"": ""finger"", ""string"": 1, ""fret"": 7, ""finger"": 4}, {""type"": ""barre"", ""fret"": 5, ""fromString"": 2, ""toString"": 3}, {""type"": ""finger"", ""string"": 4, ""fret"": 4, ""finger"": 1}, {""type"": ""finger"", ""string"": 5, ""fret"": 5, ""finger"": 2}]",5,,[6],"[2, 3]"
,"D Dominant 7th, Flat 5th","D7b5 guitar chord
            (D Dominant 7th, Flat 5th)",https://www.all-guitar-chords.com/chords/index/d/7b5,"7b5, 7-5",1-3-b5-b7,D-F#-Ab-C,1,"Press down on the E (1st) string at the 2nd fret using your pinky | With your middle finger, press down on the B (2nd) string at the 1st fret | Press the G (3rd) string on the 1st fret with your index finger | Now, strum all the strings starting from the 4th string","[{""type"": ""finger"", ""string"": 1, ""fret"": 2, ""finger"": 4}, {""type"": ""finger"", ""string"": 2, ""fret"": 1, ""finger"": 2}, {""type"": ""finger"", ""string"": 3, ""fret"": 1, ""finger"": 1}]",4,,"[5, 6]",[4]
,"D Dominant 7th, Sharp 5th","D7#5 guitar chord
            (D Dominant 7th, Sharp 5th)",https://www.all-guitar-chords.com/chords/index/d/7*5,"7#5, 7maj5, 7+5, +7",1-3-#5-b7,D-F#-A#-C,1,"Barre the 3rd fret with your index finger, extending over the 2nd to the 5th strings | With your middle finger, press down on the D (4th) string at the 4th fret | Strum from the 5th string to the 2nd strings","[{""type"": ""barre"", ""fret"": 3, ""fromString"": 2, ""toString"": 5}, {""type"": ""finger"", ""string"": 4, ""fret"": 4, ""finger"": 2}]",5,,[6],"[1, 2, 3, 5]"
,"D Dominant 7th, Flat 9th","D7b9 guitar chord
            (D Dominant 7th, Flat 9th)",https://www.all-guitar-chords.com/chords/index/d/7b9,"7b9, 7-9",1-3-5-b7-b9,D-F#-A-C-Eb,1,"Place your pinky on the E (1st) string at the 5th fret and press down | Apply a barre with your index finger across the 4th fret, covering the 2nd to the 4th strings | Use your ring finger to press the G (3rd) string down on the 5th fret | Press down on the A (5th) string at the 5th fret using your middle finger | Now, strum all the strings starting from the 5th string","[{""type"": ""finger"", ""string"": 1, ""fret"": 5, ""finger"": 4}, {""type"": ""barre"", ""fret"": 4, ""fromString"": 2, ""toString"": 4}, {""type"": ""finger"", ""string"": 3, ""fret"": 5, ""finger"": 3}, {""type"": ""finger"", ""string"": 5, ""fret"": 5, ""finger"": 2}]",5,,[6],"[2, 4]"
,"D Dominant 7th, Sharp 9th","D7#9 guitar chord
            (D Dominant 7th, Sharp 9th)",https://www.all-guitar-chords.com/chords/index/d/7*9,"7#9, 7+9, 7b10",1-3-5-b7-#9,D-F#-A-C-F,1,Press the B (2nd) string on the 6th fret with your pinky | Place your ring finger on the G (3rd) string at the 5th fret and press down | Press down on the D (4th) string at the 4th fret using your index finger | Use your middle finger to press the A (5th) string down on the 5th fret | Strum from the 5th string to the 2nd strings,"[{""type"": ""finger"", ""string"": 2, ""fret"": 6, ""finger"": 4}, {""type"": ""finger"", ""string"": 3, ""fret"": 5, ""finger"": 3}, {""type"": ""finger"", ""string"": 4, ""fret"": 4, ""finger"": 1}, {""type"": ""finger"", ""string"": 5, ""fret"": 5, ""finger"": 2}]",5,,[6],[1]
,"b5,b9","D7(b5,b9) guitar chord
            (D Dominant 7th, Flat 5th, Flat 9th)","https://www.all-guitar-chords.com/chords/index/d/7%28b5,b9%29","7(b5,b9), 7(-5,-9)",1-3-b5-b7-b9,D-F#-Ab-C-Eb,1,"Barre the 4th fret with your index finger, extending over the 1st to the 4th strings | Position your ring finger on the G (3rd) string at the 5th fret and press down | With your middle finger, press down on the A (5th) string at the 5th fret | Now, strum all the strings starting from the 5th string","[{""type"": ""barre"", ""fret"": 4, ""fromString"": 1, ""toString"": 4}, {""type"": ""finger"", ""string"": 3, ""fret"": 5, ""finger"": 3}, {""type"": ""finger"", ""string"": 5, ""fret"": 5, ""finger"": 2}]",5,,[6],"[1, 2, 4]"
,"b5,#9","D7(b5,#9) guitar chord
            (D Dominant 7th, Flat 5th, Sharp 9th)","https://www.all-guitar-chords.com/chords/index/d/7%28b5,*9%29","7(b5,#9), 7(-5,+9)",1-3-b5-b7-#9,D-F#-Ab-C-F,1,"Apply a barre with your index finger across the 4th fret, covering the 1st to the 4th strings | Place your pinky on the B (2nd) string at the 6th fret and press down | Use your ring finger to press the G (3rd) string down on the 5th fret | Press down on the A (5th) string at the 5th fret using your middle finger | Now, strum all the strings starting from the 5th string","[{""type"": ""barre"", ""fret"": 4, ""fromString"": 1, ""toString"": 4}, {""type"": ""finger"", ""string"": 2, ""fret"": 6, ""finger"": 4}, {""type"": ""finger"", ""string"": 3, ""fret"": 5, ""finger"": 3}, {""type"": ""finger"", ""string"": 5, ""fret"": 5, ""finger"": 2}]",5,,[6],"[1, 4]"
,"#5,b9","D7(#5,b9) guitar chord
            (D Dominant 7th, Sharp 5th, Flat 9th)","https://www.all-guitar-chords.com/chords/index/d/7%28*5,b9%29","7(#5,b9), 7(+5,-9), +7b9",1-3-#5-b7-b9,D-F#-A#-C-Eb,1,"Position your pinky on the E (1st) string at the 6th fret and press down | Apply a barre with your index finger across the 4th fret, covering the 2nd to the 4th strings | With your ring finger, press down on the G (3rd) string at the 5th fret | Press the A (5th) string on the 5th fret with your middle finger | Now, strum all the strings starting from the 5th string","[{""type"": ""finger"", ""string"": 1, ""fret"": 6, ""finger"": 4}, {""type"": ""barre"", ""fret"": 4, ""fromString"": 2, ""toString"": 4}, {""type"": ""finger"", ""string"": 3, ""fret"": 5, ""finger"": 3}, {""type"": ""finger"", ""string"": 5, ""fret"": 5, ""finger"": 2}]",5,,[6],"[2, 4]"
,"#5,#9","D7(#5,#9) guitar chord
            (D Dominant 7th, Sharp 5th, Sharp 9th)","https://www.all-guitar-chords.com/chords/index/d/7%28*5,*9%29","7(#5,#9), 7(+5,+9), +7#9",1-3-#5-b7-#9,D-F#-A#-C-F,1,"Place a barre using your pinky on the 6th fret from the 1st to the 2nd strings | Press down on the G (3rd) string at the 5th fret using your ring finger | With your index finger, press down on the D (4th) string at the 4th fret | Position your middle finger on the A (5th) string at the 5th fret and press down | Now, strum all the strings starting from the 5th string","[{""type"": ""barre"", ""fret"": 6, ""fromString"": 1, ""toString"": 2}, {""type"": ""finger"", ""string"": 3, ""fret"": 5, ""finger"": 3}, {""type"": ""finger"", ""string"": 4, ""fret"": 4, ""finger"": 1}, {""type"": ""finger"", ""string"": 5, ""fret"": 5, ""finger"": 2}]",5,,[6],"[1, 2]"
,"D Dominat 9th, Flat 5th","D9b5 guitar chord
            (D Dominat 9th, Flat 5th)",https://www.all-guitar-chords.com/chords/index/d/9b5,"9b5, 7(b5,9), 9-5",1-3-b5-b7-9,D-F#-Ab-C-E,1,"Barre the 4th fret with your index finger, extending over the 1st to the 4th strings | Press the B (2nd) string on the 5th fret with your pinky | Place your ring finger on the G (3rd) string at the 5th fret and press down | Use your middle finger to press the A (5th) string down on the 5th fret | Now, strum all the strings starting from the 5th string","[{""type"": ""barre"", ""fret"": 4, ""fromString"": 1, ""toString"": 4}, {""type"": ""finger"", ""string"": 2, ""fret"": 5, ""finger"": 4}, {""type"": ""finger"", ""string"": 3, ""fret"": 5, ""finger"": 3}, {""type"": ""finger"", ""string"": 5, ""fret"": 5, ""finger"": 2}]",5,,[6],"[1, 4]"
,"D Dominat 9th, Sharp 5th","D9#5 guitar chord
            (D Dominat 9th, Sharp 5th)",https://www.all-guitar-chords.com/chords/index/d/9*5,"9#5, 7(#5,9), 9+5, +9",1-3-#5-b7-9,D-F#-A#-C-E,1,"Press down on the E (1st) string at the 6th fret using your pinky | Barre the 5th fret with your ring finger, extending over the 2nd to the 3rd strings | Press the D (4th) string on the 4th fret with your index finger | With your middle finger, press down on the A (5th) string at the 5th fret | Now, strum all the strings starting from the 5th string","[{""type"": ""finger"", ""string"": 1, ""fret"": 6, ""finger"": 4}, {""type"": ""barre"", ""fret"": 5, ""fromString"": 2, ""toString"": 3}, {""type"": ""finger"", ""string"": 4, ""fret"": 4, ""finger"": 1}, {""type"": ""finger"", ""string"": 5, ""fret"": 5, ""finger"": 2}]",5,,[6],"[2, 3]"
,"D Dominant 13th, Added Sharp 11th","D13#11 guitar chord
            (D Dominant 13th, Added Sharp 11th)",https://www.all-guitar-chords.com/chords/index/d/13*11,"13#11, 13+11, 7(9,#11,13)",1-3-5-b7-9-#11-13,D-F#-A-C-E-G#-B,1,"Press the E (1st) string on the 7th fret with your pinky | Place your ring finger on the B (2nd) string at the 7th fret and press down | Barre the 5th fret with your index finger, extending over the 3rd to the 5th strings | Use your middle finger to press the D (4th) string down on the 6th fret | Now, strum all the strings starting from the 5th string","[{""type"": ""finger"", ""string"": 1, ""fret"": 7, ""finger"": 4}, {""type"": ""finger"", ""string"": 2, ""fret"": 7, ""finger"": 3}, {""type"": ""barre"", ""fret"": 5, ""fromString"": 3, ""toString"": 5}, {""type"": ""finger"", ""string"": 4, ""fret"": 6, ""finger"": 2}]",5,,[6],"[3, 5]"
,"D Dominant 13th, Flat 9th","D13b9 guitar chord
            (D Dominant 13th, Flat 9th)",https://www.all-guitar-chords.com/chords/index/d/13b9,"13b9, 13-9, 7(b9,13)",1-3-5-b7-b9-13,D-F#-A-C-Eb-B,1,"Stretch out your pinky to the 7th fret of the E (1st) string and press down | Barre the 4th fret with your index finger, extending over the 2nd to the 4th strings | Position your ring finger on the G (3rd) string at the 5th fret and press down | With your middle finger, press down on the A (5th) string at the 5th fret | Now, strum all the strings starting from the 5th string","[{""type"": ""finger"", ""string"": 1, ""fret"": 7, ""finger"": 4}, {""type"": ""barre"", ""fret"": 4, ""fromString"": 2, ""toString"": 4}, {""type"": ""finger"", ""string"": 3, ""fret"": 5, ""finger"": 3}, {""type"": ""finger"", ""string"": 5, ""fret"": 5, ""finger"": 2}]",5,,[6],"[2, 4]"
,"D Dominant 11th, Flat 9th","D11b9 guitar chord
            (D Dominant 11th, Flat 9th)",https://www.all-guitar-chords.com/chords/index/d/11b9,"11b9, 7sus4(b9)",1-5-b7-b9-11,D-A-C-Eb-G,1,"Use your index finger to press the B (2nd) string down on the 4th fret | With your pinky, press down on the G (3rd) string at the 5th fret | Press the D (4th) string on the 5th fret with your ring finger | Place your middle finger on the A (5th) string at the 5th fret and press down | Strum from the 5th string to the 2nd strings","[{""type"": ""finger"", ""string"": 2, ""fret"": 4, ""finger"": 1}, {""type"": ""finger"", ""string"": 3, ""fret"": 5, ""finger"": 4}, {""type"": ""finger"", ""string"": 4, ""fret"": 5, ""finger"": 3}, {""type"": ""finger"", ""string"": 5, ""fret"": 5, ""finger"": 2}]",5,,[6],[1]
,"D Suspended 2nd, Suspended 4th","Dsus2sus4 guitar chord
            (D Suspended 2nd, Suspended 4th)",https://www.all-guitar-chords.com/chords/index/d/sus2sus4,sus2sus4,1-2-4-5,D-E-G-A,1,"Use your index finger to press the B (2nd) string down on the 3rd fret | Now, strum all the strings starting from the 4th string","[{""type"": ""finger"", ""string"": 2, ""fret"": 3, ""finger"": 1}]",4,,"[5, 6]","[1, 3, 4]"
,D Major Diminished 5th,"D-5 guitar chord
            (D Major Diminished 5th)",https://www.all-guitar-chords.com/chords/index/d/-5,-5,1-3-b5,D-F#-Ab,1,"Apply a barre with your pinky across the 7th fret, covering the 2nd to the 3rd strings | Press down on the D (4th) string at the 6th fret using your middle finger | Position your index finger on the A (5th) string at the 5th fret and press down | Strum from the 5th string to the 2nd strings","[{""type"": ""barre"", ""fret"": 7, ""fromString"": 2, ""toString"": 3}, {""type"": ""finger"", ""string"": 4, ""fret"": 6, ""finger"": 2}, {""type"": ""finger"", ""string"": 5, ""fret"": 5, ""finger"": 1}]",5,,[6],"[1, 2, 3]"
D#/Eb,Major,"D#/Eb guitar chord
            (D#/Eb Major)",https://www.all-guitar-chords.com/chords/index/d_sharp/major,"M, maj",1-3-5,D#-G-A#,1,"Position your ring finger on the E (1st) string at the 3rd fret and press down | Stretch out your pinky to the 4th fret of the B (2nd) string and press down | With your middle finger, press down on the G (3rd) string at the 3rd fret | Press the D (4th) string on the 1st fret with your index finger | Now, strum all the strings starting from the 4th string","[{""type"": ""finger"", ""string"": 1, ""fret"": 3, ""finger"": 3}, {""type"": ""finger"", ""string"": 2, ""fret"": 4, ""finger"": 4}, {""type"": ""finger"", ""string"": 3, ""fret"": 3, ""finger"": 2}, {""type"": ""finger"", ""string"": 4, ""fret"": 1, ""finger"": 1}]",4,,"[5, 6]",[]
D#/Ebm,D#/Eb Minor,"D#/Ebm guitar chord
            (D#/Eb Minor)",https://www.all-guitar-chords.com/chords/index/d_sharp/minor,"m, min, -",1-b3-5,D#-Gb-A#,1,"With your middle finger, press down on the E (1st) string at the 2nd fret | Stretch out your pinky to the 4th fret of the B (2nd) string and press down | Position your ring finger on the G (3rd) string at the 3rd fret and press down | Press the D (4th) string on the 1st fret with your index finger | Now, strum all the strings starting from the 4th string","[{""type"": ""finger"", ""string"": 1, ""fret"": 2, ""finger"": 2}, {""type"": ""finger"", ""string"": 2, ""fret"": 4, ""finger"": 4}, {""type"": ""finger"", ""string"": 3, ""fret"": 3, ""finger"": 3}, {""type"": ""finger"", ""string"": 4, ""fret"": 1, ""finger"": 1}]",4,,"[5, 6]",[]
D#/Eb7,D#/Eb Dominant Seventh,"D#/Eb7 guitar chord
            (D#/Eb Dominant Seventh)",https://www.all-guitar-chords.com/chords/index/d_sharp/7,7,1-3-5-b7,D#-G-A#-Db,1,"Press down on the E (1st) string at the 3rd fret using your pinky | With your middle finger, press down on the B (2nd) string at the 2nd fret | Position your ring finger on the G (3rd) string at the 3rd fret and press down | Press the D (4th) string on the 1st fret with your index finger | Now, strum all the strings starting from the 4th string","[{""type"": ""finger"", ""string"": 1, ""fret"": 3, ""finger"": 4}, {""type"": ""finger"", ""string"": 2, ""fret"": 2, ""finger"": 2}, {""type"": ""finger"", ""string"": 3, ""fret"": 3, ""finger"": 3}, {""type"": ""finger"", ""string"": 4, ""fret"": 1, ""finger"": 1}]",4,,"[5, 6]",[]
D#/Eb5,"D#/Eb Fifth, Power Chord","D#/Eb5 guitar chord
            (D#/Eb Fifth, Power Chord)",https://www.all-guitar-chords.com/chords/index/d_sharp/5,5,1-5,D#-A#,1,"Stretch out your pinky to the 4th fret of the B (2nd) string and press down | Press down on the G (3rd) string at the 3rd fret using your ring finger | With your index finger, press down on the D (4th) string at the 1st fret | Strum from the 4th string to the 2nd strings","[{""type"": ""finger"", ""string"": 2, ""fret"": 4, ""finger"": 4}, {""type"": ""finger"", ""string"": 3, ""fret"": 3, ""finger"": 3}, {""type"": ""finger"", ""string"": 4, ""fret"": 1, ""finger"": 1}]",4,,"[5, 6]",[1]
D#/Ebdim,D#/Eb Diminished,"D#/Ebdim guitar chord
            (D#/Eb Diminished)",https://www.all-guitar-chords.com/chords/index/d_sharp/dim,"dim, °",1-b3-b5,D#-Gb-A,1,"Press the B (2nd) string on the 7th fret with your ring finger | With your pinky, press down on the G (3rd) string at the 8th fret | Place your middle finger on the D (4th) string at the 7th fret and press down | Use your index finger to press the A (5th) string down on the 6th fret | Strum from the 5th string to the 2nd strings","[{""type"": ""finger"", ""string"": 2, ""fret"": 7, ""finger"": 3}, {""type"": ""finger"", ""string"": 3, ""fret"": 8, ""finger"": 4}, {""type"": ""finger"", ""string"": 4, ""fret"": 7, ""finger"": 2}, {""type"": ""finger"", ""string"": 5, ""fret"": 6, ""finger"": 1}]",5,,[6],[1]
D#/Ebdim7,D#/Eb Diminished Seventh,"D#/Ebdim7 guitar chord
            (D#/Eb Diminished Seventh)",https://www.all-guitar-chords.com/chords/index/d_sharp/dim7,"dim7, o7, 7dim",1-b3-b5-6,D#-Gb-A-C,1,"Press down on the E (1st) string at the 2nd fret using your pinky | With your middle finger, press down on the B (2nd) string at the 1st fret | Position your ring finger on the G (3rd) string at the 2nd fret and press down | Press the D (4th) string on the 1st fret with your index finger | Now, strum all the strings starting from the 4th string","[{""type"": ""finger"", ""string"": 1, ""fret"": 2, ""finger"": 4}, {""type"": ""finger"", ""string"": 2, ""fret"": 1, ""finger"": 2}, {""type"": ""finger"", ""string"": 3, ""fret"": 2, ""finger"": 3}, {""type"": ""finger"", ""string"": 4, ""fret"": 1, ""finger"": 1}]",4,,"[5, 6]",[]
D#/Ebaug,D#/Eb Augmented,"D#/Ebaug guitar chord
            (D#/Eb Augmented)",https://www.all-guitar-chords.com/chords/index/d_sharp/aug,"aug, ""+""",1-3-#5,D#-G-B,1,"Use your index finger to press the E (1st) string down on the 3rd fret | Press the B (2nd) string on the 4th fret with your ring finger | Place your middle finger on the G (3rd) string at the 4th fret and press down | With your pinky, press down on the D (4th) string at the 5th fret | Now, strum all the strings starting from the 4th string","[{""type"": ""finger"", ""string"": 1, ""fret"": 3, ""finger"": 1}, {""type"": ""finger"", ""string"": 2, ""fret"": 4, ""finger"": 3}, {""type"": ""finger"", ""string"": 3, ""fret"": 4, ""finger"": 2}, {""type"": ""finger"", ""string"": 4, ""fret"": 5, ""finger"": 4}]",4,,"[5, 6]",[]
D#/Ebsus2,D#/Eb Suspended 2nd,"D#/Ebsus2 guitar chord
            (D#/Eb Suspended 2nd)",https://www.all-guitar-chords.com/chords/index/d_sharp/sus2,sus2,1-2-5,D#-F-A#,1,"Barre the 1st fret with your index finger, extending over the 1st to the 4th strings | Stretch out your pinky to the 4th fret of the B (2nd) string and press down | Place your ring finger on the G (3rd) string at the 3rd fret and press down | Now, strum all the strings starting from the 4th string","[{""type"": ""barre"", ""fret"": 1, ""fromString"": 1, ""toString"": 4}, {""type"": ""finger"", ""string"": 2, ""fret"": 4, ""finger"": 4}, {""type"": ""finger"", ""string"": 3, ""fret"": 3, ""finger"": 3}]",4,,"[5, 6]","[1, 4]"
D#/Ebsus,D#/Eb Suspended 4th,"D#/Ebsus guitar chord
            (D#/Eb Suspended 4th)",https://www.all-guitar-chords.com/chords/index/d_sharp/sus4,"sus, sus4",1-4-5,D#-G#-A#,1,"Apply a barre with your pinky across the 4th fret, covering the 1st to the 2nd strings | With your ring finger, press down on the G (3rd) string at the 3rd fret | Place your index finger on the D (4th) string at the 1st fret and press down | Now, strum all the strings starting from the 4th string","[{""type"": ""barre"", ""fret"": 4, ""fromString"": 1, ""toString"": 2}, {""type"": ""finger"", ""string"": 3, ""fret"": 3, ""finger"": 3}, {""type"": ""finger"", ""string"": 4, ""fret"": 1, ""finger"": 1}]",4,,"[5, 6]","[1, 2]"
D#/Ebmaj7,D#/Eb Major 7th,"D#/Ebmaj7 guitar chord
            (D#/Eb Major 7th)",https://www.all-guitar-chords.com/chords/index/d_sharp/maj7,"maj7, M7",1-3-5-7,D#-G-A#-D,1,"Barre the 3rd fret with your ring finger, extending over the 1st to the 3rd strings | Press down on the D (4th) string at the 1st fret using your index finger | Now, strum all the strings starting from the 4th string","[{""type"": ""barre"", ""fret"": 3, ""fromString"": 1, ""toString"": 3}, {""type"": ""finger"", ""string"": 4, ""fret"": 1, ""finger"": 1}]",4,,"[5, 6]","[1, 2, 3]"
D#/Ebm7,D#/Eb Minor 7th,"D#/Ebm7 guitar chord
            (D#/Eb Minor 7th)",https://www.all-guitar-chords.com/chords/index/d_sharp/m7,"m7, min7, -7",1-b3-5-b7,D#-Gb-A#-Db,1,"Press the E (1st) string on the 2nd fret with your ring finger | Place your middle finger on the B (2nd) string at the 2nd fret and press down | With your pinky, press down on the G (3rd) string at the 3rd fret | Use your index finger to press the D (4th) string down on the 1st fret | Now, strum all the strings starting from the 4th string","[{""type"": ""finger"", ""string"": 1, ""fret"": 2, ""finger"": 3}, {""type"": ""finger"", ""string"": 2, ""fret"": 2, ""finger"": 2}, {""type"": ""finger"", ""string"": 3, ""fret"": 3, ""finger"": 4}, {""type"": ""finger"", ""string"": 4, ""fret"": 1, ""finger"": 1}]",4,,"[5, 6]",[]
D#/Eb7sus4,D#/Eb Dominant 7th Suspended 4th,"D#/Eb7sus4 guitar chord
            (D#/Eb Dominant 7th Suspended 4th)",https://www.all-guitar-chords.com/chords/index/d_sharp/7sus4,"7sus4, 7sus",1-4-5-b7,D#-G#-A#-Db,1,"Stretch out your pinky to the 4th fret of the E (1st) string and press down | Place your middle finger on the B (2nd) string at the 2nd fret and press down | Press the G (3rd) string on the 3rd fret with your ring finger | Use your index finger to press the D (4th) string down on the 1st fret | Now, strum all the strings starting from the 4th string","[{""type"": ""finger"", ""string"": 1, ""fret"": 4, ""finger"": 4}, {""type"": ""finger"", ""string"": 2, ""fret"": 2, ""finger"": 2}, {""type"": ""finger"", ""string"": 3, ""fret"": 3, ""finger"": 3}, {""type"": ""finger"", ""string"": 4, ""fret"": 1, ""finger"": 1}]",4,,"[5, 6]",[]
D#/Ebmaj9,D#/Eb Major 9th,"D#/Ebmaj9 guitar chord
            (D#/Eb Major 9th)",https://www.all-guitar-chords.com/chords/index/d_sharp/maj9,"maj9, M9, maj7(9)",1-3-5-7-9,D#-G-A#-D-F,1,"Apply a barre with your index finger across the 1st fret, covering the 1st to the 4th strings | Place your pinky on the B (2nd) string at the 3rd fret and press down | Use your ring finger to press the G (3rd) string down on the 3rd fret | Now, strum all the strings starting from the 4th string","[{""type"": ""barre"", ""fret"": 1, ""fromString"": 1, ""toString"": 4}, {""type"": ""finger"", ""string"": 2, ""fret"": 3, ""finger"": 4}, {""type"": ""finger"", ""string"": 3, ""fret"": 3, ""finger"": 3}]",4,,"[5, 6]","[1, 4]"
D#/Ebmaj11,D#/Eb Major 11th,"D#/Ebmaj11 guitar chord
            (D#/Eb Major 11th)",https://www.all-guitar-chords.com/chords/index/d_sharp/maj11,"maj11, M11",1-3-5-7-9-11,D#-G-A#-D-F-G#,1,"Place a barre using your index finger on the 4th fret from the 1st to the 2nd strings | Stretch out your pinky to the 7th fret of the G (3rd) string and press down | Position your middle finger on the D (4th) string at the 5th fret and press down | Press down on the A (5th) string at the 6th fret using your ring finger | Now, strum all the strings starting from the 5th string","[{""type"": ""barre"", ""fret"": 4, ""fromString"": 1, ""toString"": 2}, {""type"": ""finger"", ""string"": 3, ""fret"": 7, ""finger"": 4}, {""type"": ""finger"", ""string"": 4, ""fret"": 5, ""finger"": 2}, {""type"": ""finger"", ""string"": 5, ""fret"": 6, ""finger"": 3}]",5,,[6],"[1, 2]"
D#/Ebmaj13,D#/Eb Major 13th,"D#/Ebmaj13 guitar chord
            (D#/Eb Major 13th)",https://www.all-guitar-chords.com/chords/index/d_sharp/maj13,"maj13, M13, maj7(9,13),maj7(6/9)",1-3-5-7-9-13,D#-G-A#-D-F-C,1,"Barre the 3rd fret with your index finger, extending over the 1st to the 2nd strings | Position your ring finger on the G (3rd) string at the 5th fret and press down | With your middle finger, press down on the D (4th) string at the 5th fret | Stretch out your pinky to the 6th fret of the A (5th) string and press down | Now, strum all the strings starting from the 5th string","[{""type"": ""barre"", ""fret"": 3, ""fromString"": 1, ""toString"": 2}, {""type"": ""finger"", ""string"": 3, ""fret"": 5, ""finger"": 3}, {""type"": ""finger"", ""string"": 4, ""fret"": 5, ""finger"": 2}, {""type"": ""finger"", ""string"": 5, ""fret"": 6, ""finger"": 4}]",5,,[6],"[1, 2]"
D#/Ebmaj9(#11),#11,"D#/Ebmaj9(#11) guitar chord
            (D#/Eb Major 9th, Sharp 11th)",https://www.all-guitar-chords.com/chords/index/d_sharp/maj9*11,"maj9(#11), maj7(9,#11)",1-3-5-7-9-#11,D#-G-A#-D-F-A,1,"Apply a barre with your index finger across the 5th fret, covering the 1st to the 4th strings | With your ring finger, press down on the B (2nd) string at the 6th fret | Position your pinky on the G (3rd) string at the 7th fret and press down | Press the A (5th) string on the 6th fret with your middle finger | Now, strum all the strings starting from the 5th string","[{""type"": ""barre"", ""fret"": 5, ""fromString"": 1, ""toString"": 4}, {""type"": ""finger"", ""string"": 2, ""fret"": 6, ""finger"": 3}, {""type"": ""finger"", ""string"": 3, ""fret"": 7, ""finger"": 4}, {""type"": ""finger"", ""string"": 5, ""fret"": 6, ""finger"": 2}]",5,,[6],"[1, 4]"
D#/Ebmaj13(#11),#11,"D#/Ebmaj13(#11) guitar chord
            (D#/Eb Major 13th, Sharp 11th)",https://www.all-guitar-chords.com/chords/index/d_sharp/maj13*11,"maj13(#11), maj7(13,#11), maj9(#11,13)",1-3-5-7-9-#11-13,D#-G-A#-D-F-A-C,1,"Apply a barre with your index finger across the 5th fret, covering the 1st to the 4th strings | Use your ring finger to press the B (2nd) string down on the 6th fret | Press down on the A (5th) string at the 6th fret using your middle finger | Now, strum all the strings starting from the 5th string","[{""type"": ""barre"", ""fret"": 5, ""fromString"": 1, ""toString"": 4}, {""type"": ""finger"", ""string"": 2, ""fret"": 6, ""finger"": 3}, {""type"": ""finger"", ""string"": 5, ""fret"": 6, ""finger"": 2}]",5,,[6],"[1, 3, 4]"
D#/Ebadd9,D#/Eb Major Added 9th,"D#/Ebadd9 guitar chord
            (D#/Eb Major Added 9th)",https://www.all-guitar-chords.com/chords/index/d_sharp/add9,add9,1-3-5-9,D#-G-A#-F,1,"Apply a barre with your index finger across the 3rd fret, covering the 1st to the 3rd strings | Stretch out your pinky to the 6th fret of the B (2nd) string and press down | Press the D (4th) string on the 5th fret with your middle finger | Stretch out your ring finger to the 6th fret of the A (5th) string and press down | Now, strum all the strings starting from the 5th string","[{""type"": ""barre"", ""fret"": 3, ""fromString"": 1, ""toString"": 3}, {""type"": ""finger"", ""string"": 2, ""fret"": 6, ""finger"": 4}, {""type"": ""finger"", ""string"": 4, ""fret"": 5, ""finger"": 2}, {""type"": ""finger"", ""string"": 5, ""fret"": 6, ""finger"": 3}]",5,,[6],"[1, 3]"
D#/Eb6add9,"D#/Eb Major 6th, Added 9th","D#/Eb6add9 guitar chord
            (D#/Eb Major 6th, Added 9th)",https://www.all-guitar-chords.com/chords/index/d_sharp/6add9,"6add9, add6/9, 6/9",1-3-5-6-9,D#-G-A#-C-F,1,"Press the E (1st) string on the 6th fret with your pinky | Place your ring finger on the B (2nd) string at the 6th fret and press down | Barre the 5th fret with your index finger, extending over the 3rd to the 4th strings | Use your middle finger to press the A (5th) string down on the 6th fret | Now, strum all the strings starting from the 5th string","[{""type"": ""finger"", ""string"": 1, ""fret"": 6, ""finger"": 4}, {""type"": ""finger"", ""string"": 2, ""fret"": 6, ""finger"": 3}, {""type"": ""barre"", ""fret"": 5, ""fromString"": 3, ""toString"": 4}, {""type"": ""finger"", ""string"": 5, ""fret"": 6, ""finger"": 2}]",5,,[6],"[3, 4]"
D#/Ebmaj7(b5),b5,"D#/Ebmaj7(b5) guitar chord
            (D#/Eb Major 7th, Flat 5th)",https://www.all-guitar-chords.com/chords/index/d_sharp/maj7b5,maj7(b5),1-3-b5-7,D#-G-A-D,1,"Barre the 3rd fret with your pinky, extending over the 1st to the 2nd strings | Use your middle finger to press the G (3rd) string down on the 2nd fret | Press down on the D (4th) string at the 1st fret using your index finger | Now, strum all the strings starting from the 4th string","[{""type"": ""barre"", ""fret"": 3, ""fromString"": 1, ""toString"": 2}, {""type"": ""finger"", ""string"": 3, ""fret"": 2, ""finger"": 2}, {""type"": ""finger"", ""string"": 4, ""fret"": 1, ""finger"": 1}]",4,,"[5, 6]","[1, 2]"
D#/Ebmaj7(#5),#5,"D#/Ebmaj7(#5) guitar chord
            (D#/Eb Major 7th, Sharp 5th)",https://www.all-guitar-chords.com/chords/index/d_sharp/maj7*5,"maj7(#5), maj7+, +7+5",1-3-#5-7,D#-G-B-D,1,"Place a barre using your pinky on the 3rd fret from the 1st to the 2nd strings | With your index finger, press down on the D (4th) string at the 1st fret | Position your middle finger on the A (5th) string at the 2nd fret and press down | Now, strum all the strings starting from the 5th string","[{""type"": ""barre"", ""fret"": 3, ""fromString"": 1, ""toString"": 2}, {""type"": ""finger"", ""string"": 4, ""fret"": 1, ""finger"": 1}, {""type"": ""finger"", ""string"": 5, ""fret"": 2, ""finger"": 2}]",5,,[6],"[1, 2, 3]"
D#/Ebm6,D#/Eb Minor 6th,"D#/Ebm6 guitar chord
            (D#/Eb Minor 6th)",https://www.all-guitar-chords.com/chords/index/d_sharp/m6,"m6, min6, m(add6), -6",1-b3-5-6,D#-Gb-A#-C,1,"Press the E (1st) string on the 2nd fret with your middle finger | Apply a barre with your index finger across the 1st fret, covering the 2nd to the 4th strings | With your ring finger, press down on the G (3rd) string at the 3rd fret | Now, strum all the strings starting from the 4th string","[{""type"": ""finger"", ""string"": 1, ""fret"": 2, ""finger"": 2}, {""type"": ""barre"", ""fret"": 1, ""fromString"": 2, ""toString"": 4}, {""type"": ""finger"", ""string"": 3, ""fret"": 3, ""finger"": 3}]",4,,"[5, 6]","[2, 4]"
D#/Ebm9,D#/Eb Minor 9th,"D#/Ebm9 guitar chord
            (D#/Eb Minor 9th)",https://www.all-guitar-chords.com/chords/index/d_sharp/m9,"m9, min9, -9",1-b3-5-b7-9,D#-Gb-A#-Db-F,1,Press the B (2nd) string on the 6th fret with your pinky | Place your ring finger on the G (3rd) string at the 6th fret and press down | Press down on the D (4th) string at the 4th fret using your index finger | Use your middle finger to press the A (5th) string down on the 6th fret | Strum from the 5th string to the 2nd strings,"[{""type"": ""finger"", ""string"": 2, ""fret"": 6, ""finger"": 4}, {""type"": ""finger"", ""string"": 3, ""fret"": 6, ""finger"": 3}, {""type"": ""finger"", ""string"": 4, ""fret"": 4, ""finger"": 1}, {""type"": ""finger"", ""string"": 5, ""fret"": 6, ""finger"": 2}]",5,,[6],[1]
D#/Ebm11,D#/Eb Minor 11th,"D#/Ebm11 guitar chord
            (D#/Eb Minor 11th)",https://www.all-guitar-chords.com/chords/index/d_sharp/m11,"m11, min11, -11",1-b3-5-b7-9-11,D#-Gb-A#-Db-F-G#,1,"Apply a barre with your middle finger across the 2nd fret, covering the 1st to the 2nd strings | Apply a barre with your index finger across the 1st fret, covering the 3rd to the 4th strings | Now, strum all the strings starting from the 4th string","[{""type"": ""barre"", ""fret"": 2, ""fromString"": 1, ""toString"": 2}, {""type"": ""barre"", ""fret"": 1, ""fromString"": 3, ""toString"": 4}]",4,,"[5, 6]","[1, 2, 3, 4]"
D#/Ebm13,D#/Eb Minor 13th,"D#/Ebm13 guitar chord
            (D#/Eb Minor 13th)",https://www.all-guitar-chords.com/chords/index/d_sharp/m13,"m13, min13, -13",1-b3-5-b7-9-11-13,D#-Gb-A#-Db-F-G#-C,1,"Position your pinky on the E (1st) string at the 8th fret and press down | Press the B (2nd) string on the 7th fret with your middle finger | Apply a barre with your index finger across the 6th fret, covering the 3rd to the 5th strings | With your ring finger, press down on the D (4th) string at the 8th fret | Now, strum all the strings starting from the 5th string","[{""type"": ""finger"", ""string"": 1, ""fret"": 8, ""finger"": 4}, {""type"": ""finger"", ""string"": 2, ""fret"": 7, ""finger"": 2}, {""type"": ""barre"", ""fret"": 6, ""fromString"": 3, ""toString"": 5}, {""type"": ""finger"", ""string"": 4, ""fret"": 8, ""finger"": 3}]",5,,[6],"[3, 5]"
D#/Ebm(add9),add9,"D#/Ebm(add9) guitar chord
            (D#/Eb Minor, Added 9th)",https://www.all-guitar-chords.com/chords/index/d_sharp/madd9,"m(add9), m9(no 7th)",1-b3-5-9,D#-Gb-A#-F,1,"Stretch out your pinky to the 6th fret of the B (2nd) string and press down | With your index finger, press down on the G (3rd) string at the 3rd fret | Position your middle finger on the D (4th) string at the 4th fret and press down | Stretch out your ring finger to the 6th fret of the A (5th) string and press down | Strum from the 5th string to the 2nd strings","[{""type"": ""finger"", ""string"": 2, ""fret"": 6, ""finger"": 4}, {""type"": ""finger"", ""string"": 3, ""fret"": 3, ""finger"": 1}, {""type"": ""finger"", ""string"": 4, ""fret"": 4, ""finger"": 2}, {""type"": ""finger"", ""string"": 5, ""fret"": 6, ""finger"": 3}]",5,,[6],[1]
D#/Ebm6add9,"D#/Eb Minor 6yh, Added 9th","D#/Ebm6add9 guitar chord
            (D#/Eb Minor 6yh, Added 9th)",https://www.all-guitar-chords.com/chords/index/d_sharp/m6add9,"m6add9, m6/9, min6/9, m(add6,9), -6/9",1-b3-5-6-9,D#-Gb-A#-C-F,1,"Position your pinky on the B (2nd) string at the 6th fret and press down | Press the G (3rd) string on the 5th fret with your middle finger | Place your index finger on the D (4th) string at the 4th fret and press down | With your ring finger, press down on the A (5th) string at the 6th fret | Strum from the 5th string to the 2nd strings","[{""type"": ""finger"", ""string"": 2, ""fret"": 6, ""finger"": 4}, {""type"": ""finger"", ""string"": 3, ""fret"": 5, ""finger"": 2}, {""type"": ""finger"", ""string"": 4, ""fret"": 4, ""finger"": 1}, {""type"": ""finger"", ""string"": 5, ""fret"": 6, ""finger"": 3}]",5,,[6],[1]
D#/Ebmmaj7,"D#/Eb Minor, Major 7th","D#/Ebmmaj7 guitar chord
            (D#/Eb Minor, Major 7th)",https://www.all-guitar-chords.com/chords/index/d_sharp/mmaj7,"mmaj7, min(maj7), -(maj7), mM7, m+7",1-b3-5-7,D#-Gb-A#-D,1,"Place your middle finger on the E (1st) string at the 2nd fret and press down | With your pinky, press down on the B (2nd) string at the 3rd fret | Press the G (3rd) string on the 3rd fret with your ring finger | Use your index finger to press the D (4th) string down on the 1st fret | Now, strum all the strings starting from the 4th string","[{""type"": ""finger"", ""string"": 1, ""fret"": 2, ""finger"": 2}, {""type"": ""finger"", ""string"": 2, ""fret"": 3, ""finger"": 4}, {""type"": ""finger"", ""string"": 3, ""fret"": 3, ""finger"": 3}, {""type"": ""finger"", ""string"": 4, ""fret"": 1, ""finger"": 1}]",4,,"[5, 6]",[]
D#/Ebmmaj9,"D#/Eb Minor 9th, Major 7th","D#/Ebmmaj9 guitar chord
            (D#/Eb Minor 9th, Major 7th)",https://www.all-guitar-chords.com/chords/index/d_sharp/mmaj9,"mmaj9, min(maj9), m9(maj7), mM9",1-b3-5-7-9,D#-Gb-A#-D-F,1,Place your ring finger on the B (2nd) string at the 6th fret and press down | Stretch out your pinky to the 7th fret of the G (3rd) string and press down | Press down on the D (4th) string at the 4th fret using your index finger | Use your middle finger to press the A (5th) string down on the 6th fret | Strum from the 5th string to the 2nd strings,"[{""type"": ""finger"", ""string"": 2, ""fret"": 6, ""finger"": 3}, {""type"": ""finger"", ""string"": 3, ""fret"": 7, ""finger"": 4}, {""type"": ""finger"", ""string"": 4, ""fret"": 4, ""finger"": 1}, {""type"": ""finger"", ""string"": 5, ""fret"": 6, ""finger"": 2}]",5,,[6],[1]
D#/Ebm7b5,D#/Eb Half-diminished Minor 7,"D#/Ebm7b5 guitar chord
            (D#/Eb Half-diminished Minor 7)",https://www.all-guitar-chords.com/chords/index/d_sharp/m7b5,"m7b5, m7-5, ø",1-b3-b5-b7,D#-Gb-A-Db,1,"Barre the 2nd fret with your middle finger, extending over the 1st to the 3rd strings | Press down on the D (4th) string at the 1st fret using your index finger | Now, strum all the strings starting from the 4th string","[{""type"": ""barre"", ""fret"": 2, ""fromString"": 1, ""toString"": 3}, {""type"": ""finger"", ""string"": 4, ""fret"": 1, ""finger"": 1}]",4,,"[5, 6]","[1, 2, 3]"
D#/Ebm7#5,"D#/Eb Minor 7th, Sharp 5th","D#/Ebm7#5 guitar chord
            (D#/Eb Minor 7th, Sharp 5th)",https://www.all-guitar-chords.com/chords/index/d_sharp/m7*5,"m7#5, m7+",1-b3-#5-b7,D#-Gb-B-Db,1,"Position your pinky on the E (1st) string at the 7th fret and press down | With your ring finger, press down on the B (2nd) string at the 7th fret | Press the G (3rd) string on the 6th fret with your middle finger | Place your index finger on the A (5th) string at the 6th fret and press down | Now, strum all the strings starting from the 5th string, mute the 4th string","[{""type"": ""finger"", ""string"": 1, ""fret"": 7, ""finger"": 4}, {""type"": ""finger"", ""string"": 2, ""fret"": 7, ""finger"": 3}, {""type"": ""finger"", ""string"": 3, ""fret"": 6, ""finger"": 2}, {""type"": ""finger"", ""string"": 5, ""fret"": 6, ""finger"": 1}]",5,,"[4, 6]",[]
D#/Eb6,D#/Eb Major 6th,"D#/Eb6 guitar chord
            (D#/Eb Major 6th)",https://www.all-guitar-chords.com/chords/index/d_sharp/6,"6, M6, maj6, add6",1-3-5-6,D#-G-A#-C,1,"Position your pinky on the E (1st) string at the 3rd fret and press down | Apply a barre with your index finger across the 1st fret, covering the 2nd to the 4th strings | With your ring finger, press down on the G (3rd) string at the 3rd fret | Now, strum all the strings starting from the 4th string","[{""type"": ""finger"", ""string"": 1, ""fret"": 3, ""finger"": 4}, {""type"": ""barre"", ""fret"": 1, ""fromString"": 2, ""toString"": 4}, {""type"": ""finger"", ""string"": 3, ""fret"": 3, ""finger"": 3}]",4,,"[5, 6]","[2, 4]"
D#/Eb9,D#/Eb Dominant 9th,"D#/Eb9 guitar chord
            (D#/Eb Dominant 9th)",https://www.all-guitar-chords.com/chords/index/d_sharp/9,9,1-3-5-b7-9,D#-G-A#-Db-F,1,"Place your pinky on the E (1st) string at the 3rd fret and press down | Press down on the B (2nd) string at the 2nd fret using your middle finger | Use your ring finger to press the G (3rd) string down on the 3rd fret | Apply a barre with your index finger across the 1st fret, covering the 4th to the 6th strings | To play the chord, strum all the strings","[{""type"": ""finger"", ""string"": 1, ""fret"": 3, ""finger"": 4}, {""type"": ""finger"", ""string"": 2, ""fret"": 2, ""finger"": 2}, {""type"": ""finger"", ""string"": 3, ""fret"": 3, ""finger"": 3}, {""type"": ""barre"", ""fret"": 1, ""fromString"": 4, ""toString"": 6}, {""type"": ""raw"", ""text"": ""To play the chord, strum all the strings""}]",,,[],"[4, 5, 6]"
D#/Eb11,D#/Eb Dominant 11th,"D#/Eb11 guitar chord
            (D#/Eb Dominant 11th)",https://www.all-guitar-chords.com/chords/index/d_sharp/11,11,1-3-5-b7-9-11,D#-G-A#-Db-F-G#,1,"Press down on the E (1st) string at the 4th fret using your index finger | Press the B (2nd) string on the 6th fret with your pinky | Place your ring finger on the G (3rd) string at the 6th fret and press down | Use your middle finger to press the A (5th) string down on the 6th fret | Now, strum all the strings starting from the 5th string, mute the 4th string","[{""type"": ""finger"", ""string"": 1, ""fret"": 4, ""finger"": 1}, {""type"": ""finger"", ""string"": 2, ""fret"": 6, ""finger"": 4}, {""type"": ""finger"", ""string"": 3, ""fret"": 6, ""finger"": 3}, {""type"": ""finger"", ""string"": 5, ""fret"": 6, ""finger"": 2}]",5,,"[4, 6]",[]
D#/Eb13,D#/Eb Dominant 13th,"D#/Eb13 guitar chord
            (D#/Eb Dominant 13th)",https://www.all-guitar-chords.com/chords/index/d_sharp/13,13,1-3-5-b7-9-13,D#-G-A#-Db-F-C,1,"Stretch out your pinky to the 8th fret of the E (1st) string and press down | Place a barre using your ring finger on the 6th fret from the 2nd to the 3rd strings | Use your index finger to press the D (4th) string down on the 5th fret | Place your middle finger on the A (5th) string at the 6th fret and press down | Now, strum all the strings starting from the 5th string","[{""type"": ""finger"", ""string"": 1, ""fret"": 8, ""finger"": 4}, {""type"": ""barre"", ""fret"": 6, ""fromString"": 2, ""toString"": 3}, {""type"": ""finger"", ""string"": 4, ""fret"": 5, ""finger"": 1}, {""type"": ""finger"", ""string"": 5, ""fret"": 6, ""finger"": 2}]",5,,[6],"[2, 3]"
D#/Eb7b5,"D#/Eb Dominant 7th, Flat 5th","D#/Eb7b5 guitar chord
            (D#/Eb Dominant 7th, Flat 5th)",https://www.all-guitar-chords.com/chords/index/d_sharp/7b5,"7b5, 7-5",1-3-b5-b7,D#-G-A-Db,1,"Use your pinky to press the E (1st) string down on the 3rd fret | Place a barre using your middle finger on the 2nd fret from the 2nd to the 3rd strings | With your index finger, press down on the D (4th) string at the 1st fret | Now, strum all the strings starting from the 4th string","[{""type"": ""finger"", ""string"": 1, ""fret"": 3, ""finger"": 4}, {""type"": ""barre"", ""fret"": 2, ""fromString"": 2, ""toString"": 3}, {""type"": ""finger"", ""string"": 4, ""fret"": 1, ""finger"": 1}]",4,,"[5, 6]","[2, 3]"
D#/Eb7#5,"D#/Eb Dominant 7th, Sharp 5th","D#/Eb7#5 guitar chord
            (D#/Eb Dominant 7th, Sharp 5th)",https://www.all-guitar-chords.com/chords/index/d_sharp/7*5,"7#5, 7maj5, 7+5, +7",1-3-#5-b7,D#-G-B-Db,1,Place a barre using your index finger on the 4th fret from the 2nd to the 5th strings | Position your middle finger on the D (4th) string at the 5th fret and press down | Strum from the 5th string to the 2nd strings,"[{""type"": ""barre"", ""fret"": 4, ""fromString"": 2, ""toString"": 5}, {""type"": ""finger"", ""string"": 4, ""fret"": 5, ""finger"": 2}]",5,,[6],"[1, 2, 3, 5]"
D#/Eb7b9,"D#/Eb Dominant 7th, Flat 9th","D#/Eb7b9 guitar chord
            (D#/Eb Dominant 7th, Flat 9th)",https://www.all-guitar-chords.com/chords/index/d_sharp/7b9,"7b9, 7-9",1-3-5-b7-b9,D#-G-A#-Db-E,1,"Press the E (1st) string on the 6th fret with your pinky | Barre the 5th fret with your index finger, extending over the 2nd to the 4th strings | Place your ring finger on the G (3rd) string at the 6th fret and press down | Use your middle finger to press the A (5th) string down on the 6th fret | Now, strum all the strings starting from the 5th string","[{""type"": ""finger"", ""string"": 1, ""fret"": 6, ""finger"": 4}, {""type"": ""barre"", ""fret"": 5, ""fromString"": 2, ""toString"": 4}, {""type"": ""finger"", ""string"": 3, ""fret"": 6, ""finger"": 3}, {""type"": ""finger"", ""string"": 5, ""fret"": 6, ""finger"": 2}]",5,,[6],"[2, 4]"
D#/Eb7#9,"D#/Eb Dominant 7th, Sharp 9th","D#/Eb7#9 guitar chord
            (D#/Eb Dominant 7th, Sharp 9th)",https://www.all-guitar-chords.com/chords/index/d_sharp/7*9,"7#9, 7+9, 7b10",1-3-5-b7-#9,D#-G-A#-Db-F#,1,"With your pinky, press down on the B (2nd) string at the 7th fret | Press the G (3rd) string on the 6th fret with your ring finger | Use your index finger to press the D (4th) string down on the 5th fret | Place your middle finger on the A (5th) string at the 6th fret and press down | Strum from the 5th string to the 2nd strings","[{""type"": ""finger"", ""string"": 2, ""fret"": 7, ""finger"": 4}, {""type"": ""finger"", ""string"": 3, ""fret"": 6, ""finger"": 3}, {""type"": ""finger"", ""string"": 4, ""fret"": 5, ""finger"": 1}, {""type"": ""finger"", ""string"": 5, ""fret"": 6, ""finger"": 2}]",5,,[6],[1]
"D#/Eb7(b5,b9)","b5,b9","D#/Eb7(b5,b9) guitar chord
            (D#/Eb Dominant 7th, Flat 5th, Flat 9th)","https://www.all-guitar-chords.com/chords/index/d_sharp/7%28b5,b9%29","7(b5,b9), 7(-5,-9)",1-3-b5-b7-b9,D#-G-A-Db-E,1,"Place a barre using your index finger on the 5th fret from the 1st to the 4th strings | Press down on the G (3rd) string at the 6th fret using your ring finger | Position your middle finger on the A (5th) string at the 6th fret and press down | Now, strum all the strings starting from the 5th string","[{""type"": ""barre"", ""fret"": 5, ""fromString"": 1, ""toString"": 4}, {""type"": ""finger"", ""string"": 3, ""fret"": 6, ""finger"": 3}, {""type"": ""finger"", ""string"": 5, ""fret"": 6, ""finger"": 2}]",5,,[6],"[1, 2, 4]"
"D#/Eb7(b5,#9)","b5,#9","D#/Eb7(b5,#9) guitar chord
            (D#/Eb Dominant 7th, Flat 5th, Sharp 9th)","https://www.all-guitar-chords.com/chords/index/d_sharp/7%28b5,*9%29","7(b5,#9), 7(-5,+9)",1-3-b5-b7-#9,D#-G-A-Db-F#,1,"Barre the 5th fret with your index finger, extending over the 1st to the 4th strings | Press the B (2nd) string on the 7th fret with your pinky | Place your ring finger on the G (3rd) string at the 6th fret and press down | Use your middle finger to press the A (5th) string down on the 6th fret | Now, strum all the strings starting from the 5th string","[{""type"": ""barre"", ""fret"": 5, ""fromString"": 1, ""toString"": 4}, {""type"": ""finger"", ""string"": 2, ""fret"": 7, ""finger"": 4}, {""type"": ""finger"", ""string"": 3, ""fret"": 6, ""finger"": 3}, {""type"": ""finger"", ""string"": 5, ""fret"": 6, ""finger"": 2}]",5,,[6],"[1, 4]"
"D#/Eb7(#5,b9)","#5,b9","D#/Eb7(#5,b9) guitar chord
            (D#/Eb Dominant 7th, Sharp 5th, Flat 9th)","https://www.all-guitar-chords.com/chords/index/d_sharp/7%28*5,b9%29","7(#5,b9), 7(+5,-9), +7b9",1-3-#5-b7-b9,D#-G-B-Db-E,1,"Press down on the E (1st) string at the 7th fret using your pinky | Barre the 5th fret with your index finger, extending over the 2nd to the 4th strings | Position your ring finger on the G (3rd) string at the 6th fret and press down | With your middle finger, press down on the A (5th) string at the 6th fret | Now, strum all the strings starting from the 5th string","[{""type"": ""finger"", ""string"": 1, ""fret"": 7, ""finger"": 4}, {""type"": ""barre"", ""fret"": 5, ""fromString"": 2, ""toString"": 4}, {""type"": ""finger"", ""string"": 3, ""fret"": 6, ""finger"": 3}, {""type"": ""finger"", ""string"": 5, ""fret"": 6, ""finger"": 2}]",5,,[6],"[2, 4]"
"D#/Eb7(#5,#9)","#5,#9","D#/Eb7(#5,#9) guitar chord
            (D#/Eb Dominant 7th, Sharp 5th, Sharp 9th)","https://www.all-guitar-chords.com/chords/index/d_sharp/7%28*5,*9%29","7(#5,#9), 7(+5,+9), +7#9",1-3-#5-b7-#9,D#-G-B-Db-F#,1,"Apply a barre with your pinky across the 7th fret, covering the 1st to the 2nd strings | Use your ring finger to press the G (3rd) string down on the 6th fret | Position your index finger on the D (4th) string at the 5th fret and press down | Press down on the A (5th) string at the 6th fret using your middle finger | Now, strum all the strings starting from the 5th string","[{""type"": ""barre"", ""fret"": 7, ""fromString"": 1, ""toString"": 2}, {""type"": ""finger"", ""string"": 3, ""fret"": 6, ""finger"": 3}, {""type"": ""finger"", ""string"": 4, ""fret"": 5, ""finger"": 1}, {""type"": ""finger"", ""string"": 5, ""fret"": 6, ""finger"": 2}]",5,,[6],"[1, 2]"
D#/Eb9b5,"D#/Eb Dominat 9th, Flat 5th","D#/Eb9b5 guitar chord
            (D#/Eb Dominat 9th, Flat 5th)",https://www.all-guitar-chords.com/chords/index/d_sharp/9b5,"9b5, 7(b5,9), 9-5",1-3-b5-b7-9,D#-G-A-Db-F,1,"Place a barre using your index finger on the 5th fret from the 1st to the 4th strings | With your pinky, press down on the B (2nd) string at the 6th fret | Press the G (3rd) string on the 6th fret with your ring finger | Place your middle finger on the A (5th) string at the 6th fret and press down | Now, strum all the strings starting from the 5th string","[{""type"": ""barre"", ""fret"": 5, ""fromString"": 1, ""toString"": 4}, {""type"": ""finger"", ""string"": 2, ""fret"": 6, ""finger"": 4}, {""type"": ""finger"", ""string"": 3, ""fret"": 6, ""finger"": 3}, {""type"": ""finger"", ""string"": 5, ""fret"": 6, ""finger"": 2}]",5,,[6],"[1, 4]"
D#/Eb9#5,"D#/Eb Dominat 9th, Sharp 5th","D#/Eb9#5 guitar chord
            (D#/Eb Dominat 9th, Sharp 5th)",https://www.all-guitar-chords.com/chords/index/d_sharp/9*5,"9#5, 7(#5,9), 9+5, +9",1-3-#5-b7-9,D#-G-B-Db-F,1,"Use your pinky to press the E (1st) string down on the 7th fret | Place a barre using your ring finger on the 6th fret from the 2nd to the 3rd strings | With your index finger, press down on the D (4th) string at the 5th fret | Position your middle finger on the A (5th) string at the 6th fret and press down | Now, strum all the strings starting from the 5th string","[{""type"": ""finger"", ""string"": 1, ""fret"": 7, ""finger"": 4}, {""type"": ""barre"", ""fret"": 6, ""fromString"": 2, ""toString"": 3}, {""type"": ""finger"", ""string"": 4, ""fret"": 5, ""finger"": 1}, {""type"": ""finger"", ""string"": 5, ""fret"": 6, ""finger"": 2}]",5,,[6],"[2, 3]"
D#/Eb13#11,"D#/Eb Dominant 13th, Added Sharp 11th","D#/Eb13#11 guitar chord
            (D#/Eb Dominant 13th, Added Sharp 11th)",https://www.all-guitar-chords.com/chords/index/d_sharp/13*11,"13#11, 13+11, 7(9,#11,13)",1-3-5-b7-9-#11-13,D#-G-A#-Db-F-A-C,1,"With your pinky, press down on the E (1st) string at the 8th fret | Press the B (2nd) string on the 8th fret with your ring finger | Place a barre using your index finger on the 6th fret from the 3rd to the 5th strings | Place your middle finger on the D (4th) string at the 7th fret and press down | Now, strum all the strings starting from the 5th string","[{""type"": ""finger"", ""string"": 1, ""fret"": 8, ""finger"": 4}, {""type"": ""finger"", ""string"": 2, ""fret"": 8, ""finger"": 3}, {""type"": ""barre"", ""fret"": 6, ""fromString"": 3, ""toString"": 5}, {""type"": ""finger"", ""string"": 4, ""fret"": 7, ""finger"": 2}]",5,,[6],"[3, 5]"
D#/Eb13b9,"D#/Eb Dominant 13th, Flat 9th","D#/Eb13b9 guitar chord
            (D#/Eb Dominant 13th, Flat 9th)",https://www.all-guitar-chords.com/chords/index/d_sharp/13b9,"13b9, 13-9, 7(b9,13)",1-3-5-b7-b9-13,D#-G-A#-Db-E-C,1,"Stretch out your pinky to the 8th fret of the E (1st) string and press down | Place a barre using your index finger on the 5th fret from the 2nd to the 4th strings | Press down on the G (3rd) string at the 6th fret using your ring finger | Position your middle finger on the A (5th) string at the 6th fret and press down | Now, strum all the strings starting from the 5th string","[{""type"": ""finger"", ""string"": 1, ""fret"": 8, ""finger"": 4}, {""type"": ""barre"", ""fret"": 5, ""fromString"": 2, ""toString"": 4}, {""type"": ""finger"", ""string"": 3, ""fret"": 6, ""finger"": 3}, {""type"": ""finger"", ""string"": 5, ""fret"": 6, ""finger"": 2}]",5,,[6],"[2, 4]"
D#/Eb11b9,"D#/Eb Dominant 11th, Flat 9th","D#/Eb11b9 guitar chord
            (D#/Eb Dominant 11th, Flat 9th)",https://www.all-guitar-chords.com/chords/index/d_sharp/11b9,"11b9, 7sus4(b9)",1-5-b7-b9-11,D#-A#-Db-E-G#,1,"Use your pinky to press the B (2nd) string down on the 2nd fret | Position your middle finger on the G (3rd) string at the 1st fret and press down | With your index finger, press down on the D (4th) string at the 1st fret | Now, strum all the strings starting from the 4th string","[{""type"": ""finger"", ""string"": 2, ""fret"": 2, ""finger"": 4}, {""type"": ""finger"", ""string"": 3, ""fret"": 1, ""finger"": 2}, {""type"": ""finger"", ""string"": 4, ""fret"": 1, ""finger"": 1}]",4,,"[5, 6]",[1]
D#/Ebsus2sus4,"D#/Eb Suspended 2nd, Suspended 4th","D#/Ebsus2sus4 guitar chord
            (D#/Eb Suspended 2nd, Suspended 4th)",https://www.all-guitar-chords.com/chords/index/d_sharp/sus2sus4,sus2sus4,1-2-4-5,D#-F-G#-A#,1,"Apply a barre with your index finger across the 1st fret, covering the 1st to the 4th strings | Stretch out your pinky to the 4th fret of the B (2nd) string and press down | Now, strum all the strings starting from the 4th string","[{""type"": ""barre"", ""fret"": 1, ""fromString"": 1, ""toString"": 4}, {""type"": ""finger"", ""string"": 2, ""fret"": 4, ""finger"": 4}]",4,,"[5, 6]","[1, 3, 4]"
D#/Eb-5,D#/Eb Major Diminished 5th,"D#/Eb-5 guitar chord
            (D#/Eb Major Diminished 5th)",https://www.all-guitar-chords.com/chords/index/d_sharp/-5,-5,1-3-b5,D#-G-A,1,"Barre the 8th fret with your pinky, extending over the 2nd to the 3rd strings | Use your middle finger to press the D (4th) string down on the 7th fret | Press down on the A (5th) string at the 6th fret using your index finger | Strum from the 5th string to the 2nd strings","[{""type"": ""barre"", ""fret"": 8, ""fromString"": 2, ""toString"": 3}, {""type"": ""finger"", ""string"": 4, ""fret"": 7, ""finger"": 2}, {""type"": ""finger"", ""string"": 5, ""fret"": 6, ""finger"": 1}]",5,,[6],"[1, 2, 3]"
E,Major,"E guitar chord
            (E Major)",https://www.all-guitar-chords.com/chords/index/e/major,"M, maj",1-3-5,E-G#-B,1,"Press the G (3rd) string on the 1st fret with your index finger | Position your ring finger on the D (4th) string at the 2nd fret and press down | With your middle finger, press down on the A (5th) string at the 2nd fret | To play the chord, strum all the strings","[{""type"": ""finger"", ""string"": 3, ""fret"": 1, ""finger"": 1}, {""type"": ""finger"", ""string"": 4, ""fret"": 2, ""finger"": 3}, {""type"": ""finger"", ""string"": 5, ""fret"": 2, ""finger"": 2}, {""type"": ""raw"", ""text"": ""To play the chord, strum all the strings""}]",,,[],"[1, 2, 6]"
,E Minor,"Em guitar chord
            (E Minor)",https://www.all-guitar-chords.com/chords/index/e/minor,"m, min, -",1-b3-5,E-G-B,1,"With your ring finger, press down on the D (4th) string at the 2nd fret | Press the A (5th) string on the 2nd fret with your middle finger | Now, strum all the strings","[{""type"": ""finger"", ""string"": 4, ""fret"": 2, ""finger"": 3}, {""type"": ""finger"", ""string"": 5, ""fret"": 2, ""finger"": 2}, {""type"": ""raw"", ""text"": ""Now, strum all the strings""}]",,,[],"[1, 2, 3, 6]"
,E Dominant Seventh,"E7 guitar chord
            (E Dominant Seventh)",https://www.all-guitar-chords.com/chords/index/e/7,7,1-3-5-b7,E-G#-B-D,1,"With your index finger, press down on the G (3rd) string at the 1st fret | Position your middle finger on the A (5th) string at the 2nd fret and press down | Now, strum all the strings","[{""type"": ""finger"", ""string"": 3, ""fret"": 1, ""finger"": 1}, {""type"": ""finger"", ""string"": 5, ""fret"": 2, ""finger"": 2}, {""type"": ""raw"", ""text"": ""Now, strum all the strings""}]",,,[],"[1, 2, 4, 6]"
,"E Fifth, Power Chord","E5 guitar chord
            (E Fifth, Power Chord)",https://www.all-guitar-chords.com/chords/index/e/5,5,1-5,E-B,1,"Press down on the A (5th) string at the 2nd fret using your index finger | Now, strum all the strings up to the 5th string","[{""type"": ""finger"", ""string"": 5, ""fret"": 2, ""finger"": 1}]",,5,"[1, 2, 3, 4]",[6]
,E Diminished,"Edim guitar chord
            (E Diminished)",https://www.all-guitar-chords.com/chords/index/e/dim,"dim, °",1-b3-b5,E-G-Bb,1,"Press the D (4th) string on the 2nd fret with your middle finger | Place your index finger on the A (5th) string at the 1st fret and press down | Now, strum all the strings up to the 3rd string","[{""type"": ""finger"", ""string"": 4, ""fret"": 2, ""finger"": 2}, {""type"": ""finger"", ""string"": 5, ""fret"": 1, ""finger"": 1}]",,3,"[1, 2]","[3, 6]"
,E Diminished Seventh,"Edim7 guitar chord
            (E Diminished Seventh)",https://www.all-guitar-chords.com/chords/index/e/dim7,"dim7, o7, 7dim",1-b3-b5-6,E-G-Bb-C#,1,Place your ring finger on the B (2nd) string at the 2nd fret and press down | Use your middle finger to press the D (4th) string down on the 2nd fret | Press down on the A (5th) string at the 1st fret using your index finger | Strum from the 5th string to the 2nd strings,"[{""type"": ""finger"", ""string"": 2, ""fret"": 2, ""finger"": 3}, {""type"": ""finger"", ""string"": 4, ""fret"": 2, ""finger"": 2}, {""type"": ""finger"", ""string"": 5, ""fret"": 1, ""finger"": 1}]",5,,[6],"[1, 3]"
,E Augmented,"Eaug guitar chord
            (E Augmented)",https://www.all-guitar-chords.com/chords/index/e/aug,"aug, ""+""",1-3-#5,E-G#-C,1,"Use your middle finger to press the B (2nd) string down on the 1st fret | Press down on the G (3rd) string at the 1st fret using your index finger | Place your ring finger on the D (4th) string at the 2nd fret and press down | Press the A (5th) string on the 3rd fret with your pinky | Now, strum all the strings","[{""type"": ""finger"", ""string"": 2, ""fret"": 1, ""finger"": 2}, {""type"": ""finger"", ""string"": 3, ""fret"": 1, ""finger"": 1}, {""type"": ""finger"", ""string"": 4, ""fret"": 2, ""finger"": 3}, {""type"": ""finger"", ""string"": 5, ""fret"": 3, ""finger"": 4}, {""type"": ""raw"", ""text"": ""Now, strum all the strings""}]",,,[],"[1, 6]"
,E Suspended 2nd,"Esus2 guitar chord
            (E Suspended 2nd)",https://www.all-guitar-chords.com/chords/index/e/sus2,sus2,1-2-5,E-F#-B,1,"Place a barre using your index finger on the 2nd fret from the 1st to the 4th strings | Stretch out your pinky to the 5th fret of the B (2nd) string and press down | Press the G (3rd) string on the 4th fret with your ring finger | Now, strum all the strings starting from the 4th string","[{""type"": ""barre"", ""fret"": 2, ""fromString"": 1, ""toString"": 4}, {""type"": ""finger"", ""string"": 2, ""fret"": 5, ""finger"": 4}, {""type"": ""finger"", ""string"": 3, ""fret"": 4, ""finger"": 3}]",4,,"[5, 6]","[1, 4]"
,E Suspended 4th,"Esus guitar chord
            (E Suspended 4th)",https://www.all-guitar-chords.com/chords/index/e/sus4,"sus, sus4",1-4-5,E-A-B,1,"Barre the 2nd fret with your index finger, extending over the 3rd to the 5th strings | Now, strum all the strings","[{""type"": ""barre"", ""fret"": 2, ""fromString"": 3, ""toString"": 5}, {""type"": ""raw"", ""text"": ""Now, strum all the strings""}]",,,[],"[1, 2, 3, 4, 5, 6]"
,E Major 7th,"Emaj7 guitar chord
            (E Major 7th)",https://www.all-guitar-chords.com/chords/index/e/maj7,"maj7, M7",1-3-5-7,E-G#-B-D#,1,"Press down on the G (3rd) string at the 1st fret using your ring finger | Position your middle finger on the D (4th) string at the 1st fret and press down | Now, strum all the strings up to the 2nd string, mute the 5th string","[{""type"": ""finger"", ""string"": 3, ""fret"": 1, ""finger"": 3}, {""type"": ""finger"", ""string"": 4, ""fret"": 1, ""finger"": 2}]",,2,"[1, 5]","[2, 6]"
,E Minor 7th,"Em7 guitar chord
            (E Minor 7th)",https://www.all-guitar-chords.com/chords/index/e/m7,"m7, min7, -7",1-b3-5-b7,E-G-B-D,1,"Use your index finger to press the A (5th) string down on the 2nd fret | To play the chord, strum all the strings","[{""type"": ""finger"", ""string"": 5, ""fret"": 2, ""finger"": 1}, {""type"": ""raw"", ""text"": ""To play the chord, strum all the strings""}]",,,[],"[1, 2, 3, 4, 6]"
,E Dominant 7th Suspended 4th,"E7sus4 guitar chord
            (E Dominant 7th Suspended 4th)",https://www.all-guitar-chords.com/chords/index/e/7sus4,"7sus4, 7sus",1-4-5-b7,E-A-B-D,1,"Position your middle finger on the G (3rd) string at the 2nd fret and press down | With your index finger, press down on the A (5th) string at the 2nd fret | Now, strum all the strings","[{""type"": ""finger"", ""string"": 3, ""fret"": 2, ""finger"": 2}, {""type"": ""finger"", ""string"": 5, ""fret"": 2, ""finger"": 1}, {""type"": ""raw"", ""text"": ""Now, strum all the strings""}]",,,[],"[1, 2, 4, 6]"
,E Major 9th,"Emaj9 guitar chord
            (E Major 9th)",https://www.all-guitar-chords.com/chords/index/e/maj9,"maj9, M9, maj7(9)",1-3-5-7-9,E-G#-B-D#-F#,1,"Barre the 2nd fret with your index finger, extending over the 1st to the 4th strings | Press the B (2nd) string on the 4th fret with your pinky | Place your ring finger on the G (3rd) string at the 4th fret and press down | Now, strum all the strings starting from the 4th string","[{""type"": ""barre"", ""fret"": 2, ""fromString"": 1, ""toString"": 4}, {""type"": ""finger"", ""string"": 2, ""fret"": 4, ""finger"": 4}, {""type"": ""finger"", ""string"": 3, ""fret"": 4, ""finger"": 3}]",4,,"[5, 6]","[1, 4]"
,E Major 11th,"Emaj11 guitar chord
            (E Major 11th)",https://www.all-guitar-chords.com/chords/index/e/maj11,"maj11, M11",1-3-5-7-9-11,E-G#-B-D#-F#-A,1,"Apply a barre with your index finger across the 5th fret, covering the 1st to the 2nd strings | Stretch out your pinky to the 8th fret of the G (3rd) string and press down | Press down on the D (4th) string at the 6th fret using your middle finger | Use your ring finger to press the A (5th) string down on the 7th fret | Now, strum all the strings starting from the 5th string","[{""type"": ""barre"", ""fret"": 5, ""fromString"": 1, ""toString"": 2}, {""type"": ""finger"", ""string"": 3, ""fret"": 8, ""finger"": 4}, {""type"": ""finger"", ""string"": 4, ""fret"": 6, ""finger"": 2}, {""type"": ""finger"", ""string"": 5, ""fret"": 7, ""finger"": 3}]",5,,[6],"[1, 2]"
,E Major 13th,"Emaj13 guitar chord
            (E Major 13th)",https://www.all-guitar-chords.com/chords/index/e/maj13,"maj13, M13, maj7(9,13),maj7(6/9)",1-3-5-7-9-13,E-G#-B-D#-F#-C#,1,"Barre the 2nd fret with your middle finger, extending over the 1st to the 2nd strings | Barre the 1st fret with your index finger, extending over the 3rd to the 4th strings | To play the chord, strum all the strings, mute the 5th string","[{""type"": ""barre"", ""fret"": 2, ""fromString"": 1, ""toString"": 2}, {""type"": ""barre"", ""fret"": 1, ""fromString"": 3, ""toString"": 4}, {""type"": ""raw"", ""text"": ""To play the chord, strum all the strings, mute the 5th string""}]",,,[5],"[1, 2, 3, 4, 6]"
,#11,"Emaj9(#11) guitar chord
            (E Major 9th, Sharp 11th)",https://www.all-guitar-chords.com/chords/index/e/maj9*11,"maj9(#11), maj7(9,#11)",1-3-5-7-9-#11,E-G#-B-D#-F#-A#,1,"Barre the 6th fret with your index finger, extending over the 1st to the 4th strings | Position your ring finger on the B (2nd) string at the 7th fret and press down | Press down on the G (3rd) string at the 8th fret using your pinky | With your middle finger, press down on the A (5th) string at the 7th fret | Now, strum all the strings starting from the 5th string","[{""type"": ""barre"", ""fret"": 6, ""fromString"": 1, ""toString"": 4}, {""type"": ""finger"", ""string"": 2, ""fret"": 7, ""finger"": 3}, {""type"": ""finger"", ""string"": 3, ""fret"": 8, ""finger"": 4}, {""type"": ""finger"", ""string"": 5, ""fret"": 7, ""finger"": 2}]",5,,[6],"[1, 4]"
,#11,"Emaj13(#11) guitar chord
            (E Major 13th, Sharp 11th)",https://www.all-guitar-chords.com/chords/index/e/maj13*11,"maj13(#11), maj7(13,#11), maj9(#11,13)",1-3-5-7-9-#11-13,E-G#-B-D#-F#-A#-C#,1,"Barre the 6th fret with your index finger, extending over the 1st to the 4th strings | Place your ring finger on the B (2nd) string at the 7th fret and press down | Use your middle finger to press the A (5th) string down on the 7th fret | Now, strum all the strings starting from the 5th string","[{""type"": ""barre"", ""fret"": 6, ""fromString"": 1, ""toString"": 4}, {""type"": ""finger"", ""string"": 2, ""fret"": 7, ""finger"": 3}, {""type"": ""finger"", ""string"": 5, ""fret"": 7, ""finger"": 2}]",5,,[6],"[1, 3, 4]"
,E Major Added 9th,"Eadd9 guitar chord
            (E Major Added 9th)",https://www.all-guitar-chords.com/chords/index/e/add9,add9,1-3-5-9,E-G#-B-F#,1,"Barre the 4th fret with your index finger, extending over the 1st to the 3rd strings | Stretch out your pinky to the 7th fret of the B (2nd) string and press down | With your middle finger, press down on the D (4th) string at the 6th fret | Stretch out your ring finger to the 7th fret of the A (5th) string and press down | Now, strum all the strings starting from the 5th string","[{""type"": ""barre"", ""fret"": 4, ""fromString"": 1, ""toString"": 3}, {""type"": ""finger"", ""string"": 2, ""fret"": 7, ""finger"": 4}, {""type"": ""finger"", ""string"": 4, ""fret"": 6, ""finger"": 2}, {""type"": ""finger"", ""string"": 5, ""fret"": 7, ""finger"": 3}]",5,,[6],"[1, 3]"
,"E Major 6th, Added 9th","E6add9 guitar chord
            (E Major 6th, Added 9th)",https://www.all-guitar-chords.com/chords/index/e/6add9,"6add9, add6/9, 6/9",1-3-5-6-9,E-G#-B-C#-F#,1,"With your pinky, press down on the E (1st) string at the 7th fret | Press the B (2nd) string on the 7th fret with your ring finger | Place a barre using your index finger on the 6th fret from the 3rd to the 4th strings | Place your middle finger on the A (5th) string at the 7th fret and press down | Now, strum all the strings starting from the 5th string","[{""type"": ""finger"", ""string"": 1, ""fret"": 7, ""finger"": 4}, {""type"": ""finger"", ""string"": 2, ""fret"": 7, ""finger"": 3}, {""type"": ""barre"", ""fret"": 6, ""fromString"": 3, ""toString"": 4}, {""type"": ""finger"", ""string"": 5, ""fret"": 7, ""finger"": 2}]",5,,[6],"[3, 4]"
,b5,"Emaj7(b5) guitar chord
            (E Major 7th, Flat 5th)",https://www.all-guitar-chords.com/chords/index/e/maj7b5,maj7(b5),1-3-b5-7,E-G#-Bb-D#,1,"Place a barre using your pinky on the 4th fret from the 1st to the 2nd strings | Place your middle finger on the G (3rd) string at the 3rd fret and press down | Use your index finger to press the D (4th) string down on the 2nd fret | Now, strum all the strings starting from the 4th string","[{""type"": ""barre"", ""fret"": 4, ""fromString"": 1, ""toString"": 2}, {""type"": ""finger"", ""string"": 3, ""fret"": 3, ""finger"": 2}, {""type"": ""finger"", ""string"": 4, ""fret"": 2, ""finger"": 1}]",4,,"[5, 6]","[1, 2]"
,#5,"Emaj7(#5) guitar chord
            (E Major 7th, Sharp 5th)",https://www.all-guitar-chords.com/chords/index/e/maj7*5,"maj7(#5), maj7+, +7+5",1-3-#5-7,E-G#-C-D#,1,"Barre the 1st fret with your index finger, extending over the 2nd to the 4th strings | Now, strum all the strings up to the 2nd string, mute the 5th string","[{""type"": ""barre"", ""fret"": 1, ""fromString"": 2, ""toString"": 4}]",,2,"[1, 5]","[2, 3, 4, 6]"
,E Minor 6th,"Em6 guitar chord
            (E Minor 6th)",https://www.all-guitar-chords.com/chords/index/e/m6,"m6, min6, m(add6), -6",1-b3-5-6,E-G-B-C#,1,"Position your pinky on the B (2nd) string at the 2nd fret and press down | With your ring finger, press down on the D (4th) string at the 2nd fret | Press the A (5th) string on the 2nd fret with your middle finger | Now, strum all the strings","[{""type"": ""finger"", ""string"": 2, ""fret"": 2, ""finger"": 4}, {""type"": ""finger"", ""string"": 4, ""fret"": 2, ""finger"": 3}, {""type"": ""finger"", ""string"": 5, ""fret"": 2, ""finger"": 2}, {""type"": ""raw"", ""text"": ""Now, strum all the strings""}]",,,[],"[1, 3, 6]"
,E Minor 9th,"Em9 guitar chord
            (E Minor 9th)",https://www.all-guitar-chords.com/chords/index/e/m9,"m9, min9, -9",1-b3-5-b7-9,E-G-B-D-F#,1,"Use your index finger to press the E (1st) string down on the 2nd fret | To play the chord, strum all the strings, mute the 5th string","[{""type"": ""finger"", ""string"": 1, ""fret"": 2, ""finger"": 1}, {""type"": ""raw"", ""text"": ""To play the chord, strum all the strings, mute the 5th string""}]",,,[5],"[2, 3, 4, 6]"
,E Minor 11th,"Em11 guitar chord
            (E Minor 11th)",https://www.all-guitar-chords.com/chords/index/e/m11,"m11, min11, -11",1-b3-5-b7-9-11,E-G-B-D-F#-A,1,"To play the chord, strum all the strings","[{""type"": ""raw"", ""text"": ""To play the chord, strum all the strings""}]",,,[],"[1, 2, 3, 4, 5, 6]"
,E Minor 13th,"Em13 guitar chord
            (E Minor 13th)",https://www.all-guitar-chords.com/chords/index/e/m13,"m13, min13, -13",1-b3-5-b7-9-11-13,E-G-B-D-F#-A-C#,1,"Use your pinky to press the E (1st) string down on the 2nd fret | Press down on the B (2nd) string at the 2nd fret using your ring finger | Position your middle finger on the A (5th) string at the 2nd fret and press down | Now, strum all the strings","[{""type"": ""finger"", ""string"": 1, ""fret"": 2, ""finger"": 4}, {""type"": ""finger"", ""string"": 2, ""fret"": 2, ""finger"": 3}, {""type"": ""finger"", ""string"": 5, ""fret"": 2, ""finger"": 2}, {""type"": ""raw"", ""text"": ""Now, strum all the strings""}]",,,[],"[3, 4, 6]"
,add9,"Em(add9) guitar chord
            (E Minor, Added 9th)",https://www.all-guitar-chords.com/chords/index/e/madd9,"m(add9), m9(no 7th)",1-b3-5-9,E-G-B-F#,1,Stretch out your pinky to the 7th fret of the B (2nd) string and press down | Position your index finger on the G (3rd) string at the 4th fret and press down | Press down on the D (4th) string at the 5th fret using your middle finger | Stretch out your ring finger to the 7th fret of the A (5th) string and press down | Strum from the 5th string to the 2nd strings,"[{""type"": ""finger"", ""string"": 2, ""fret"": 7, ""finger"": 4}, {""type"": ""finger"", ""string"": 3, ""fret"": 4, ""finger"": 1}, {""type"": ""finger"", ""string"": 4, ""fret"": 5, ""finger"": 2}, {""type"": ""finger"", ""string"": 5, ""fret"": 7, ""finger"": 3}]",5,,[6],[1]
,"E Minor 6yh, Added 9th","Em6add9 guitar chord
            (E Minor 6yh, Added 9th)",https://www.all-guitar-chords.com/chords/index/e/m6add9,"m6add9, m6/9, min6/9, m(add6,9), -6/9",1-b3-5-6-9,E-G-B-C#-F#,1,"Position your pinky on the E (1st) string at the 2nd fret and press down | With your ring finger, press down on the B (2nd) string at the 2nd fret | Press the D (4th) string on the 2nd fret with your middle finger | Now, strum all the strings starting from the 4th string","[{""type"": ""finger"", ""string"": 1, ""fret"": 2, ""finger"": 4}, {""type"": ""finger"", ""string"": 2, ""fret"": 2, ""finger"": 3}, {""type"": ""finger"", ""string"": 4, ""fret"": 2, ""finger"": 2}]",4,,"[5, 6]",[3]
,"E Minor, Major 7th","Emmaj7 guitar chord
            (E Minor, Major 7th)",https://www.all-guitar-chords.com/chords/index/e/mmaj7,"mmaj7, min(maj7), -(maj7), mM7, m+7",1-b3-5-7,E-G-B-D#,1,"With your index finger, press down on the D (4th) string at the 1st fret | Position your middle finger on the A (5th) string at the 2nd fret and press down | Now, strum all the strings","[{""type"": ""finger"", ""string"": 4, ""fret"": 1, ""finger"": 1}, {""type"": ""finger"", ""string"": 5, ""fret"": 2, ""finger"": 2}, {""type"": ""raw"", ""text"": ""Now, strum all the strings""}]",,,[],"[1, 2, 3, 6]"
,"E Minor 9th, Major 7th","Emmaj9 guitar chord
            (E Minor 9th, Major 7th)",https://www.all-guitar-chords.com/chords/index/e/mmaj9,"mmaj9, min(maj9), m9(maj7), mM9",1-b3-5-7-9,E-G-B-D#-F#,1,"Place your ring finger on the E (1st) string at the 2nd fret and press down | Press down on the D (4th) string at the 1st fret using your index finger | Use your middle finger to press the A (5th) string down on the 2nd fret | Now, strum all the strings","[{""type"": ""finger"", ""string"": 1, ""fret"": 2, ""finger"": 3}, {""type"": ""finger"", ""string"": 4, ""fret"": 1, ""finger"": 1}, {""type"": ""finger"", ""string"": 5, ""fret"": 2, ""finger"": 2}, {""type"": ""raw"", ""text"": ""Now, strum all the strings""}]",,,[],"[2, 3, 6]"
,E Half-diminished Minor 7,"Em7b5 guitar chord
            (E Half-diminished Minor 7)",https://www.all-guitar-chords.com/chords/index/e/m7b5,"m7b5, m7-5, ø",1-b3-b5-b7,E-G-Bb-D,1,"Position your pinky on the B (2nd) string at the 3rd fret and press down | Place your index finger on the A (5th) string at the 1st fret and press down | Now, strum all the strings","[{""type"": ""finger"", ""string"": 2, ""fret"": 3, ""finger"": 4}, {""type"": ""finger"", ""string"": 5, ""fret"": 1, ""finger"": 1}, {""type"": ""raw"", ""text"": ""Now, strum all the strings""}]",,,[],"[1, 3, 4, 6]"
,"E Minor 7th, Sharp 5th","Em7#5 guitar chord
            (E Minor 7th, Sharp 5th)",https://www.all-guitar-chords.com/chords/index/e/m7*5,"m7#5, m7+",1-b3-#5-b7,E-G-C-D,1,"Press the B (2nd) string on the 1st fret with your index finger | Now, strum all the strings up to the 2nd string, mute the 5th string","[{""type"": ""finger"", ""string"": 2, ""fret"": 1, ""finger"": 1}]",,2,"[1, 5]","[3, 4, 6]"
,E Major 6th,"E6 guitar chord
            (E Major 6th)",https://www.all-guitar-chords.com/chords/index/e/6,"6, M6, maj6, add6",1-3-5-6,E-G#-B-C#,1,"Position your pinky on the B (2nd) string at the 2nd fret and press down | Place your index finger on the G (3rd) string at the 1st fret and press down | With your ring finger, press down on the D (4th) string at the 2nd fret | Press the A (5th) string on the 2nd fret with your middle finger | Now, strum all the strings starting from the 5th string","[{""type"": ""finger"", ""string"": 2, ""fret"": 2, ""finger"": 4}, {""type"": ""finger"", ""string"": 3, ""fret"": 1, ""finger"": 1}, {""type"": ""finger"", ""string"": 4, ""fret"": 2, ""finger"": 3}, {""type"": ""finger"", ""string"": 5, ""fret"": 2, ""finger"": 2}]",5,,[6],[1]
,E Dominant 9th,"E9 guitar chord
            (E Dominant 9th)",https://www.all-guitar-chords.com/chords/index/e/9,9,1-3-5-b7-9,E-G#-B-D-F#,1,"Press the E (1st) string on the 2nd fret with your pinky | Press down on the G (3rd) string at the 1st fret using your index finger | Use your middle finger to press the A (5th) string down on the 2nd fret | Now, strum all the strings","[{""type"": ""finger"", ""string"": 1, ""fret"": 2, ""finger"": 4}, {""type"": ""finger"", ""string"": 3, ""fret"": 1, ""finger"": 1}, {""type"": ""finger"", ""string"": 5, ""fret"": 2, ""finger"": 2}, {""type"": ""raw"", ""text"": ""Now, strum all the strings""}]",,,[],"[2, 4, 6]"
,E Dominant 11th,"E11 guitar chord
            (E Dominant 11th)",https://www.all-guitar-chords.com/chords/index/e/11,11,1-3-5-b7-9-11,E-G#-B-D-F#-A,1,"Use your index finger to press the E (1st) string down on the 5th fret | With your pinky, press down on the B (2nd) string at the 7th fret | Press the G (3rd) string on the 7th fret with your ring finger | Place your middle finger on the A (5th) string at the 7th fret and press down | Now, strum all the strings starting from the 5th string, mute the 4th string","[{""type"": ""finger"", ""string"": 1, ""fret"": 5, ""finger"": 1}, {""type"": ""finger"", ""string"": 2, ""fret"": 7, ""finger"": 4}, {""type"": ""finger"", ""string"": 3, ""fret"": 7, ""finger"": 3}, {""type"": ""finger"", ""string"": 5, ""fret"": 7, ""finger"": 2}]",5,,"[4, 6]",[]
,E Dominant 13th,"E13 guitar chord
            (E Dominant 13th)",https://www.all-guitar-chords.com/chords/index/e/13,13,1-3-5-b7-9-13,E-G#-B-D-F#-C#,1,"Press the B (2nd) string on the 2nd fret with your middle finger | Place your index finger on the G (3rd) string at the 1st fret and press down | Now, strum all the strings up to the 2nd string, mute the 5th string","[{""type"": ""finger"", ""string"": 2, ""fret"": 2, ""finger"": 2}, {""type"": ""finger"", ""string"": 3, ""fret"": 1, ""finger"": 1}]",,2,"[1, 5]","[4, 6]"
,"E Dominant 7th, Flat 5th","E7b5 guitar chord
            (E Dominant 7th, Flat 5th)",https://www.all-guitar-chords.com/chords/index/e/7b5,"7b5, 7-5",1-3-b5-b7,E-G#-Bb-D,1,"Position your ring finger on the B (2nd) string at the 3rd fret and press down | Barre the 1st fret with your index finger, extending over the 3rd to the 5th strings | With your middle finger, press down on the D (4th) string at the 2nd fret | Strum from the 5th string to the 2nd strings","[{""type"": ""finger"", ""string"": 2, ""fret"": 3, ""finger"": 3}, {""type"": ""barre"", ""fret"": 1, ""fromString"": 3, ""toString"": 5}, {""type"": ""finger"", ""string"": 4, ""fret"": 2, ""finger"": 2}]",5,,[6],"[1, 3, 5]"
,"E Dominant 7th, Sharp 5th","E7#5 guitar chord
            (E Dominant 7th, Sharp 5th)",https://www.all-guitar-chords.com/chords/index/e/7*5,"7#5, 7maj5, 7+5, +7",1-3-#5-b7,E-G#-C-D,1,"Press the B (2nd) string on the 1st fret with your ring finger | Place your middle finger on the G (3rd) string at the 1st fret and press down | Now, strum all the strings up to the 2nd string, mute the 5th string","[{""type"": ""finger"", ""string"": 2, ""fret"": 1, ""finger"": 3}, {""type"": ""finger"", ""string"": 3, ""fret"": 1, ""finger"": 2}]",,2,"[1, 5]","[4, 6]"
,"E Dominant 7th, Flat 9th","E7b9 guitar chord
            (E Dominant 7th, Flat 9th)",https://www.all-guitar-chords.com/chords/index/e/7b9,"7b9, 7-9",1-3-5-b7-b9,E-G#-B-D-F,1,"Use your middle finger to press the E (1st) string down on the 1st fret | Press down on the G (3rd) string at the 1st fret using your index finger | Press the A (5th) string on the 2nd fret with your pinky | Now, strum all the strings","[{""type"": ""finger"", ""string"": 1, ""fret"": 1, ""finger"": 2}, {""type"": ""finger"", ""string"": 3, ""fret"": 1, ""finger"": 1}, {""type"": ""finger"", ""string"": 5, ""fret"": 2, ""finger"": 4}, {""type"": ""raw"", ""text"": ""Now, strum all the strings""}]",,,[],"[2, 4, 6]"
,"E Dominant 7th, Sharp 9th","E7#9 guitar chord
            (E Dominant 7th, Sharp 9th)",https://www.all-guitar-chords.com/chords/index/e/7*9,"7#9, 7+9, 7b10",1-3-5-b7-#9,E-G#-B-D-G,1,"Position your pinky on the E (1st) string at the 3rd fret and press down | With your ring finger, press down on the B (2nd) string at the 3rd fret | Place your index finger on the G (3rd) string at the 1st fret and press down | Press the A (5th) string on the 2nd fret with your middle finger | Now, strum all the strings","[{""type"": ""finger"", ""string"": 1, ""fret"": 3, ""finger"": 4}, {""type"": ""finger"", ""string"": 2, ""fret"": 3, ""finger"": 3}, {""type"": ""finger"", ""string"": 3, ""fret"": 1, ""finger"": 1}, {""type"": ""finger"", ""string"": 5, ""fret"": 2, ""finger"": 2}, {""type"": ""raw"", ""text"": ""Now, strum all the strings""}]",,,[],"[4, 6]"
,"b5,b9","E7(b5,b9) guitar chord
            (E Dominant 7th, Flat 5th, Flat 9th)","https://www.all-guitar-chords.com/chords/index/e/7%28b5,b9%29","7(b5,b9), 7(-5,-9)",1-3-b5-b7-b9,E-G#-Bb-D-F,1,"Apply a barre with your index finger across the 6th fret, covering the 1st to the 4th strings | Use your ring finger to press the G (3rd) string down on the 7th fret | Press down on the A (5th) string at the 7th fret using your middle finger | Now, strum all the strings starting from the 5th string","[{""type"": ""barre"", ""fret"": 6, ""fromString"": 1, ""toString"": 4}, {""type"": ""finger"", ""string"": 3, ""fret"": 7, ""finger"": 3}, {""type"": ""finger"", ""string"": 5, ""fret"": 7, ""finger"": 2}]",5,,[6],"[1, 2, 4]"
,"b5,#9","E7(b5,#9) guitar chord
            (E Dominant 7th, Flat 5th, Sharp 9th)","https://www.all-guitar-chords.com/chords/index/e/7%28b5,*9%29","7(b5,#9), 7(-5,+9)",1-3-b5-b7-#9,E-G#-Bb-D-G,1,"Place a barre using your index finger on the 6th fret from the 1st to the 4th strings | With your pinky, press down on the B (2nd) string at the 8th fret | Press the G (3rd) string on the 7th fret with your ring finger | Place your middle finger on the A (5th) string at the 7th fret and press down | Now, strum all the strings starting from the 5th string","[{""type"": ""barre"", ""fret"": 6, ""fromString"": 1, ""toString"": 4}, {""type"": ""finger"", ""string"": 2, ""fret"": 8, ""finger"": 4}, {""type"": ""finger"", ""string"": 3, ""fret"": 7, ""finger"": 3}, {""type"": ""finger"", ""string"": 5, ""fret"": 7, ""finger"": 2}]",5,,[6],"[1, 4]"
,"#5,b9","E7(#5,b9) guitar chord
            (E Dominant 7th, Sharp 5th, Flat 9th)","https://www.all-guitar-chords.com/chords/index/e/7%28*5,b9%29","7(#5,b9), 7(+5,-9), +7b9",1-3-#5-b7-b9,E-G#-C-D-F,1,"Barre the 1st fret with your index finger, extending over the 1st to the 3rd strings | To play the chord, strum all the strings, mute the 5th string","[{""type"": ""barre"", ""fret"": 1, ""fromString"": 1, ""toString"": 3}, {""type"": ""raw"", ""text"": ""To play the chord, strum all the strings, mute the 5th string""}]",,,[5],"[1, 2, 3, 4, 6]"
,"#5,#9","E7(#5,#9) guitar chord
            (E Dominant 7th, Sharp 5th, Sharp 9th)","https://www.all-guitar-chords.com/chords/index/e/7%28*5,*9%29","7(#5,#9), 7(+5,+9), +7#9",1-3-#5-b7-#9,E-G#-C-D-G,1,"Barre the 8th fret with your pinky, extending over the 1st to the 2nd strings | Place your ring finger on the G (3rd) string at the 7th fret and press down | Press down on the D (4th) string at the 6th fret using your index finger | Use your middle finger to press the A (5th) string down on the 7th fret | Now, strum all the strings starting from the 5th string","[{""type"": ""barre"", ""fret"": 8, ""fromString"": 1, ""toString"": 2}, {""type"": ""finger"", ""string"": 3, ""fret"": 7, ""finger"": 3}, {""type"": ""finger"", ""string"": 4, ""fret"": 6, ""finger"": 1}, {""type"": ""finger"", ""string"": 5, ""fret"": 7, ""finger"": 2}]",5,,[6],"[1, 2]"
,"E Dominat 9th, Flat 5th","E9b5 guitar chord
            (E Dominat 9th, Flat 5th)",https://www.all-guitar-chords.com/chords/index/e/9b5,"9b5, 7(b5,9), 9-5",1-3-b5-b7-9,E-G#-Bb-D-F#,1,"Apply a barre with your index finger across the 6th fret, covering the 1st to the 4th strings | Position your pinky on the B (2nd) string at the 7th fret and press down | With your ring finger, press down on the G (3rd) string at the 7th fret | Press the A (5th) string on the 7th fret with your middle finger | Now, strum all the strings starting from the 5th string","[{""type"": ""barre"", ""fret"": 6, ""fromString"": 1, ""toString"": 4}, {""type"": ""finger"", ""string"": 2, ""fret"": 7, ""finger"": 4}, {""type"": ""finger"", ""string"": 3, ""fret"": 7, ""finger"": 3}, {""type"": ""finger"", ""string"": 5, ""fret"": 7, ""finger"": 2}]",5,,[6],"[1, 4]"
,"E Dominat 9th, Sharp 5th","E9#5 guitar chord
            (E Dominat 9th, Sharp 5th)",https://www.all-guitar-chords.com/chords/index/e/9*5,"9#5, 7(#5,9), 9+5, +9",1-3-#5-b7-9,E-G#-C-D-F#,1,"Position your pinky on the E (1st) string at the 2nd fret and press down | Press the B (2nd) string on the 1st fret with your middle finger | Place your index finger on the G (3rd) string at the 1st fret and press down | Now, strum all the strings, mute the 5th string","[{""type"": ""finger"", ""string"": 1, ""fret"": 2, ""finger"": 4}, {""type"": ""finger"", ""string"": 2, ""fret"": 1, ""finger"": 2}, {""type"": ""finger"", ""string"": 3, ""fret"": 1, ""finger"": 1}, {""type"": ""raw"", ""text"": ""Now, strum all the strings, mute the 5th string""}]",,,[5],"[4, 6]"
,"E Dominant 13th, Added Sharp 11th","E13#11 guitar chord
            (E Dominant 13th, Added Sharp 11th)",https://www.all-guitar-chords.com/chords/index/e/13*11,"13#11, 13+11, 7(9,#11,13)",1-3-5-b7-9-#11-13,E-G#-B-D-F#-A#-C#,1,"Press the E (1st) string on the 2nd fret with your pinky | Place your ring finger on the B (2nd) string at the 2nd fret and press down | Use your middle finger to press the G (3rd) string down on the 1st fret | Press down on the A (5th) string at the 1st fret using your index finger | Now, strum all the strings","[{""type"": ""finger"", ""string"": 1, ""fret"": 2, ""finger"": 4}, {""type"": ""finger"", ""string"": 2, ""fret"": 2, ""finger"": 3}, {""type"": ""finger"", ""string"": 3, ""fret"": 1, ""finger"": 2}, {""type"": ""finger"", ""string"": 5, ""fret"": 1, ""finger"": 1}, {""type"": ""raw"", ""text"": ""Now, strum all the strings""}]",,,[],"[4, 6]"
,"E Dominant 13th, Flat 9th","E13b9 guitar chord
            (E Dominant 13th, Flat 9th)",https://www.all-guitar-chords.com/chords/index/e/13b9,"13b9, 13-9, 7(b9,13)",1-3-5-b7-b9-13,E-G#-B-D-F-C#,1,"Place your middle finger on the E (1st) string at the 1st fret and press down | Press the B (2nd) string on the 2nd fret with your ring finger | Use your index finger to press the G (3rd) string down on the 1st fret | To play the chord, strum all the strings, mute the 5th string","[{""type"": ""finger"", ""string"": 1, ""fret"": 1, ""finger"": 2}, {""type"": ""finger"", ""string"": 2, ""fret"": 2, ""finger"": 3}, {""type"": ""finger"", ""string"": 3, ""fret"": 1, ""finger"": 1}, {""type"": ""raw"", ""text"": ""To play the chord, strum all the strings, mute the 5th string""}]",,,[5],"[4, 6]"
,"E Dominant 11th, Flat 9th","E11b9 guitar chord
            (E Dominant 11th, Flat 9th)",https://www.all-guitar-chords.com/chords/index/e/11b9,"11b9, 7sus4(b9)",1-5-b7-b9-11,E-B-D-F-A,1,"With your index finger, press down on the E (1st) string at the 1st fret | Use your pinky to press the B (2nd) string down on the 3rd fret | Press down on the G (3rd) string at the 2nd fret using your ring finger | Position your middle finger on the D (4th) string at the 2nd fret and press down | Now, strum all the strings starting from the 4th string","[{""type"": ""finger"", ""string"": 1, ""fret"": 1, ""finger"": 1}, {""type"": ""finger"", ""string"": 2, ""fret"": 3, ""finger"": 4}, {""type"": ""finger"", ""string"": 3, ""fret"": 2, ""finger"": 3}, {""type"": ""finger"", ""string"": 4, ""fret"": 2, ""finger"": 2}]",4,,"[5, 6]",[]
,"E Suspended 2nd, Suspended 4th","Esus2sus4 guitar chord
            (E Suspended 2nd, Suspended 4th)",https://www.all-guitar-chords.com/chords/index/e/sus2sus4,sus2sus4,1-2-4-5,E-F#-A-B,1,"Place your pinky on the E (1st) string at the 2nd fret and press down | Use your ring finger to press the G (3rd) string down on the 2nd fret | Press down on the D (4th) string at the 2nd fret using your middle finger | To play the chord, strum all the strings","[{""type"": ""finger"", ""string"": 1, ""fret"": 2, ""finger"": 4}, {""type"": ""finger"", ""string"": 3, ""fret"": 2, ""finger"": 3}, {""type"": ""finger"", ""string"": 4, ""fret"": 2, ""finger"": 2}, {""type"": ""raw"", ""text"": ""To play the chord, strum all the strings""}]",,,[],"[2, 5, 6]"
,E Major Diminished 5th,"E-5 guitar chord
            (E Major Diminished 5th)",https://www.all-guitar-chords.com/chords/index/e/-5,-5,1-3-b5,E-G#-Bb,1,"Position your middle finger on the G (3rd) string at the 1st fret and press down | Press down on the D (4th) string at the 2nd fret using your ring finger | With your index finger, press down on the A (5th) string at the 1st fret | Now, strum all the strings up to the 3rd string","[{""type"": ""finger"", ""string"": 3, ""fret"": 1, ""finger"": 2}, {""type"": ""finger"", ""string"": 4, ""fret"": 2, ""finger"": 3}, {""type"": ""finger"", ""string"": 5, ""fret"": 1, ""finger"": 1}]",,3,"[1, 2]",[6]
F,Major,"F guitar chord
            (F Major)",https://www.all-guitar-chords.com/chords/index/f/major,"M, maj",1-3-5,F-A-C,1,"Barre the 1st fret with your index finger, extending over all the strings | With your middle finger, press down on the G (3rd) string at the 2nd fret | Press down on the D (4th) string at the 3rd fret using your pinky | Position your ring finger on the A (5th) string at the 3rd fret and press down | To play the chord, strum all the strings","[{""type"": ""barre"", ""fret"": 1, ""fromString"": 1, ""toString"": 6}, {""type"": ""finger"", ""string"": 3, ""fret"": 2, ""finger"": 2}, {""type"": ""finger"", ""string"": 4, ""fret"": 3, ""finger"": 4}, {""type"": ""finger"", ""string"": 5, ""fret"": 3, ""finger"": 3}, {""type"": ""raw"", ""text"": ""To play the chord, strum all the strings""}]",,,[],"[1, 2, 6]"
,F Minor,"Fm guitar chord
            (F Minor)",https://www.all-guitar-chords.com/chords/index/f/minor,"m, min, -",1-b3-5,F-Ab-C,1,"Barre the 1st fret with your index finger, extending over all the strings | Press down on the D (4th) string at the 3rd fret using your pinky | Position your ring finger on the A (5th) string at the 3rd fret and press down | To play the chord, strum all the strings","[{""type"": ""barre"", ""fret"": 1, ""fromString"": 1, ""toString"": 6}, {""type"": ""finger"", ""string"": 4, ""fret"": 3, ""finger"": 4}, {""type"": ""finger"", ""string"": 5, ""fret"": 3, ""finger"": 3}, {""type"": ""raw"", ""text"": ""To play the chord, strum all the strings""}]",,,[],"[1, 2, 3, 6]"
,F Dominant Seventh,"F7 guitar chord
            (F Dominant Seventh)",https://www.all-guitar-chords.com/chords/index/f/7,7,1-3-5-b7,F-A-C-Eb,1,"Apply a barre with your index finger across the 1st fret, covering all the strings | Press the G (3rd) string on the 2nd fret with your middle finger | With your ring finger, press down on the A (5th) string at the 3rd fret | Now, strum all the strings","[{""type"": ""barre"", ""fret"": 1, ""fromString"": 1, ""toString"": 6}, {""type"": ""finger"", ""string"": 3, ""fret"": 2, ""finger"": 2}, {""type"": ""finger"", ""string"": 5, ""fret"": 3, ""finger"": 3}, {""type"": ""raw"", ""text"": ""Now, strum all the strings""}]",,,[],"[1, 2, 4, 6]"
,"F Fifth, Power Chord","F5 guitar chord
            (F Fifth, Power Chord)",https://www.all-guitar-chords.com/chords/index/f/5,5,1-5,F-C,1,"Position your ring finger on the A (5th) string at the 3rd fret and press down | Press the low E (6th) string on the 1st fret with your index finger | Now, strum all the strings up to the 5th string","[{""type"": ""finger"", ""string"": 5, ""fret"": 3, ""finger"": 3}, {""type"": ""finger"", ""string"": 6, ""fret"": 1, ""finger"": 1}]",,5,"[1, 2, 3, 4]",[]
,F Diminished,"Fdim guitar chord
            (F Diminished)",https://www.all-guitar-chords.com/chords/index/f/dim,"dim, °",1-b3-b5,F-Ab-B,1,"Place a barre using your index finger on the 1st fret from the 3rd to the 6th strings | Press down on the D (4th) string at the 3rd fret using your ring finger | Position your middle finger on the A (5th) string at the 2nd fret and press down | Now, strum all the strings up to the 3rd string","[{""type"": ""barre"", ""fret"": 1, ""fromString"": 3, ""toString"": 6}, {""type"": ""finger"", ""string"": 4, ""fret"": 3, ""finger"": 3}, {""type"": ""finger"", ""string"": 5, ""fret"": 2, ""finger"": 2}]",,3,"[1, 2]","[3, 6]"
,F Diminished Seventh,"Fdim7 guitar chord
            (F Diminished Seventh)",https://www.all-guitar-chords.com/chords/index/f/dim7,"dim7, o7, 7dim",1-b3-b5-6,F-Ab-B-D,1,"Press down on the B (2nd) string at the 3rd fret using your pinky | Press the G (3rd) string on the 1st fret with your index finger | Position your ring finger on the D (4th) string at the 3rd fret and press down | With your middle finger, press down on the A (5th) string at the 2nd fret | Strum from the 5th string to the 2nd strings","[{""type"": ""finger"", ""string"": 2, ""fret"": 3, ""finger"": 4}, {""type"": ""finger"", ""string"": 3, ""fret"": 1, ""finger"": 1}, {""type"": ""finger"", ""string"": 4, ""fret"": 3, ""finger"": 3}, {""type"": ""finger"", ""string"": 5, ""fret"": 2, ""finger"": 2}]",5,,[6],[1]
,F Augmented,"Faug guitar chord
            (F Augmented)",https://www.all-guitar-chords.com/chords/index/f/aug,"aug, ""+""",1-3-#5,F-A-C#,1,"Press the E (1st) string on the 1st fret with your index finger | Position your ring finger on the B (2nd) string at the 2nd fret and press down | With your middle finger, press down on the G (3rd) string at the 2nd fret | Press down on the D (4th) string at the 3rd fret using your pinky | Now, strum all the strings starting from the 4th string","[{""type"": ""finger"", ""string"": 1, ""fret"": 1, ""finger"": 1}, {""type"": ""finger"", ""string"": 2, ""fret"": 2, ""finger"": 3}, {""type"": ""finger"", ""string"": 3, ""fret"": 2, ""finger"": 2}, {""type"": ""finger"", ""string"": 4, ""fret"": 3, ""finger"": 4}]",4,,"[5, 6]",[]
,F Suspended 2nd,"Fsus2 guitar chord
            (F Suspended 2nd)",https://www.all-guitar-chords.com/chords/index/f/sus2,sus2,1-2-5,F-G-C,1,"Apply a barre with your index finger across the 3rd fret, covering the 1st to the 4th strings | Stretch out your pinky to the 6th fret of the B (2nd) string and press down | With your ring finger, press down on the G (3rd) string at the 5th fret | Now, strum all the strings starting from the 4th string","[{""type"": ""barre"", ""fret"": 3, ""fromString"": 1, ""toString"": 4}, {""type"": ""finger"", ""string"": 2, ""fret"": 6, ""finger"": 4}, {""type"": ""finger"", ""string"": 3, ""fret"": 5, ""finger"": 3}]",4,,"[5, 6]","[1, 4]"
,F Suspended 4th,"Fsus guitar chord
            (F Suspended 4th)",https://www.all-guitar-chords.com/chords/index/f/sus4,"sus, sus4",1-4-5,F-A#-C,1,"Apply a barre with your index finger across the 1st fret, covering all the strings | Position your pinky on the G (3rd) string at the 3rd fret and press down | With your ring finger, press down on the D (4th) string at the 3rd fret | Press the A (5th) string on the 3rd fret with your middle finger | Now, strum all the strings","[{""type"": ""barre"", ""fret"": 1, ""fromString"": 1, ""toString"": 6}, {""type"": ""finger"", ""string"": 3, ""fret"": 3, ""finger"": 4}, {""type"": ""finger"", ""string"": 4, ""fret"": 3, ""finger"": 3}, {""type"": ""finger"", ""string"": 5, ""fret"": 3, ""finger"": 2}, {""type"": ""raw"", ""text"": ""Now, strum all the strings""}]",,,[],"[1, 2, 6]"
,F Major 7th,"Fmaj7 guitar chord
            (F Major 7th)",https://www.all-guitar-chords.com/chords/index/f/maj7,"maj7, M7",1-3-5-7,F-A-C-E,1,"Position your index finger on the B (2nd) string at the 1st fret and press down | Press down on the G (3rd) string at the 2nd fret using your middle finger | Use your ring finger to press the D (4th) string down on the 3rd fret | Now, strum all the strings starting from the 4th string","[{""type"": ""finger"", ""string"": 2, ""fret"": 1, ""finger"": 1}, {""type"": ""finger"", ""string"": 3, ""fret"": 2, ""finger"": 2}, {""type"": ""finger"", ""string"": 4, ""fret"": 3, ""finger"": 3}]",4,,"[5, 6]",[1]
,F Minor 7th,"Fm7 guitar chord
            (F Minor 7th)",https://www.all-guitar-chords.com/chords/index/f/m7,"m7, min7, -7",1-b3-5-b7,F-Ab-C-Eb,1,"Barre the 1st fret with your index finger, extending over all the strings | Place your ring finger on the A (5th) string at the 3rd fret and press down | Now, strum all the strings","[{""type"": ""barre"", ""fret"": 1, ""fromString"": 1, ""toString"": 6}, {""type"": ""finger"", ""string"": 5, ""fret"": 3, ""finger"": 3}, {""type"": ""raw"", ""text"": ""Now, strum all the strings""}]",,,[],"[1, 2, 3, 4, 6]"
,F Dominant 7th Suspended 4th,"F7sus4 guitar chord
            (F Dominant 7th Suspended 4th)",https://www.all-guitar-chords.com/chords/index/f/7sus4,"7sus4, 7sus",1-4-5-b7,F-A#-C-Eb,1,"Place a barre using your index finger on the 1st fret | With your pinky, press down on the G (3rd) string at the 3rd fret | Press the A (5th) string on the 3rd fret with your ring finger | To play the chord, strum all the strings","[{""type"": ""barre"", ""fret"": 1, ""fromString"": 1, ""toString"": 6}, {""type"": ""finger"", ""string"": 3, ""fret"": 3, ""finger"": 4}, {""type"": ""finger"", ""string"": 5, ""fret"": 3, ""finger"": 3}, {""type"": ""raw"", ""text"": ""To play the chord, strum all the strings""}]",,,[],"[1, 2, 4, 6]"
,F Major 9th,"Fmaj9 guitar chord
            (F Major 9th)",https://www.all-guitar-chords.com/chords/index/f/maj9,"maj9, M9, maj7(9)",1-3-5-7-9,F-A-C-E-G,1,"With your middle finger, press down on the B (2nd) string at the 1st fret | Position your ring finger on the D (4th) string at the 2nd fret and press down | Press the low E (6th) string on the 1st fret with your index finger | Now, strum all the strings up to the 2nd string, mute the 5th string","[{""type"": ""finger"", ""string"": 2, ""fret"": 1, ""finger"": 2}, {""type"": ""finger"", ""string"": 4, ""fret"": 2, ""finger"": 3}, {""type"": ""finger"", ""string"": 6, ""fret"": 1, ""finger"": 1}]",,2,"[1, 5]",[3]
,F Major 11th,"Fmaj11 guitar chord
            (F Major 11th)",https://www.all-guitar-chords.com/chords/index/f/maj11,"maj11, M11",1-3-5-7-9-11,F-A-C-E-G-A#,1,"Barre the 6th fret with your index finger, extending over the 1st to the 2nd strings | Stretch out your pinky to the 9th fret of the G (3rd) string and press down | Use your middle finger to press the D (4th) string down on the 7th fret | Place your ring finger on the A (5th) string at the 8th fret and press down | Now, strum all the strings starting from the 5th string","[{""type"": ""barre"", ""fret"": 6, ""fromString"": 1, ""toString"": 2}, {""type"": ""finger"", ""string"": 3, ""fret"": 9, ""finger"": 4}, {""type"": ""finger"", ""string"": 4, ""fret"": 7, ""finger"": 2}, {""type"": ""finger"", ""string"": 5, ""fret"": 8, ""finger"": 3}]",5,,[6],"[1, 2]"
,F Major 13th,"Fmaj13 guitar chord
            (F Major 13th)",https://www.all-guitar-chords.com/chords/index/f/maj13,"maj13, M13, maj7(9,13),maj7(6/9)",1-3-5-7-9-13,F-A-C-E-G-D,1,"Barre the 3rd fret with your pinky, extending over the 1st to the 2nd strings | Barre the 2nd fret with your middle finger, extending over the 3rd to the 4th strings | Press down on the low E (6th) string at the 1st fret using your index finger | Now, strum all the strings, mute the 5th string","[{""type"": ""barre"", ""fret"": 3, ""fromString"": 1, ""toString"": 2}, {""type"": ""barre"", ""fret"": 2, ""fromString"": 3, ""toString"": 4}, {""type"": ""finger"", ""string"": 6, ""fret"": 1, ""finger"": 1}, {""type"": ""raw"", ""text"": ""Now, strum all the strings, mute the 5th string""}]",,,[5],"[1, 2, 3, 4]"
,#11,"Fmaj9(#11) guitar chord
            (F Major 9th, Sharp 11th)",https://www.all-guitar-chords.com/chords/index/f/maj9*11,"maj9(#11), maj7(9,#11)",1-3-5-7-9-#11,F-A-C-E-G-B,1,"Place a barre using your index finger on the 7th fret from the 1st to the 4th strings | Press down on the B (2nd) string at the 8th fret using your ring finger | Use your pinky to press the G (3rd) string down on the 9th fret | Position your middle finger on the A (5th) string at the 8th fret and press down | Now, strum all the strings starting from the 5th string","[{""type"": ""barre"", ""fret"": 7, ""fromString"": 1, ""toString"": 4}, {""type"": ""finger"", ""string"": 2, ""fret"": 8, ""finger"": 3}, {""type"": ""finger"", ""string"": 3, ""fret"": 9, ""finger"": 4}, {""type"": ""finger"", ""string"": 5, ""fret"": 8, ""finger"": 2}]",5,,[6],"[1, 4]"
,#11,"Fmaj13(#11) guitar chord
            (F Major 13th, Sharp 11th)",https://www.all-guitar-chords.com/chords/index/f/maj13*11,"maj13(#11), maj7(13,#11), maj9(#11,13)",1-3-5-7-9-#11-13,F-A-C-E-G-B-D,1,"Place a barre using your index finger on the 7th fret from the 1st to the 4th strings | Press the B (2nd) string on the 8th fret with your ring finger | Place your middle finger on the A (5th) string at the 8th fret and press down | Now, strum all the strings starting from the 5th string","[{""type"": ""barre"", ""fret"": 7, ""fromString"": 1, ""toString"": 4}, {""type"": ""finger"", ""string"": 2, ""fret"": 8, ""finger"": 3}, {""type"": ""finger"", ""string"": 5, ""fret"": 8, ""finger"": 2}]",5,,[6],"[1, 3, 4]"
,F Major Added 9th,"Fadd9 guitar chord
            (F Major Added 9th)",https://www.all-guitar-chords.com/chords/index/f/add9,add9,1-3-5-9,F-A-C-G,1,"Place a barre using your index finger on the 5th fret from the 1st to the 3rd strings | Stretch out your pinky to the 8th fret of the B (2nd) string and press down | Position your middle finger on the D (4th) string at the 7th fret and press down | Stretch out your ring finger to the 8th fret of the A (5th) string and press down | Now, strum all the strings starting from the 5th string","[{""type"": ""barre"", ""fret"": 5, ""fromString"": 1, ""toString"": 3}, {""type"": ""finger"", ""string"": 2, ""fret"": 8, ""finger"": 4}, {""type"": ""finger"", ""string"": 4, ""fret"": 7, ""finger"": 2}, {""type"": ""finger"", ""string"": 5, ""fret"": 8, ""finger"": 3}]",5,,[6],"[1, 3]"
,"F Major 6th, Added 9th","F6add9 guitar chord
            (F Major 6th, Added 9th)",https://www.all-guitar-chords.com/chords/index/f/6add9,"6add9, add6/9, 6/9",1-3-5-6-9,F-A-C-D-G,1,"Position your pinky on the E (1st) string at the 8th fret and press down | With your ring finger, press down on the B (2nd) string at the 8th fret | Apply a barre with your index finger across the 7th fret, covering the 3rd to the 4th strings | Press the A (5th) string on the 8th fret with your middle finger | Now, strum all the strings starting from the 5th string","[{""type"": ""finger"", ""string"": 1, ""fret"": 8, ""finger"": 4}, {""type"": ""finger"", ""string"": 2, ""fret"": 8, ""finger"": 3}, {""type"": ""barre"", ""fret"": 7, ""fromString"": 3, ""toString"": 4}, {""type"": ""finger"", ""string"": 5, ""fret"": 8, ""finger"": 2}]",5,,[6],"[3, 4]"
,b5,"Fmaj7(b5) guitar chord
            (F Major 7th, Flat 5th)",https://www.all-guitar-chords.com/chords/index/f/maj7b5,maj7(b5),1-3-b5-7,F-A-B-E,1,"Place your ring finger on the G (3rd) string at the 2nd fret and press down | Use your middle finger to press the D (4th) string down on the 2nd fret | Press down on the low E (6th) string at the 1st fret using your index finger | Now, strum all the strings up to the 2nd string, mute the 5th string","[{""type"": ""finger"", ""string"": 3, ""fret"": 2, ""finger"": 3}, {""type"": ""finger"", ""string"": 4, ""fret"": 2, ""finger"": 2}, {""type"": ""finger"", ""string"": 6, ""fret"": 1, ""finger"": 1}]",,2,"[1, 5]",[2]
,#5,"Fmaj7(#5) guitar chord
            (F Major 7th, Sharp 5th)",https://www.all-guitar-chords.com/chords/index/f/maj7*5,"maj7(#5), maj7+, +7+5",1-3-#5-7,F-A-C#-E,1,"Use your middle finger to press the B (2nd) string down on the 2nd fret | Press down on the G (3rd) string at the 2nd fret using your index finger | Place your ring finger on the D (4th) string at the 3rd fret and press down | Now, strum all the strings starting from the 4th string","[{""type"": ""finger"", ""string"": 2, ""fret"": 2, ""finger"": 2}, {""type"": ""finger"", ""string"": 3, ""fret"": 2, ""finger"": 1}, {""type"": ""finger"", ""string"": 4, ""fret"": 3, ""finger"": 3}]",4,,"[5, 6]",[1]
,F Minor 6th,"Fm6 guitar chord
            (F Minor 6th)",https://www.all-guitar-chords.com/chords/index/f/m6,"m6, min6, m(add6), -6",1-b3-5-6,F-Ab-C-D,1,"Position your pinky on the B (2nd) string at the 1st fret and press down | With your ring finger, press down on the G (3rd) string at the 1st fret | Press the low E (6th) string on the 1st fret with your middle finger | Now, strum all the strings up to the 2nd string, mute the 5th string","[{""type"": ""finger"", ""string"": 2, ""fret"": 1, ""finger"": 4}, {""type"": ""finger"", ""string"": 3, ""fret"": 1, ""finger"": 3}, {""type"": ""finger"", ""string"": 6, ""fret"": 1, ""finger"": 2}]",,2,"[1, 5]",[4]
,F Minor 9th,"Fm9 guitar chord
            (F Minor 9th)",https://www.all-guitar-chords.com/chords/index/f/m9,"m9, min9, -9",1-b3-5-b7-9,F-Ab-C-Eb-G,1,"With your pinky, press down on the E (1st) string at the 3rd fret | Place a barre using your index finger on the 1st fret from the 2nd to the 4th strings | Use your index finger to press the low E (6th) string down on the 1st fret | To play the chord, strum all the strings, mute the 5th string","[{""type"": ""finger"", ""string"": 1, ""fret"": 3, ""finger"": 4}, {""type"": ""barre"", ""fret"": 1, ""fromString"": 2, ""toString"": 4}, {""type"": ""finger"", ""string"": 6, ""fret"": 1, ""finger"": 1}, {""type"": ""raw"", ""text"": ""To play the chord, strum all the strings, mute the 5th string""}]",,,[5],"[2, 3, 4]"
,F Minor 11th,"Fm11 guitar chord
            (F Minor 11th)",https://www.all-guitar-chords.com/chords/index/f/m11,"m11, min11, -11",1-b3-5-b7-9-11,F-Ab-C-Eb-G-A#,1,"Apply a barre with your index finger across the 1st fret, covering all the strings | To play the chord, strum all the strings","[{""type"": ""barre"", ""fret"": 1, ""fromString"": 1, ""toString"": 6}, {""type"": ""raw"", ""text"": ""To play the chord, strum all the strings""}]",,,[],"[1, 2, 3, 4, 5, 6]"
,F Minor 13th,"Fm13 guitar chord
            (F Minor 13th)",https://www.all-guitar-chords.com/chords/index/f/m13,"m13, min13, -13",1-b3-5-b7-9-11-13,F-Ab-C-Eb-G-A#-D,1,"Press down on the E (1st) string at the 3rd fret using your pinky | Position your ring finger on the B (2nd) string at the 3rd fret and press down | Barre the 1st fret with your index finger, extending over the 3rd to the 6th strings | With your middle finger, press down on the A (5th) string at the 3rd fret | To play the chord, strum all the strings","[{""type"": ""finger"", ""string"": 1, ""fret"": 3, ""finger"": 4}, {""type"": ""finger"", ""string"": 2, ""fret"": 3, ""finger"": 3}, {""type"": ""barre"", ""fret"": 1, ""fromString"": 3, ""toString"": 6}, {""type"": ""finger"", ""string"": 5, ""fret"": 3, ""finger"": 2}, {""type"": ""raw"", ""text"": ""To play the chord, strum all the strings""}]",,,[],"[3, 4, 6]"
,add9,"Fm(add9) guitar chord
            (F Minor, Added 9th)",https://www.all-guitar-chords.com/chords/index/f/madd9,"m(add9), m9(no 7th)",1-b3-5-9,F-Ab-C-G,1,"Position your pinky on the E (1st) string at the 3rd fret and press down | Apply a barre with your index finger across the 1st fret, covering the 2nd to the 3rd strings | With your ring finger, press down on the D (4th) string at the 3rd fret | Now, strum all the strings starting from the 4th string","[{""type"": ""finger"", ""string"": 1, ""fret"": 3, ""finger"": 4}, {""type"": ""barre"", ""fret"": 1, ""fromString"": 2, ""toString"": 3}, {""type"": ""finger"", ""string"": 4, ""fret"": 3, ""finger"": 3}]",4,,"[5, 6]","[2, 3]"
,"F Minor 6yh, Added 9th","Fm6add9 guitar chord
            (F Minor 6yh, Added 9th)",https://www.all-guitar-chords.com/chords/index/f/m6add9,"m6add9, m6/9, min6/9, m(add6,9), -6/9",1-b3-5-6-9,F-Ab-C-D-G,1,"Press the E (1st) string on the 3rd fret with your pinky | Place your ring finger on the B (2nd) string at the 3rd fret and press down | Press down on the G (3rd) string at the 1st fret using your index finger | Use your middle finger to press the D (4th) string down on the 3rd fret | Now, strum all the strings starting from the 4th string","[{""type"": ""finger"", ""string"": 1, ""fret"": 3, ""finger"": 4}, {""type"": ""finger"", ""string"": 2, ""fret"": 3, ""finger"": 3}, {""type"": ""finger"", ""string"": 3, ""fret"": 1, ""finger"": 1}, {""type"": ""finger"", ""string"": 4, ""fret"": 3, ""finger"": 2}]",4,,"[5, 6]",[]
,"F Minor, Major 7th","Fmmaj7 guitar chord
            (F Minor, Major 7th)",https://www.all-guitar-chords.com/chords/index/f/mmaj7,"mmaj7, min(maj7), -(maj7), mM7, m+7",1-b3-5-7,F-Ab-C-E,1,"With your middle finger, press down on the B (2nd) string at the 1st fret | Press the G (3rd) string on the 1st fret with your index finger | Press down on the D (4th) string at the 3rd fret using your pinky | Now, strum all the strings starting from the 4th string","[{""type"": ""finger"", ""string"": 2, ""fret"": 1, ""finger"": 2}, {""type"": ""finger"", ""string"": 3, ""fret"": 1, ""finger"": 1}, {""type"": ""finger"", ""string"": 4, ""fret"": 3, ""finger"": 4}]",4,,"[5, 6]",[1]
,"F Minor 9th, Major 7th","Fmmaj9 guitar chord
            (F Minor 9th, Major 7th)",https://www.all-guitar-chords.com/chords/index/f/mmaj9,"mmaj9, min(maj9), m9(maj7), mM9",1-b3-5-7-9,F-Ab-C-E-G,1,"With your pinky, press down on the E (1st) string at the 3rd fret | Place a barre using your index finger on the 1st fret from the 2nd to the 6th strings | Place your middle finger on the D (4th) string at the 2nd fret and press down | Press the A (5th) string on the 3rd fret with your ring finger | To play the chord, strum all the strings","[{""type"": ""finger"", ""string"": 1, ""fret"": 3, ""finger"": 4}, {""type"": ""barre"", ""fret"": 1, ""fromString"": 2, ""toString"": 6}, {""type"": ""finger"", ""string"": 4, ""fret"": 2, ""finger"": 2}, {""type"": ""finger"", ""string"": 5, ""fret"": 3, ""finger"": 3}, {""type"": ""raw"", ""text"": ""To play the chord, strum all the strings""}]",,,[],"[2, 3, 6]"
,F Half-diminished Minor 7,"Fm7b5 guitar chord
            (F Half-diminished Minor 7)",https://www.all-guitar-chords.com/chords/index/f/m7b5,"m7b5, m7-5, ø",1-b3-b5-b7,F-Ab-B-Eb,1,"Press the G (3rd) string on the 1st fret with your pinky | Place your ring finger on the D (4th) string at the 1st fret and press down | Use your middle finger to press the low E (6th) string down on the 1st fret | Now, strum all the strings up to the 2nd string, mute the 5th string","[{""type"": ""finger"", ""string"": 3, ""fret"": 1, ""finger"": 4}, {""type"": ""finger"", ""string"": 4, ""fret"": 1, ""finger"": 3}, {""type"": ""finger"", ""string"": 6, ""fret"": 1, ""finger"": 2}]",,2,"[1, 5]",[2]
,"F Minor 7th, Sharp 5th","Fm7#5 guitar chord
            (F Minor 7th, Sharp 5th)",https://www.all-guitar-chords.com/chords/index/f/m7*5,"m7#5, m7+",1-b3-#5-b7,F-Ab-C#-Eb,1,"Press down on the B (2nd) string at the 2nd fret using your pinky | Position your ring finger on the G (3rd) string at the 1st fret and press down | With your middle finger, press down on the D (4th) string at the 1st fret | Press the low E (6th) string on the 1st fret with your index finger | Now, strum all the strings up to the 2nd string, mute the 5th string","[{""type"": ""finger"", ""string"": 2, ""fret"": 2, ""finger"": 4}, {""type"": ""finger"", ""string"": 3, ""fret"": 1, ""finger"": 3}, {""type"": ""finger"", ""string"": 4, ""fret"": 1, ""finger"": 2}, {""type"": ""finger"", ""string"": 6, ""fret"": 1, ""finger"": 1}]",,2,"[1, 5]",[]
,F Major 6th,"F6 guitar chord
            (F Major 6th)",https://www.all-guitar-chords.com/chords/index/f/6,"6, M6, maj6, add6",1-3-5-6,F-A-C-D,1,"Press down on the B (2nd) string at the 1st fret using your middle finger | Place your pinky on the G (3rd) string at the 2nd fret and press down | Position your index finger on the low E (6th) string at the 1st fret and press down | Now, strum all the strings up to the 2nd string, mute the 5th string","[{""type"": ""finger"", ""string"": 2, ""fret"": 1, ""finger"": 2}, {""type"": ""finger"", ""string"": 3, ""fret"": 2, ""finger"": 4}, {""type"": ""finger"", ""string"": 6, ""fret"": 1, ""finger"": 1}]",,2,"[1, 5]",[4]
,F Dominant 9th,"F9 guitar chord
            (F Dominant 9th)",https://www.all-guitar-chords.com/chords/index/f/9,9,1-3-5-b7-9,F-A-C-Eb-G,1,"Press down on the E (1st) string at the 1st fret using your pinky | Position your ring finger on the B (2nd) string at the 1st fret and press down | With your middle finger, press down on the D (4th) string at the 1st fret | Press the low E (6th) string on the 1st fret with your index finger | To play the chord, strum all the strings, mute the 5th string","[{""type"": ""finger"", ""string"": 1, ""fret"": 1, ""finger"": 4}, {""type"": ""finger"", ""string"": 2, ""fret"": 1, ""finger"": 3}, {""type"": ""finger"", ""string"": 4, ""fret"": 1, ""finger"": 2}, {""type"": ""finger"", ""string"": 6, ""fret"": 1, ""finger"": 1}, {""type"": ""raw"", ""text"": ""To play the chord, strum all the strings, mute the 5th string""}]",,,[5],[3]
,F Dominant 11th,"F11 guitar chord
            (F Dominant 11th)",https://www.all-guitar-chords.com/chords/index/f/11,11,1-3-5-b7-9-11,F-A-C-Eb-G-A#,1,"Place your index finger on the E (1st) string at the 6th fret and press down | Position your pinky on the B (2nd) string at the 8th fret and press down | With your ring finger, press down on the G (3rd) string at the 8th fret | Press the A (5th) string on the 8th fret with your middle finger | Now, strum all the strings starting from the 5th string, mute the 4th string","[{""type"": ""finger"", ""string"": 1, ""fret"": 6, ""finger"": 1}, {""type"": ""finger"", ""string"": 2, ""fret"": 8, ""finger"": 4}, {""type"": ""finger"", ""string"": 3, ""fret"": 8, ""finger"": 3}, {""type"": ""finger"", ""string"": 5, ""fret"": 8, ""finger"": 2}]",5,,"[4, 6]",[]
,F Dominant 13th,"F13 guitar chord
            (F Dominant 13th)",https://www.all-guitar-chords.com/chords/index/f/13,13,1-3-5-b7-9-13,F-A-C-Eb-G-D,1,"Position your pinky on the B (2nd) string at the 3rd fret and press down | With your ring finger, press down on the G (3rd) string at the 2nd fret | Press the D (4th) string on the 1st fret with your middle finger | Place your index finger on the low E (6th) string at the 1st fret and press down | Now, strum all the strings up to the 2nd string, mute the 5th string","[{""type"": ""finger"", ""string"": 2, ""fret"": 3, ""finger"": 4}, {""type"": ""finger"", ""string"": 3, ""fret"": 2, ""finger"": 3}, {""type"": ""finger"", ""string"": 4, ""fret"": 1, ""finger"": 2}, {""type"": ""finger"", ""string"": 6, ""fret"": 1, ""finger"": 1}]",,2,"[1, 5]",[]
,"F Dominant 7th, Flat 5th","F7b5 guitar chord
            (F Dominant 7th, Flat 5th)",https://www.all-guitar-chords.com/chords/index/f/7b5,"7b5, 7-5",1-3-b5-b7,F-A-B-Eb,1,"Press the G (3rd) string on the 2nd fret with your ring finger | Place your middle finger on the D (4th) string at the 1st fret and press down | Use your index finger to press the low E (6th) string down on the 1st fret | Now, strum all the strings up to the 2nd string, mute the 5th string","[{""type"": ""finger"", ""string"": 3, ""fret"": 2, ""finger"": 3}, {""type"": ""finger"", ""string"": 4, ""fret"": 1, ""finger"": 2}, {""type"": ""finger"", ""string"": 6, ""fret"": 1, ""finger"": 1}]",,2,"[1, 5]",[2]
,"F Dominant 7th, Sharp 5th","F7#5 guitar chord
            (F Dominant 7th, Sharp 5th)",https://www.all-guitar-chords.com/chords/index/f/7*5,"7#5, 7maj5, 7+5, +7",1-3-#5-b7,F-A-C#-Eb,1,"Use your pinky to press the B (2nd) string down on the 2nd fret | Press down on the G (3rd) string at the 2nd fret using your ring finger | Position your middle finger on the D (4th) string at the 1st fret and press down | With your index finger, press down on the low E (6th) string at the 1st fret | Now, strum all the strings up to the 2nd string, mute the 5th string","[{""type"": ""finger"", ""string"": 2, ""fret"": 2, ""finger"": 4}, {""type"": ""finger"", ""string"": 3, ""fret"": 2, ""finger"": 3}, {""type"": ""finger"", ""string"": 4, ""fret"": 1, ""finger"": 2}, {""type"": ""finger"", ""string"": 6, ""fret"": 1, ""finger"": 1}]",,2,"[1, 5]",[]
,"F Dominant 7th, Flat 9th","F7b9 guitar chord
            (F Dominant 7th, Flat 9th)",https://www.all-guitar-chords.com/chords/index/f/7b9,"7b9, 7-9",1-3-5-b7-b9,F-A-C-Eb-Gb,1,"Position your ring finger on the E (1st) string at the 2nd fret and press down | Barre the 1st fret with your index finger, extending over the 2nd to the 6th strings | With your middle finger, press down on the G (3rd) string at the 2nd fret | Press down on the A (5th) string at the 3rd fret using your pinky | To play the chord, strum all the strings","[{""type"": ""finger"", ""string"": 1, ""fret"": 2, ""finger"": 3}, {""type"": ""barre"", ""fret"": 1, ""fromString"": 2, ""toString"": 6}, {""type"": ""finger"", ""string"": 3, ""fret"": 2, ""finger"": 2}, {""type"": ""finger"", ""string"": 5, ""fret"": 3, ""finger"": 4}, {""type"": ""raw"", ""text"": ""To play the chord, strum all the strings""}]",,,[],"[2, 4, 6]"
,"F Dominant 7th, Sharp 9th","F7#9 guitar chord
            (F Dominant 7th, Sharp 9th)",https://www.all-guitar-chords.com/chords/index/f/7*9,"7#9, 7+9, 7b10",1-3-5-b7-#9,F-A-C-Eb-G#,1,"Apply a barre with your pinky across the 4th fret, covering the 1st to the 2nd strings | Press the G (3rd) string on the 2nd fret with your middle finger | Apply a barre with your index finger across the 1st fret, covering the 4th to the 6th strings | With your ring finger, press down on the A (5th) string at the 3rd fret | Now, strum all the strings","[{""type"": ""barre"", ""fret"": 4, ""fromString"": 1, ""toString"": 2}, {""type"": ""finger"", ""string"": 3, ""fret"": 2, ""finger"": 2}, {""type"": ""barre"", ""fret"": 1, ""fromString"": 4, ""toString"": 6}, {""type"": ""finger"", ""string"": 5, ""fret"": 3, ""finger"": 3}, {""type"": ""raw"", ""text"": ""Now, strum all the strings""}]",,,[],"[1, 2, 4, 6]"
,"b5,b9","F7(b5,b9) guitar chord
            (F Dominant 7th, Flat 5th, Flat 9th)","https://www.all-guitar-chords.com/chords/index/f/7%28b5,b9%29","7(b5,b9), 7(-5,-9)",1-3-b5-b7-b9,F-A-B-Eb-Gb,1,"Barre the 7th fret with your index finger, extending over the 1st to the 4th strings | Place your ring finger on the G (3rd) string at the 8th fret and press down | Use your middle finger to press the A (5th) string down on the 8th fret | Now, strum all the strings starting from the 5th string","[{""type"": ""barre"", ""fret"": 7, ""fromString"": 1, ""toString"": 4}, {""type"": ""finger"", ""string"": 3, ""fret"": 8, ""finger"": 3}, {""type"": ""finger"", ""string"": 5, ""fret"": 8, ""finger"": 2}]",5,,[6],"[1, 2, 4]"
,"b5,#9","F7(b5,#9) guitar chord
            (F Dominant 7th, Flat 5th, Sharp 9th)","https://www.all-guitar-chords.com/chords/index/f/7%28b5,*9%29","7(b5,#9), 7(-5,+9)",1-3-b5-b7-#9,F-A-B-Eb-G#,1,"Apply a barre with your index finger across the 7th fret, covering the 1st to the 4th strings | Position your pinky on the B (2nd) string at the 9th fret and press down | With your ring finger, press down on the G (3rd) string at the 8th fret | Press the A (5th) string on the 8th fret with your middle finger | Now, strum all the strings starting from the 5th string","[{""type"": ""barre"", ""fret"": 7, ""fromString"": 1, ""toString"": 4}, {""type"": ""finger"", ""string"": 2, ""fret"": 9, ""finger"": 4}, {""type"": ""finger"", ""string"": 3, ""fret"": 8, ""finger"": 3}, {""type"": ""finger"", ""string"": 5, ""fret"": 8, ""finger"": 2}]",5,,[6],"[1, 4]"
,"#5,b9","F7(#5,b9) guitar chord
            (F Dominant 7th, Sharp 5th, Flat 9th)","https://www.all-guitar-chords.com/chords/index/f/7%28*5,b9%29","7(#5,b9), 7(+5,-9), +7b9",1-3-#5-b7-b9,F-A-C#-Eb-Gb,1,"Place a barre using your pinky on the 2nd fret from the 1st to the 3rd strings | Position your middle finger on the D (4th) string at the 1st fret and press down | With your index finger, press down on the low E (6th) string at the 1st fret | Now, strum all the strings, mute the 5th string","[{""type"": ""barre"", ""fret"": 2, ""fromString"": 1, ""toString"": 3}, {""type"": ""finger"", ""string"": 4, ""fret"": 1, ""finger"": 2}, {""type"": ""finger"", ""string"": 6, ""fret"": 1, ""finger"": 1}, {""type"": ""raw"", ""text"": ""Now, strum all the strings, mute the 5th string""}]",,,[5],"[1, 2, 3]"
,"#5,#9","F7(#5,#9) guitar chord
            (F Dominant 7th, Sharp 5th, Sharp 9th)","https://www.all-guitar-chords.com/chords/index/f/7%28*5,*9%29","7(#5,#9), 7(+5,+9), +7#9",1-3-#5-b7-#9,F-A-C#-Eb-G#,1,"Place a barre using your pinky on the 9th fret from the 1st to the 2nd strings | Press the G (3rd) string on the 8th fret with your ring finger | Use your index finger to press the D (4th) string down on the 7th fret | Place your middle finger on the A (5th) string at the 8th fret and press down | Now, strum all the strings starting from the 5th string","[{""type"": ""barre"", ""fret"": 9, ""fromString"": 1, ""toString"": 2}, {""type"": ""finger"", ""string"": 3, ""fret"": 8, ""finger"": 3}, {""type"": ""finger"", ""string"": 4, ""fret"": 7, ""finger"": 1}, {""type"": ""finger"", ""string"": 5, ""fret"": 8, ""finger"": 2}]",5,,[6],"[1, 2]"
,"F Dominat 9th, Flat 5th","F9b5 guitar chord
            (F Dominat 9th, Flat 5th)",https://www.all-guitar-chords.com/chords/index/f/9b5,"9b5, 7(b5,9), 9-5",1-3-b5-b7-9,F-A-B-Eb-G,1,"Barre the 7th fret with your index finger, extending over the 1st to the 4th strings | Press down on the B (2nd) string at the 8th fret using your pinky | Position your ring finger on the G (3rd) string at the 8th fret and press down | With your middle finger, press down on the A (5th) string at the 8th fret | Now, strum all the strings starting from the 5th string","[{""type"": ""barre"", ""fret"": 7, ""fromString"": 1, ""toString"": 4}, {""type"": ""finger"", ""string"": 2, ""fret"": 8, ""finger"": 4}, {""type"": ""finger"", ""string"": 3, ""fret"": 8, ""finger"": 3}, {""type"": ""finger"", ""string"": 5, ""fret"": 8, ""finger"": 2}]",5,,[6],"[1, 4]"
,"F Dominat 9th, Sharp 5th","F9#5 guitar chord
            (F Dominat 9th, Sharp 5th)",https://www.all-guitar-chords.com/chords/index/f/9*5,"9#5, 7(#5,9), 9+5, +9",1-3-#5-b7-9,F-A-C#-Eb-G,1,"Place your pinky on the E (1st) string at the 3rd fret and press down | Use your ring finger to press the B (2nd) string down on the 2nd fret | Press down on the G (3rd) string at the 2nd fret using your middle finger | Position your index finger on the D (4th) string at the 1st fret and press down | With your thumb, press down on the low E (6th) string at the 1st fret | To play the chord, strum all the strings, mute the 5th string","[{""type"": ""finger"", ""string"": 1, ""fret"": 3, ""finger"": 4}, {""type"": ""finger"", ""string"": 2, ""fret"": 2, ""finger"": 3}, {""type"": ""finger"", ""string"": 3, ""fret"": 2, ""finger"": 2}, {""type"": ""finger"", ""string"": 4, ""fret"": 1, ""finger"": 1}, {""type"": ""finger"", ""string"": 6, ""fret"": 1, ""finger"": 0}, {""type"": ""raw"", ""text"": ""To play the chord, strum all the strings, mute the 5th string""}]",,,[5],[]
,"F Dominant 13th, Added Sharp 11th","F13#11 guitar chord
            (F Dominant 13th, Added Sharp 11th)",https://www.all-guitar-chords.com/chords/index/f/13*11,"13#11, 13+11, 7(9,#11,13)",1-3-5-b7-9-#11-13,F-A-C-Eb-G-B-D,1,"Apply a barre with your pinky across the 3rd fret, covering the 1st to the 2nd strings | With your ring finger, press down on the G (3rd) string at the 2nd fret | Apply a barre with your index finger across the 1st fret, covering the 4th to the 6th strings | Press the A (5th) string on the 2nd fret with your middle finger | Now, strum all the strings","[{""type"": ""barre"", ""fret"": 3, ""fromString"": 1, ""toString"": 2}, {""type"": ""finger"", ""string"": 3, ""fret"": 2, ""finger"": 3}, {""type"": ""barre"", ""fret"": 1, ""fromString"": 4, ""toString"": 6}, {""type"": ""finger"", ""string"": 5, ""fret"": 2, ""finger"": 2}, {""type"": ""raw"", ""text"": ""Now, strum all the strings""}]",,,[],"[1, 2, 4, 6]"
,"F Dominant 13th, Flat 9th","F13b9 guitar chord
            (F Dominant 13th, Flat 9th)",https://www.all-guitar-chords.com/chords/index/f/13b9,"13b9, 13-9, 7(b9,13)",1-3-5-b7-b9-13,F-A-C-Eb-Gb-D,1,"Use your ring finger to press the E (1st) string down on the 2nd fret | Place your pinky on the B (2nd) string at the 3rd fret and press down | Press down on the G (3rd) string at the 2nd fret using your middle finger | Position your index finger on the D (4th) string at the 1st fret and press down | With your thumb, press down on the low E (6th) string at the 1st fret | To play the chord, strum all the strings, mute the 5th string","[{""type"": ""finger"", ""string"": 1, ""fret"": 2, ""finger"": 3}, {""type"": ""finger"", ""string"": 2, ""fret"": 3, ""finger"": 4}, {""type"": ""finger"", ""string"": 3, ""fret"": 2, ""finger"": 2}, {""type"": ""finger"", ""string"": 4, ""fret"": 1, ""finger"": 1}, {""type"": ""finger"", ""string"": 6, ""fret"": 1, ""finger"": 0}, {""type"": ""raw"", ""text"": ""To play the chord, strum all the strings, mute the 5th string""}]",,,[5],[]
,"F Dominant 11th, Flat 9th","F11b9 guitar chord
            (F Dominant 11th, Flat 9th)",https://www.all-guitar-chords.com/chords/index/f/11b9,"11b9, 7sus4(b9)",1-5-b7-b9-11,F-C-Eb-Gb-A#,1,"Position your index finger on the E (1st) string at the 2nd fret and press down | Place your pinky on the B (2nd) string at the 4th fret and press down | Use your ring finger to press the G (3rd) string down on the 3rd fret | Press down on the D (4th) string at the 3rd fret using your middle finger | Now, strum all the strings starting from the 4th string","[{""type"": ""finger"", ""string"": 1, ""fret"": 2, ""finger"": 1}, {""type"": ""finger"", ""string"": 2, ""fret"": 4, ""finger"": 4}, {""type"": ""finger"", ""string"": 3, ""fret"": 3, ""finger"": 3}, {""type"": ""finger"", ""string"": 4, ""fret"": 3, ""finger"": 2}]",4,,"[5, 6]",[]
,"F Suspended 2nd, Suspended 4th","Fsus2sus4 guitar chord
            (F Suspended 2nd, Suspended 4th)",https://www.all-guitar-chords.com/chords/index/f/sus2sus4,sus2sus4,1-2-4-5,F-G-A#-C,1,"Position your pinky on the E (1st) string at the 3rd fret and press down | Apply a barre with your index finger across the 1st fret, covering the 2nd to the 6th strings | With your ring finger, press down on the G (3rd) string at the 3rd fret | Press the D (4th) string on the 3rd fret with your middle finger | Now, strum all the strings","[{""type"": ""finger"", ""string"": 1, ""fret"": 3, ""finger"": 4}, {""type"": ""barre"", ""fret"": 1, ""fromString"": 2, ""toString"": 6}, {""type"": ""finger"", ""string"": 3, ""fret"": 3, ""finger"": 3}, {""type"": ""finger"", ""string"": 4, ""fret"": 3, ""finger"": 2}, {""type"": ""raw"", ""text"": ""Now, strum all the strings""}]",,,[],"[2, 5, 6]"
,F Major Diminished 5th,"F-5 guitar chord
            (F Major Diminished 5th)",https://www.all-guitar-chords.com/chords/index/f/-5,-5,1-3-b5,F-A-B,1,"Place your ring finger on the G (3rd) string at the 2nd fret and press down | Press the D (4th) string on the 3rd fret with your pinky | Use your middle finger to press the A (5th) string down on the 2nd fret | Press down on the low E (6th) string at the 1st fret using your index finger | Now, strum all the strings up to the 3rd string","[{""type"": ""finger"", ""string"": 3, ""fret"": 2, ""finger"": 3}, {""type"": ""finger"", ""string"": 4, ""fret"": 3, ""finger"": 4}, {""type"": ""finger"", ""string"": 5, ""fret"": 2, ""finger"": 2}, {""type"": ""finger"", ""string"": 6, ""fret"": 1, ""finger"": 1}]",,3,"[1, 2]",[]
F#/Gb,Major,"F#/Gb guitar chord
            (F#/Gb Major)",https://www.all-guitar-chords.com/chords/index/f_sharp/major,"M, maj",1-3-5,F#-A#-C#,1,"Place a barre using your index finger on the 2nd fret | Position your middle finger on the G (3rd) string at the 3rd fret and press down | Use your pinky to press the D (4th) string down on the 4th fret | Press down on the A (5th) string at the 4th fret using your ring finger | Now, strum all the strings","[{""type"": ""barre"", ""fret"": 2, ""fromString"": 1, ""toString"": 6}, {""type"": ""finger"", ""string"": 3, ""fret"": 3, ""finger"": 2}, {""type"": ""finger"", ""string"": 4, ""fret"": 4, ""finger"": 4}, {""type"": ""finger"", ""string"": 5, ""fret"": 4, ""finger"": 3}, {""type"": ""raw"", ""text"": ""Now, strum all the strings""}]",,,[],"[1, 2, 6]"
F#/Gbm,F#/Gb Minor,"F#/Gbm guitar chord
            (F#/Gb Minor)",https://www.all-guitar-chords.com/chords/index/f_sharp/minor,"m, min, -",1-b3-5,F#-A-C#,1,"Place a barre using your index finger on the 2nd fret | Use your pinky to press the D (4th) string down on the 4th fret | Press down on the A (5th) string at the 4th fret using your ring finger | Now, strum all the strings","[{""type"": ""barre"", ""fret"": 2, ""fromString"": 1, ""toString"": 6}, {""type"": ""finger"", ""string"": 4, ""fret"": 4, ""finger"": 4}, {""type"": ""finger"", ""string"": 5, ""fret"": 4, ""finger"": 3}, {""type"": ""raw"", ""text"": ""Now, strum all the strings""}]",,,[],"[1, 2, 3, 6]"
F#/Gb7,F#/Gb Dominant Seventh,"F#/Gb7 guitar chord
            (F#/Gb Dominant Seventh)",https://www.all-guitar-chords.com/chords/index/f_sharp/7,7,1-3-5-b7,F#-A#-C#-E,1,"Barre the 2nd fret with your index finger, extending over all the strings | With your middle finger, press down on the G (3rd) string at the 3rd fret | Position your ring finger on the A (5th) string at the 4th fret and press down | To play the chord, strum all the strings","[{""type"": ""barre"", ""fret"": 2, ""fromString"": 1, ""toString"": 6}, {""type"": ""finger"", ""string"": 3, ""fret"": 3, ""finger"": 2}, {""type"": ""finger"", ""string"": 5, ""fret"": 4, ""finger"": 3}, {""type"": ""raw"", ""text"": ""To play the chord, strum all the strings""}]",,,[],"[1, 2, 4, 6]"
F#/Gb5,"F#/Gb Fifth, Power Chord","F#/Gb5 guitar chord
            (F#/Gb Fifth, Power Chord)",https://www.all-guitar-chords.com/chords/index/f_sharp/5,5,1-5,F#-C#,1,"Press down on the A (5th) string at the 4th fret using your ring finger | With your index finger, press down on the low E (6th) string at the 2nd fret | Now, strum all the strings up to the 5th string","[{""type"": ""finger"", ""string"": 5, ""fret"": 4, ""finger"": 3}, {""type"": ""finger"", ""string"": 6, ""fret"": 2, ""finger"": 1}]",,5,"[1, 2, 3, 4]",[]
F#/Gbdim,F#/Gb Diminished,"F#/Gbdim guitar chord
            (F#/Gb Diminished)",https://www.all-guitar-chords.com/chords/index/f_sharp/dim,"dim, °",1-b3-b5,F#-A-C,1,"Apply a barre with your index finger across the 2nd fret, covering the 3rd to the 6th strings | Use your ring finger to press the D (4th) string down on the 4th fret | Press down on the A (5th) string at the 3rd fret using your middle finger | Now, strum all the strings up to the 3rd string","[{""type"": ""barre"", ""fret"": 2, ""fromString"": 3, ""toString"": 6}, {""type"": ""finger"", ""string"": 4, ""fret"": 4, ""finger"": 3}, {""type"": ""finger"", ""string"": 5, ""fret"": 3, ""finger"": 2}]",,3,"[1, 2]","[3, 6]"
F#/Gbdim7,F#/Gb Diminished Seventh,"F#/Gbdim7 guitar chord
            (F#/Gb Diminished Seventh)",https://www.all-guitar-chords.com/chords/index/f_sharp/dim7,"dim7, o7, 7dim",1-b3-b5-6,F#-A-C-D#,1,"Apply a barre with your index finger across the 1st fret, covering the 2nd to the 4th strings | Use your ring finger to press the G (3rd) string down on the 2nd fret | Press down on the low E (6th) string at the 2nd fret using your middle finger | Now, strum all the strings up to the 2nd string, mute the 5th string","[{""type"": ""barre"", ""fret"": 1, ""fromString"": 2, ""toString"": 4}, {""type"": ""finger"", ""string"": 3, ""fret"": 2, ""finger"": 3}, {""type"": ""finger"", ""string"": 6, ""fret"": 2, ""finger"": 2}]",,2,"[1, 5]","[2, 4]"
F#/Gbaug,F#/Gb Augmented,"F#/Gbaug guitar chord
            (F#/Gb Augmented)",https://www.all-guitar-chords.com/chords/index/f_sharp/aug,"aug, ""+""",1-3-#5,F#-A#-D,1,"With your index finger, press down on the E (1st) string at the 2nd fret | Press down on the B (2nd) string at the 3rd fret using your ring finger | Position your middle finger on the G (3rd) string at the 3rd fret and press down | Use your pinky to press the D (4th) string down on the 4th fret | Now, strum all the strings starting from the 4th string","[{""type"": ""finger"", ""string"": 1, ""fret"": 2, ""finger"": 1}, {""type"": ""finger"", ""string"": 2, ""fret"": 3, ""finger"": 3}, {""type"": ""finger"", ""string"": 3, ""fret"": 3, ""finger"": 2}, {""type"": ""finger"", ""string"": 4, ""fret"": 4, ""finger"": 4}]",4,,"[5, 6]",[]
F#/Gbsus2,F#/Gb Suspended 2nd,"F#/Gbsus2 guitar chord
            (F#/Gb Suspended 2nd)",https://www.all-guitar-chords.com/chords/index/f_sharp/sus2,sus2,1-2-5,F#-G#-C#,1,"Barre the 4th fret with your index finger, extending over the 1st to the 4th strings | Stretch out your pinky to the 7th fret of the B (2nd) string and press down | Position your ring finger on the G (3rd) string at the 6th fret and press down | Now, strum all the strings starting from the 4th string","[{""type"": ""barre"", ""fret"": 4, ""fromString"": 1, ""toString"": 4}, {""type"": ""finger"", ""string"": 2, ""fret"": 7, ""finger"": 4}, {""type"": ""finger"", ""string"": 3, ""fret"": 6, ""finger"": 3}]",4,,"[5, 6]","[1, 4]"
F#/Gbsus,F#/Gb Suspended 4th,"F#/Gbsus guitar chord
            (F#/Gb Suspended 4th)",https://www.all-guitar-chords.com/chords/index/f_sharp/sus4,"sus, sus4",1-4-5,F#-B-C#,1,"Barre the 2nd fret with your index finger, extending over all the strings | Press down on the G (3rd) string at the 4th fret using your pinky | Position your ring finger on the D (4th) string at the 4th fret and press down | With your middle finger, press down on the A (5th) string at the 4th fret | To play the chord, strum all the strings","[{""type"": ""barre"", ""fret"": 2, ""fromString"": 1, ""toString"": 6}, {""type"": ""finger"", ""string"": 3, ""fret"": 4, ""finger"": 4}, {""type"": ""finger"", ""string"": 4, ""fret"": 4, ""finger"": 3}, {""type"": ""finger"", ""string"": 5, ""fret"": 4, ""finger"": 2}, {""type"": ""raw"", ""text"": ""To play the chord, strum all the strings""}]",,,[],"[1, 2, 6]"
F#/Gbmaj7,F#/Gb Major 7th,"F#/Gbmaj7 guitar chord
            (F#/Gb Major 7th)",https://www.all-guitar-chords.com/chords/index/f_sharp/maj7,"maj7, M7",1-3-5-7,F#-A#-C#-F,1,"Place your index finger on the E (1st) string at the 1st fret and press down | Press the B (2nd) string on the 2nd fret with your middle finger | With your ring finger, press down on the G (3rd) string at the 3rd fret | Stretch out your pinky to the 4th fret of the D (4th) string and press down | Now, strum all the strings starting from the 4th string","[{""type"": ""finger"", ""string"": 1, ""fret"": 1, ""finger"": 1}, {""type"": ""finger"", ""string"": 2, ""fret"": 2, ""finger"": 2}, {""type"": ""finger"", ""string"": 3, ""fret"": 3, ""finger"": 3}, {""type"": ""finger"", ""string"": 4, ""fret"": 4, ""finger"": 4}]",4,,"[5, 6]",[]
F#/Gbm7,F#/Gb Minor 7th,"F#/Gbm7 guitar chord
            (F#/Gb Minor 7th)",https://www.all-guitar-chords.com/chords/index/f_sharp/m7,"m7, min7, -7",1-b3-5-b7,F#-A-C#-E,1,"Place a barre using your index finger on the 2nd fret | Press the A (5th) string on the 4th fret with your ring finger | To play the chord, strum all the strings","[{""type"": ""barre"", ""fret"": 2, ""fromString"": 1, ""toString"": 6}, {""type"": ""finger"", ""string"": 5, ""fret"": 4, ""finger"": 3}, {""type"": ""raw"", ""text"": ""To play the chord, strum all the strings""}]",,,[],"[1, 2, 3, 4, 6]"
F#/Gb7sus4,F#/Gb Dominant 7th Suspended 4th,"F#/Gb7sus4 guitar chord
            (F#/Gb Dominant 7th Suspended 4th)",https://www.all-guitar-chords.com/chords/index/f_sharp/7sus4,"7sus4, 7sus",1-4-5-b7,F#-B-C#-E,1,"Apply a barre with your index finger across the 2nd fret, covering all the strings | Position your pinky on the G (3rd) string at the 4th fret and press down | With your ring finger, press down on the A (5th) string at the 4th fret | Now, strum all the strings","[{""type"": ""barre"", ""fret"": 2, ""fromString"": 1, ""toString"": 6}, {""type"": ""finger"", ""string"": 3, ""fret"": 4, ""finger"": 4}, {""type"": ""finger"", ""string"": 5, ""fret"": 4, ""finger"": 3}, {""type"": ""raw"", ""text"": ""Now, strum all the strings""}]",,,[],"[1, 2, 4, 6]"
F#/Gbmaj9,F#/Gb Major 9th,"F#/Gbmaj9 guitar chord
            (F#/Gb Major 9th)",https://www.all-guitar-chords.com/chords/index/f_sharp/maj9,"maj9, M9, maj7(9)",1-3-5-7-9,F#-A#-C#-F-G#,1,"Apply a barre with your index finger across the 1st fret, covering the 1st to the 5th strings | Use your ring finger to press the B (2nd) string down on the 2nd fret | Place your pinky on the D (4th) string at the 3rd fret and press down | Press down on the low E (6th) string at the 2nd fret using your middle finger | To play the chord, strum all the strings","[{""type"": ""barre"", ""fret"": 1, ""fromString"": 1, ""toString"": 5}, {""type"": ""finger"", ""string"": 2, ""fret"": 2, ""finger"": 3}, {""type"": ""finger"", ""string"": 4, ""fret"": 3, ""finger"": 4}, {""type"": ""finger"", ""string"": 6, ""fret"": 2, ""finger"": 2}, {""type"": ""raw"", ""text"": ""To play the chord, strum all the strings""}]",,,[],"[1, 3, 5]"
F#/Gbmaj11,F#/Gb Major 11th,"F#/Gbmaj11 guitar chord
            (F#/Gb Major 11th)",https://www.all-guitar-chords.com/chords/index/f_sharp/maj11,"maj11, M11",1-3-5-7-9-11,F#-A#-C#-F-G#-B,1,"Place a barre using your index finger on the 7th fret from the 1st to the 2nd strings | Stretch out your pinky to the 10th fret of the G (3rd) string and press down | Place your middle finger on the D (4th) string at the 8th fret and press down | Press the A (5th) string on the 9th fret with your ring finger | Now, strum all the strings starting from the 5th string","[{""type"": ""barre"", ""fret"": 7, ""fromString"": 1, ""toString"": 2}, {""type"": ""finger"", ""string"": 3, ""fret"": 10, ""finger"": 4}, {""type"": ""finger"", ""string"": 4, ""fret"": 8, ""finger"": 2}, {""type"": ""finger"", ""string"": 5, ""fret"": 9, ""finger"": 3}]",5,,[6],"[1, 2]"
F#/Gbmaj13,F#/Gb Major 13th,"F#/Gbmaj13 guitar chord
            (F#/Gb Major 13th)",https://www.all-guitar-chords.com/chords/index/f_sharp/maj13,"maj13, M13, maj7(9,13),maj7(6/9)",1-3-5-7-9-13,F#-A#-C#-F-G#-D#,1,"Barre the 1st fret with your index finger, extending over the 1st to the 5th strings | Place your ring finger on the B (2nd) string at the 2nd fret and press down | Use your middle finger to press the low E (6th) string down on the 2nd fret | Now, strum all the strings","[{""type"": ""barre"", ""fret"": 1, ""fromString"": 1, ""toString"": 5}, {""type"": ""finger"", ""string"": 2, ""fret"": 2, ""finger"": 3}, {""type"": ""finger"", ""string"": 6, ""fret"": 2, ""finger"": 2}, {""type"": ""raw"", ""text"": ""Now, strum all the strings""}]",,,[],"[1, 3, 4, 5]"
F#/Gbmaj9(#11),#11,"F#/Gbmaj9(#11) guitar chord
            (F#/Gb Major 9th, Sharp 11th)",https://www.all-guitar-chords.com/chords/index/f_sharp/maj9*11,"maj9(#11), maj7(9,#11)",1-3-5-7-9-#11,F#-A#-C#-F-G#-C,1,"Place a barre using your index finger on the 1st fret from the 1st to the 5th strings | Press down on the D (4th) string at the 3rd fret using your ring finger | Position your middle finger on the low E (6th) string at the 2nd fret and press down | Now, strum all the strings","[{""type"": ""barre"", ""fret"": 1, ""fromString"": 1, ""toString"": 5}, {""type"": ""finger"", ""string"": 4, ""fret"": 3, ""finger"": 3}, {""type"": ""finger"", ""string"": 6, ""fret"": 2, ""finger"": 2}, {""type"": ""raw"", ""text"": ""Now, strum all the strings""}]",,,[],"[1, 2, 3, 5]"
F#/Gbmaj13(#11),#11,"F#/Gbmaj13(#11) guitar chord
            (F#/Gb Major 13th, Sharp 11th)",https://www.all-guitar-chords.com/chords/index/f_sharp/maj13*11,"maj13(#11), maj7(13,#11), maj9(#11,13)",1-3-5-7-9-#11-13,F#-A#-C#-F-G#-C-D#,1,"Place a barre using your index finger on the 1st fret from the 1st to the 5th strings | Place your middle finger on the low E (6th) string at the 2nd fret and press down | To play the chord, strum all the strings","[{""type"": ""barre"", ""fret"": 1, ""fromString"": 1, ""toString"": 5}, {""type"": ""finger"", ""string"": 6, ""fret"": 2, ""finger"": 2}, {""type"": ""raw"", ""text"": ""To play the chord, strum all the strings""}]",,,[],"[1, 2, 3, 4, 5]"
F#/Gbadd9,F#/Gb Major Added 9th,"F#/Gbadd9 guitar chord
            (F#/Gb Major Added 9th)",https://www.all-guitar-chords.com/chords/index/f_sharp/add9,add9,1-3-5-9,F#-A#-C#-G#,1,"Apply a barre with your index finger across the 6th fret, covering the 1st to the 3rd strings | Stretch out your pinky to the 9th fret of the B (2nd) string and press down | Press down on the D (4th) string at the 8th fret using your middle finger | Stretch out your ring finger to the 9th fret of the A (5th) string and press down | Now, strum all the strings starting from the 5th string","[{""type"": ""barre"", ""fret"": 6, ""fromString"": 1, ""toString"": 3}, {""type"": ""finger"", ""string"": 2, ""fret"": 9, ""finger"": 4}, {""type"": ""finger"", ""string"": 4, ""fret"": 8, ""finger"": 2}, {""type"": ""finger"", ""string"": 5, ""fret"": 9, ""finger"": 3}]",5,,[6],"[1, 3]"
F#/Gb6add9,"F#/Gb Major 6th, Added 9th","F#/Gb6add9 guitar chord
            (F#/Gb Major 6th, Added 9th)",https://www.all-guitar-chords.com/chords/index/f_sharp/6add9,"6add9, add6/9, 6/9",1-3-5-6-9,F#-A#-C#-D#-G#,1,"Position your pinky on the E (1st) string at the 2nd fret and press down | With your ring finger, press down on the B (2nd) string at the 2nd fret | Apply a barre with your index finger across the 1st fret, covering the 3rd to the 5th strings | Press the low E (6th) string on the 2nd fret with your middle finger | Now, strum all the strings","[{""type"": ""finger"", ""string"": 1, ""fret"": 2, ""finger"": 4}, {""type"": ""finger"", ""string"": 2, ""fret"": 2, ""finger"": 3}, {""type"": ""barre"", ""fret"": 1, ""fromString"": 3, ""toString"": 5}, {""type"": ""finger"", ""string"": 6, ""fret"": 2, ""finger"": 2}, {""type"": ""raw"", ""text"": ""Now, strum all the strings""}]",,,[],"[3, 4, 5]"
F#/Gbmaj7(b5),b5,"F#/Gbmaj7(b5) guitar chord
            (F#/Gb Major 7th, Flat 5th)",https://www.all-guitar-chords.com/chords/index/f_sharp/maj7b5,maj7(b5),1-3-b5-7,F#-A#-C-F,1,"Press down on the B (2nd) string at the 1st fret using your index finger | Press the G (3rd) string on the 3rd fret with your pinky | Place your ring finger on the D (4th) string at the 3rd fret and press down | Use your middle finger to press the low E (6th) string down on the 2nd fret | Now, strum all the strings up to the 2nd string, mute the 5th string","[{""type"": ""finger"", ""string"": 2, ""fret"": 1, ""finger"": 1}, {""type"": ""finger"", ""string"": 3, ""fret"": 3, ""finger"": 4}, {""type"": ""finger"", ""string"": 4, ""fret"": 3, ""finger"": 3}, {""type"": ""finger"", ""string"": 6, ""fret"": 2, ""finger"": 2}]",,2,"[1, 5]",[]
F#/Gbmaj7(#5),#5,"F#/Gbmaj7(#5) guitar chord
            (F#/Gb Major 7th, Sharp 5th)",https://www.all-guitar-chords.com/chords/index/f_sharp/maj7*5,"maj7(#5), maj7+, +7+5",1-3-#5-7,F#-A#-D-F,1,"Use your index finger to press the E (1st) string down on the 1st fret | Press the B (2nd) string on the 3rd fret with your ring finger | Place your middle finger on the G (3rd) string at the 3rd fret and press down | Stretch out your pinky to the 4th fret of the D (4th) string and press down | Now, strum all the strings starting from the 4th string","[{""type"": ""finger"", ""string"": 1, ""fret"": 1, ""finger"": 1}, {""type"": ""finger"", ""string"": 2, ""fret"": 3, ""finger"": 3}, {""type"": ""finger"", ""string"": 3, ""fret"": 3, ""finger"": 2}, {""type"": ""finger"", ""string"": 4, ""fret"": 4, ""finger"": 4}]",4,,"[5, 6]",[]
F#/Gbm6,F#/Gb Minor 6th,"F#/Gbm6 guitar chord
            (F#/Gb Minor 6th)",https://www.all-guitar-chords.com/chords/index/f_sharp/m6,"m6, min6, m(add6), -6",1-b3-5-6,F#-A-C#-D#,1,"Press down on the B (2nd) string at the 2nd fret using your pinky | Position your ring finger on the G (3rd) string at the 2nd fret and press down | Press the D (4th) string on the 1st fret with your index finger | With your middle finger, press down on the low E (6th) string at the 2nd fret | Now, strum all the strings up to the 2nd string, mute the 5th string","[{""type"": ""finger"", ""string"": 2, ""fret"": 2, ""finger"": 4}, {""type"": ""finger"", ""string"": 3, ""fret"": 2, ""finger"": 3}, {""type"": ""finger"", ""string"": 4, ""fret"": 1, ""finger"": 1}, {""type"": ""finger"", ""string"": 6, ""fret"": 2, ""finger"": 2}]",,2,"[1, 5]",[]
F#/Gbm9,F#/Gb Minor 9th,"F#/Gbm9 guitar chord
            (F#/Gb Minor 9th)",https://www.all-guitar-chords.com/chords/index/f_sharp/m9,"m9, min9, -9",1-b3-5-b7-9,F#-A-C#-E-G#,1,"Position your pinky on the E (1st) string at the 4th fret and press down | Apply a barre with your index finger across the 2nd fret, covering the 2nd to the 4th strings | Place your index finger on the low E (6th) string at the 2nd fret and press down | Now, strum all the strings, mute the 5th string","[{""type"": ""finger"", ""string"": 1, ""fret"": 4, ""finger"": 4}, {""type"": ""barre"", ""fret"": 2, ""fromString"": 2, ""toString"": 4}, {""type"": ""finger"", ""string"": 6, ""fret"": 2, ""finger"": 1}, {""type"": ""raw"", ""text"": ""Now, strum all the strings, mute the 5th string""}]",,,[5],"[2, 3, 4]"
F#/Gbm11,F#/Gb Minor 11th,"F#/Gbm11 guitar chord
            (F#/Gb Minor 11th)",https://www.all-guitar-chords.com/chords/index/f_sharp/m11,"m11, min11, -11",1-b3-5-b7-9-11,F#-A-C#-E-G#-B,1,"With your pinky, press down on the G (3rd) string at the 2nd fret | Press the D (4th) string on the 2nd fret with your ring finger | Place your middle finger on the low E (6th) string at the 2nd fret and press down | Now, strum all the strings up to the 2nd string, mute the 5th string","[{""type"": ""finger"", ""string"": 3, ""fret"": 2, ""finger"": 4}, {""type"": ""finger"", ""string"": 4, ""fret"": 2, ""finger"": 3}, {""type"": ""finger"", ""string"": 6, ""fret"": 2, ""finger"": 2}]",,2,"[1, 5]",[2]
F#/Gbm13,F#/Gb Minor 13th,"F#/Gbm13 guitar chord
            (F#/Gb Minor 13th)",https://www.all-guitar-chords.com/chords/index/f_sharp/m13,"m13, min13, -13",1-b3-5-b7-9-11-13,F#-A-C#-E-G#-B-D#,1,"Use your pinky to press the E (1st) string down on the 4th fret | Press down on the B (2nd) string at the 4th fret using your ring finger | Place a barre using your index finger on the 2nd fret from the 3rd to the 6th strings | Position your middle finger on the A (5th) string at the 4th fret and press down | Now, strum all the strings","[{""type"": ""finger"", ""string"": 1, ""fret"": 4, ""finger"": 4}, {""type"": ""finger"", ""string"": 2, ""fret"": 4, ""finger"": 3}, {""type"": ""barre"", ""fret"": 2, ""fromString"": 3, ""toString"": 6}, {""type"": ""finger"", ""string"": 5, ""fret"": 4, ""finger"": 2}, {""type"": ""raw"", ""text"": ""Now, strum all the strings""}]",,,[],"[3, 4, 6]"
F#/Gbm(add9),add9,"F#/Gbm(add9) guitar chord
            (F#/Gb Minor, Added 9th)",https://www.all-guitar-chords.com/chords/index/f_sharp/madd9,"m(add9), m9(no 7th)",1-b3-5-9,F#-A-C#-G#,1,"Press down on the E (1st) string at the 4th fret using your pinky | Barre the 2nd fret with your index finger, extending over the 2nd to the 3rd strings | Position your ring finger on the D (4th) string at the 4th fret and press down | Now, strum all the strings starting from the 4th string","[{""type"": ""finger"", ""string"": 1, ""fret"": 4, ""finger"": 4}, {""type"": ""barre"", ""fret"": 2, ""fromString"": 2, ""toString"": 3}, {""type"": ""finger"", ""string"": 4, ""fret"": 4, ""finger"": 3}]",4,,"[5, 6]","[2, 3]"
F#/Gbm6add9,"F#/Gb Minor 6yh, Added 9th","F#/Gbm6add9 guitar chord
            (F#/Gb Minor 6yh, Added 9th)",https://www.all-guitar-chords.com/chords/index/f_sharp/m6add9,"m6add9, m6/9, min6/9, m(add6,9), -6/9",1-b3-5-6-9,F#-A-C#-D#-G#,1,"Apply a barre with your middle finger across the 2nd fret, covering the 1st to the 2nd strings | Apply a barre with your index finger across the 1st fret, covering the 3rd to the 4th strings | Now, strum all the strings starting from the 5th string","[{""type"": ""barre"", ""fret"": 2, ""fromString"": 1, ""toString"": 2}, {""type"": ""barre"", ""fret"": 1, ""fromString"": 3, ""toString"": 4}]",5,,[6],"[1, 2, 3, 4, 5]"
F#/Gbmmaj7,"F#/Gb Minor, Major 7th","F#/Gbmmaj7 guitar chord
            (F#/Gb Minor, Major 7th)",https://www.all-guitar-chords.com/chords/index/f_sharp/mmaj7,"mmaj7, min(maj7), -(maj7), mM7, m+7",1-b3-5-7,F#-A-C#-F,1,"Position your index finger on the E (1st) string at the 1st fret and press down | Use your ring finger to press the B (2nd) string down on the 2nd fret | Press down on the G (3rd) string at the 2nd fret using your middle finger | Stretch out your pinky to the 4th fret of the D (4th) string and press down | Now, strum all the strings starting from the 4th string","[{""type"": ""finger"", ""string"": 1, ""fret"": 1, ""finger"": 1}, {""type"": ""finger"", ""string"": 2, ""fret"": 2, ""finger"": 3}, {""type"": ""finger"", ""string"": 3, ""fret"": 2, ""finger"": 2}, {""type"": ""finger"", ""string"": 4, ""fret"": 4, ""finger"": 4}]",4,,"[5, 6]",[]
F#/Gbmmaj9,"F#/Gb Minor 9th, Major 7th","F#/Gbmmaj9 guitar chord
            (F#/Gb Minor 9th, Major 7th)",https://www.all-guitar-chords.com/chords/index/f_sharp/mmaj9,"mmaj9, min(maj9), m9(maj7), mM9",1-b3-5-7-9,F#-A-C#-F-G#,1,"Position your pinky on the E (1st) string at the 4th fret and press down | Apply a barre with your index finger across the 2nd fret, covering the 2nd to the 6th strings | Press the D (4th) string on the 3rd fret with your middle finger | With your ring finger, press down on the A (5th) string at the 4th fret | Now, strum all the strings","[{""type"": ""finger"", ""string"": 1, ""fret"": 4, ""finger"": 4}, {""type"": ""barre"", ""fret"": 2, ""fromString"": 2, ""toString"": 6}, {""type"": ""finger"", ""string"": 4, ""fret"": 3, ""finger"": 2}, {""type"": ""finger"", ""string"": 5, ""fret"": 4, ""finger"": 3}, {""type"": ""raw"", ""text"": ""Now, strum all the strings""}]",,,[],"[2, 3, 6]"
F#/Gbm7b5,F#/Gb Half-diminished Minor 7,"F#/Gbm7b5 guitar chord
            (F#/Gb Half-diminished Minor 7)",https://www.all-guitar-chords.com/chords/index/f_sharp/m7b5,"m7b5, m7-5, ø",1-b3-b5-b7,F#-A-C-E,1,"Position your index finger on the B (2nd) string at the 1st fret and press down | Place your pinky on the G (3rd) string at the 2nd fret and press down | Use your ring finger to press the D (4th) string down on the 2nd fret | Press down on the low E (6th) string at the 2nd fret using your middle finger | Now, strum all the strings up to the 2nd string, mute the 5th string","[{""type"": ""finger"", ""string"": 2, ""fret"": 1, ""finger"": 1}, {""type"": ""finger"", ""string"": 3, ""fret"": 2, ""finger"": 4}, {""type"": ""finger"", ""string"": 4, ""fret"": 2, ""finger"": 3}, {""type"": ""finger"", ""string"": 6, ""fret"": 2, ""finger"": 2}]",,2,"[1, 5]",[]
F#/Gbm7#5,"F#/Gb Minor 7th, Sharp 5th","F#/Gbm7#5 guitar chord
            (F#/Gb Minor 7th, Sharp 5th)",https://www.all-guitar-chords.com/chords/index/f_sharp/m7*5,"m7#5, m7+",1-b3-#5-b7,F#-A-D-E,1,"Use your pinky to press the B (2nd) string down on the 3rd fret | Press down on the G (3rd) string at the 2nd fret using your ring finger | Position your middle finger on the D (4th) string at the 2nd fret and press down | With your index finger, press down on the low E (6th) string at the 2nd fret | Now, strum all the strings up to the 2nd string, mute the 5th string","[{""type"": ""finger"", ""string"": 2, ""fret"": 3, ""finger"": 4}, {""type"": ""finger"", ""string"": 3, ""fret"": 2, ""finger"": 3}, {""type"": ""finger"", ""string"": 4, ""fret"": 2, ""finger"": 2}, {""type"": ""finger"", ""string"": 6, ""fret"": 2, ""finger"": 1}]",,2,"[1, 5]",[]
F#/Gb6,F#/Gb Major 6th,"F#/Gb6 guitar chord
            (F#/Gb Major 6th)",https://www.all-guitar-chords.com/chords/index/f_sharp/6,"6, M6, maj6, add6",1-3-5-6,F#-A#-C#-D#,1,"Press the B (2nd) string on the 2nd fret with your ring finger | With your pinky, press down on the G (3rd) string at the 3rd fret | Use your index finger to press the D (4th) string down on the 1st fret | Place your middle finger on the low E (6th) string at the 2nd fret and press down | Now, strum all the strings up to the 2nd string, mute the 5th string","[{""type"": ""finger"", ""string"": 2, ""fret"": 2, ""finger"": 3}, {""type"": ""finger"", ""string"": 3, ""fret"": 3, ""finger"": 4}, {""type"": ""finger"", ""string"": 4, ""fret"": 1, ""finger"": 1}, {""type"": ""finger"", ""string"": 6, ""fret"": 2, ""finger"": 2}]",,2,"[1, 5]",[]
F#/Gb9,F#/Gb Dominant 9th,"F#/Gb9 guitar chord
            (F#/Gb Dominant 9th)",https://www.all-guitar-chords.com/chords/index/f_sharp/9,9,1-3-5-b7-9,F#-A#-C#-E-G#,1,"Use your pinky to press the B (2nd) string down on the 2nd fret | Place a barre using your index finger on the 1st fret from the 3rd to the 5th strings | Press down on the D (4th) string at the 2nd fret using your ring finger | Position your middle finger on the low E (6th) string at the 2nd fret and press down | Now, strum all the strings up to the 2nd string","[{""type"": ""finger"", ""string"": 2, ""fret"": 2, ""finger"": 4}, {""type"": ""barre"", ""fret"": 1, ""fromString"": 3, ""toString"": 5}, {""type"": ""finger"", ""string"": 4, ""fret"": 2, ""finger"": 3}, {""type"": ""finger"", ""string"": 6, ""fret"": 2, ""finger"": 2}]",,2,[1],"[3, 5]"
F#/Gb11,F#/Gb Dominant 11th,"F#/Gb11 guitar chord
            (F#/Gb Dominant 11th)",https://www.all-guitar-chords.com/chords/index/f_sharp/11,11,1-3-5-b7-9-11,F#-A#-C#-E-G#-B,1,"Place your index finger on the G (3rd) string at the 1st fret and press down | With your ring finger, press down on the D (4th) string at the 2nd fret | Press the low E (6th) string on the 2nd fret with your middle finger | Now, strum all the strings up to the 2nd string, mute the 5th string","[{""type"": ""finger"", ""string"": 3, ""fret"": 1, ""finger"": 1}, {""type"": ""finger"", ""string"": 4, ""fret"": 2, ""finger"": 3}, {""type"": ""finger"", ""string"": 6, ""fret"": 2, ""finger"": 2}]",,2,"[1, 5]",[2]
F#/Gb13,F#/Gb Dominant 13th,"F#/Gb13 guitar chord
            (F#/Gb Dominant 13th)",https://www.all-guitar-chords.com/chords/index/f_sharp/13,13,1-3-5-b7-9-13,F#-A#-C#-E-G#-D#,1,"Press down on the B (2nd) string at the 4th fret using your pinky | Position your ring finger on the G (3rd) string at the 3rd fret and press down | With your middle finger, press down on the D (4th) string at the 2nd fret | Press the low E (6th) string on the 2nd fret with your index finger | Now, strum all the strings up to the 2nd string, mute the 5th string","[{""type"": ""finger"", ""string"": 2, ""fret"": 4, ""finger"": 4}, {""type"": ""finger"", ""string"": 3, ""fret"": 3, ""finger"": 3}, {""type"": ""finger"", ""string"": 4, ""fret"": 2, ""finger"": 2}, {""type"": ""finger"", ""string"": 6, ""fret"": 2, ""finger"": 1}]",,2,"[1, 5]",[]
F#/Gb7b5,"F#/Gb Dominant 7th, Flat 5th","F#/Gb7b5 guitar chord
            (F#/Gb Dominant 7th, Flat 5th)",https://www.all-guitar-chords.com/chords/index/f_sharp/7b5,"7b5, 7-5",1-3-b5-b7,F#-A#-C-E,1,"Use your index finger to press the B (2nd) string down on the 1st fret | With your pinky, press down on the G (3rd) string at the 3rd fret | Press the D (4th) string on the 2nd fret with your ring finger | Place your middle finger on the low E (6th) string at the 2nd fret and press down | Now, strum all the strings up to the 2nd string, mute the 5th string","[{""type"": ""finger"", ""string"": 2, ""fret"": 1, ""finger"": 1}, {""type"": ""finger"", ""string"": 3, ""fret"": 3, ""finger"": 4}, {""type"": ""finger"", ""string"": 4, ""fret"": 2, ""finger"": 3}, {""type"": ""finger"", ""string"": 6, ""fret"": 2, ""finger"": 2}]",,2,"[1, 5]",[]
F#/Gb7#5,"F#/Gb Dominant 7th, Sharp 5th","F#/Gb7#5 guitar chord
            (F#/Gb Dominant 7th, Sharp 5th)",https://www.all-guitar-chords.com/chords/index/f_sharp/7*5,"7#5, 7maj5, 7+5, +7",1-3-#5-b7,F#-A#-D-E,1,"Place your pinky on the B (2nd) string at the 3rd fret and press down | Use your ring finger to press the G (3rd) string down on the 3rd fret | Press down on the D (4th) string at the 2nd fret using your middle finger | Position your index finger on the low E (6th) string at the 2nd fret and press down | Now, strum all the strings up to the 2nd string, mute the 5th string","[{""type"": ""finger"", ""string"": 2, ""fret"": 3, ""finger"": 4}, {""type"": ""finger"", ""string"": 3, ""fret"": 3, ""finger"": 3}, {""type"": ""finger"", ""string"": 4, ""fret"": 2, ""finger"": 2}, {""type"": ""finger"", ""string"": 6, ""fret"": 2, ""finger"": 1}]",,2,"[1, 5]",[]
F#/Gb7b9,"F#/Gb Dominant 7th, Flat 9th","F#/Gb7b9 guitar chord
            (F#/Gb Dominant 7th, Flat 9th)",https://www.all-guitar-chords.com/chords/index/f_sharp/7b9,"7b9, 7-9",1-3-5-b7-b9,F#-A#-C#-E-G,1,"Press down on the E (1st) string at the 3rd fret using your ring finger | Place a barre using your index finger on the 2nd fret from the 2nd to the 6th strings | Position your middle finger on the G (3rd) string at the 3rd fret and press down | Use your pinky to press the A (5th) string down on the 4th fret | Now, strum all the strings","[{""type"": ""finger"", ""string"": 1, ""fret"": 3, ""finger"": 3}, {""type"": ""barre"", ""fret"": 2, ""fromString"": 2, ""toString"": 6}, {""type"": ""finger"", ""string"": 3, ""fret"": 3, ""finger"": 2}, {""type"": ""finger"", ""string"": 5, ""fret"": 4, ""finger"": 4}, {""type"": ""raw"", ""text"": ""Now, strum all the strings""}]",,,[],"[2, 4, 6]"
F#/Gb7#9,"F#/Gb Dominant 7th, Sharp 9th","F#/Gb7#9 guitar chord
            (F#/Gb Dominant 7th, Sharp 9th)",https://www.all-guitar-chords.com/chords/index/f_sharp/7*9,"7#9, 7+9, 7b10",1-3-5-b7-#9,F#-A#-C#-E-A,1,"Barre the 5th fret with your pinky, extending over the 1st to the 2nd strings | With your middle finger, press down on the G (3rd) string at the 3rd fret | Barre the 2nd fret with your index finger, extending over the 4th to the 6th strings | Position your ring finger on the A (5th) string at the 4th fret and press down | To play the chord, strum all the strings","[{""type"": ""barre"", ""fret"": 5, ""fromString"": 1, ""toString"": 2}, {""type"": ""finger"", ""string"": 3, ""fret"": 3, ""finger"": 2}, {""type"": ""barre"", ""fret"": 2, ""fromString"": 4, ""toString"": 6}, {""type"": ""finger"", ""string"": 5, ""fret"": 4, ""finger"": 3}, {""type"": ""raw"", ""text"": ""To play the chord, strum all the strings""}]",,,[],"[1, 2, 4, 6]"
"F#/Gb7(b5,b9)","b5,b9","F#/Gb7(b5,b9) guitar chord
            (F#/Gb Dominant 7th, Flat 5th, Flat 9th)","https://www.all-guitar-chords.com/chords/index/f_sharp/7%28b5,b9%29","7(b5,b9), 7(-5,-9)",1-3-b5-b7-b9,F#-A#-C-E-G,1,"Press the B (2nd) string on the 1st fret with your index finger | Position your ring finger on the D (4th) string at the 2nd fret and press down | With your middle finger, press down on the low E (6th) string at the 2nd fret | Now, strum all the strings up to the 2nd string, mute the 5th string","[{""type"": ""finger"", ""string"": 2, ""fret"": 1, ""finger"": 1}, {""type"": ""finger"", ""string"": 4, ""fret"": 2, ""finger"": 3}, {""type"": ""finger"", ""string"": 6, ""fret"": 2, ""finger"": 2}]",,2,"[1, 5]",[3]
"F#/Gb7(b5,#9)","b5,#9","F#/Gb7(b5,#9) guitar chord
            (F#/Gb Dominant 7th, Flat 5th, Sharp 9th)","https://www.all-guitar-chords.com/chords/index/f_sharp/7%28b5,*9%29","7(b5,#9), 7(-5,+9)",1-3-b5-b7-#9,F#-A#-C-E-A,1,"Barre the 8th fret with your index finger, extending over the 1st to the 4th strings | Press down on the B (2nd) string at the 10th fret using your pinky | Position your ring finger on the G (3rd) string at the 9th fret and press down | With your middle finger, press down on the A (5th) string at the 9th fret | Now, strum all the strings starting from the 5th string","[{""type"": ""barre"", ""fret"": 8, ""fromString"": 1, ""toString"": 4}, {""type"": ""finger"", ""string"": 2, ""fret"": 10, ""finger"": 4}, {""type"": ""finger"", ""string"": 3, ""fret"": 9, ""finger"": 3}, {""type"": ""finger"", ""string"": 5, ""fret"": 9, ""finger"": 2}]",5,,[6],"[1, 4]"
"F#/Gb7(#5,b9)","#5,b9","F#/Gb7(#5,b9) guitar chord
            (F#/Gb Dominant 7th, Sharp 5th, Flat 9th)","https://www.all-guitar-chords.com/chords/index/f_sharp/7%28*5,b9%29","7(#5,b9), 7(+5,-9), +7b9",1-3-#5-b7-b9,F#-A#-D-E-G,1,"Apply a barre with your pinky across the 3rd fret, covering the 1st to the 3rd strings | Press down on the D (4th) string at the 2nd fret using your middle finger | Position your index finger on the low E (6th) string at the 2nd fret and press down | To play the chord, strum all the strings, mute the 5th string","[{""type"": ""barre"", ""fret"": 3, ""fromString"": 1, ""toString"": 3}, {""type"": ""finger"", ""string"": 4, ""fret"": 2, ""finger"": 2}, {""type"": ""finger"", ""string"": 6, ""fret"": 2, ""finger"": 1}, {""type"": ""raw"", ""text"": ""To play the chord, strum all the strings, mute the 5th string""}]",,,[5],"[1, 2, 3]"
"F#/Gb7(#5,#9)","#5,#9","F#/Gb7(#5,#9) guitar chord
            (F#/Gb Dominant 7th, Sharp 5th, Sharp 9th)","https://www.all-guitar-chords.com/chords/index/f_sharp/7%28*5,*9%29","7(#5,#9), 7(+5,+9), +7#9",1-3-#5-b7-#9,F#-A#-D-E-A,1,"Apply a barre with your pinky across the 10th fret, covering the 1st to the 2nd strings | With your ring finger, press down on the G (3rd) string at the 9th fret | Place your index finger on the D (4th) string at the 8th fret and press down | Press the A (5th) string on the 9th fret with your middle finger | Now, strum all the strings starting from the 5th string","[{""type"": ""barre"", ""fret"": 10, ""fromString"": 1, ""toString"": 2}, {""type"": ""finger"", ""string"": 3, ""fret"": 9, ""finger"": 3}, {""type"": ""finger"", ""string"": 4, ""fret"": 8, ""finger"": 1}, {""type"": ""finger"", ""string"": 5, ""fret"": 9, ""finger"": 2}]",5,,[6],"[1, 2]"
F#/Gb9b5,"F#/Gb Dominat 9th, Flat 5th","F#/Gb9b5 guitar chord
            (F#/Gb Dominat 9th, Flat 5th)",https://www.all-guitar-chords.com/chords/index/f_sharp/9b5,"9b5, 7(b5,9), 9-5",1-3-b5-b7-9,F#-A#-C-E-G#,1,"Apply a barre with your index finger across the 1st fret, covering the 2nd to the 5th strings | Use your ring finger to press the D (4th) string down on the 2nd fret | Press down on the low E (6th) string at the 2nd fret using your middle finger | Now, strum all the strings up to the 2nd string","[{""type"": ""barre"", ""fret"": 1, ""fromString"": 2, ""toString"": 5}, {""type"": ""finger"", ""string"": 4, ""fret"": 2, ""finger"": 3}, {""type"": ""finger"", ""string"": 6, ""fret"": 2, ""finger"": 2}]",,2,[1],"[2, 3, 5]"
F#/Gb9#5,"F#/Gb Dominat 9th, Sharp 5th","F#/Gb9#5 guitar chord
            (F#/Gb Dominat 9th, Sharp 5th)",https://www.all-guitar-chords.com/chords/index/f_sharp/9*5,"9#5, 7(#5,9), 9+5, +9",1-3-#5-b7-9,F#-A#-D-E-G#,1,"Press the E (1st) string on the 4th fret with your pinky | Place your ring finger on the B (2nd) string at the 3rd fret and press down | Use your middle finger to press the G (3rd) string down on the 3rd fret | Press down on the D (4th) string at the 2nd fret using your index finger | Position your thumb on the low E (6th) string at the 2nd fret and press down | Now, strum all the strings, mute the 5th string","[{""type"": ""finger"", ""string"": 1, ""fret"": 4, ""finger"": 4}, {""type"": ""finger"", ""string"": 2, ""fret"": 3, ""finger"": 3}, {""type"": ""finger"", ""string"": 3, ""fret"": 3, ""finger"": 2}, {""type"": ""finger"", ""string"": 4, ""fret"": 2, ""finger"": 1}, {""type"": ""finger"", ""string"": 6, ""fret"": 2, ""finger"": 0}, {""type"": ""raw"", ""text"": ""Now, strum all the strings, mute the 5th string""}]",,,[5],[]
F#/Gb13#11,"F#/Gb Dominant 13th, Added Sharp 11th","F#/Gb13#11 guitar chord
            (F#/Gb Dominant 13th, Added Sharp 11th)",https://www.all-guitar-chords.com/chords/index/f_sharp/13*11,"13#11, 13+11, 7(9,#11,13)",1-3-5-b7-9-#11-13,F#-A#-C#-E-G#-C-D#,1,"Barre the 4th fret with your pinky, extending over the 1st to the 2nd strings | Position your ring finger on the G (3rd) string at the 3rd fret and press down | Barre the 2nd fret with your index finger, extending over the 4th to the 6th strings | With your middle finger, press down on the A (5th) string at the 3rd fret | To play the chord, strum all the strings","[{""type"": ""barre"", ""fret"": 4, ""fromString"": 1, ""toString"": 2}, {""type"": ""finger"", ""string"": 3, ""fret"": 3, ""finger"": 3}, {""type"": ""barre"", ""fret"": 2, ""fromString"": 4, ""toString"": 6}, {""type"": ""finger"", ""string"": 5, ""fret"": 3, ""finger"": 2}, {""type"": ""raw"", ""text"": ""To play the chord, strum all the strings""}]",,,[],"[1, 2, 4, 6]"
F#/Gb13b9,"F#/Gb Dominant 13th, Flat 9th","F#/Gb13b9 guitar chord
            (F#/Gb Dominant 13th, Flat 9th)",https://www.all-guitar-chords.com/chords/index/f_sharp/13b9,"13b9, 13-9, 7(b9,13)",1-3-5-b7-b9-13,F#-A#-C#-E-G-D#,1,"Place your ring finger on the E (1st) string at the 3rd fret and press down | Press the B (2nd) string on the 4th fret with your pinky | Use your middle finger to press the G (3rd) string down on the 3rd fret | Press down on the D (4th) string at the 2nd fret using your index finger | Position your thumb on the low E (6th) string at the 2nd fret and press down | Now, strum all the strings, mute the 5th string","[{""type"": ""finger"", ""string"": 1, ""fret"": 3, ""finger"": 3}, {""type"": ""finger"", ""string"": 2, ""fret"": 4, ""finger"": 4}, {""type"": ""finger"", ""string"": 3, ""fret"": 3, ""finger"": 2}, {""type"": ""finger"", ""string"": 4, ""fret"": 2, ""finger"": 1}, {""type"": ""finger"", ""string"": 6, ""fret"": 2, ""finger"": 0}, {""type"": ""raw"", ""text"": ""Now, strum all the strings, mute the 5th string""}]",,,[5],[]
F#/Gb11b9,"F#/Gb Dominant 11th, Flat 9th","F#/Gb11b9 guitar chord
            (F#/Gb Dominant 11th, Flat 9th)",https://www.all-guitar-chords.com/chords/index/f_sharp/11b9,"11b9, 7sus4(b9)",1-5-b7-b9-11,F#-C#-E-G-B,1,"Press down on the E (1st) string at the 3rd fret using your index finger | Press the B (2nd) string on the 5th fret with your pinky | Place your ring finger on the G (3rd) string at the 4th fret and press down | Use your middle finger to press the D (4th) string down on the 4th fret | Now, strum all the strings starting from the 4th string","[{""type"": ""finger"", ""string"": 1, ""fret"": 3, ""finger"": 1}, {""type"": ""finger"", ""string"": 2, ""fret"": 5, ""finger"": 4}, {""type"": ""finger"", ""string"": 3, ""fret"": 4, ""finger"": 3}, {""type"": ""finger"", ""string"": 4, ""fret"": 4, ""finger"": 2}]",4,,"[5, 6]",[]
F#/Gbsus2sus4,"F#/Gb Suspended 2nd, Suspended 4th","F#/Gbsus2sus4 guitar chord
            (F#/Gb Suspended 2nd, Suspended 4th)",https://www.all-guitar-chords.com/chords/index/f_sharp/sus2sus4,sus2sus4,1-2-4-5,F#-G#-B-C#,1,"Press down on the E (1st) string at the 4th fret using your pinky | Barre the 2nd fret with your index finger, extending over the 2nd to the 6th strings | Position your ring finger on the G (3rd) string at the 4th fret and press down | With your middle finger, press down on the D (4th) string at the 4th fret | To play the chord, strum all the strings","[{""type"": ""finger"", ""string"": 1, ""fret"": 4, ""finger"": 4}, {""type"": ""barre"", ""fret"": 2, ""fromString"": 2, ""toString"": 6}, {""type"": ""finger"", ""string"": 3, ""fret"": 4, ""finger"": 3}, {""type"": ""finger"", ""string"": 4, ""fret"": 4, ""finger"": 2}, {""type"": ""raw"", ""text"": ""To play the chord, strum all the strings""}]",,,[],"[2, 5, 6]"
F#/Gb-5,F#/Gb Major Diminished 5th,"F#/Gb-5 guitar chord
            (F#/Gb Major Diminished 5th)",https://www.all-guitar-chords.com/chords/index/f_sharp/-5,-5,1-3-b5,F#-A#-C,1,"Press the G (3rd) string on the 3rd fret with your ring finger | With your pinky, press down on the D (4th) string at the 4th fret | Place your middle finger on the A (5th) string at the 3rd fret and press down | Use your index finger to press the low E (6th) string down on the 2nd fret | Now, strum all the strings up to the 3rd string","[{""type"": ""finger"", ""string"": 3, ""fret"": 3, ""finger"": 3}, {""type"": ""finger"", ""string"": 4, ""fret"": 4, ""finger"": 4}, {""type"": ""finger"", ""string"": 5, ""fret"": 3, ""finger"": 2}, {""type"": ""finger"", ""string"": 6, ""fret"": 2, ""finger"": 1}]",,3,"[1, 2]",[]
G,Major,"G guitar chord
            (G Major)",https://www.all-guitar-chords.com/chords/index/g/major,"M, maj",1-3-5,G-B-D,1,"Position your ring finger on the E (1st) string at the 3rd fret and press down | Press the A (5th) string on the 2nd fret with your index finger | With your middle finger, press down on the low E (6th) string at the 3rd fret | To play the chord, strum all the strings","[{""type"": ""finger"", ""string"": 1, ""fret"": 3, ""finger"": 3}, {""type"": ""finger"", ""string"": 5, ""fret"": 2, ""finger"": 1}, {""type"": ""finger"", ""string"": 6, ""fret"": 3, ""finger"": 2}, {""type"": ""raw"", ""text"": ""To play the chord, strum all the strings""}]",,,[],"[2, 3, 4]"
,G Minor,"Gm guitar chord
            (G Minor)",https://www.all-guitar-chords.com/chords/index/g/minor,"m, min, -",1-b3-5,G-Bb-D,1,"Apply a barre with your index finger across the 3rd fret, covering all the strings | Place your pinky on the D (4th) string at the 5th fret and press down | Use your ring finger to press the A (5th) string down on the 5th fret | To play the chord, strum all the strings","[{""type"": ""barre"", ""fret"": 3, ""fromString"": 1, ""toString"": 6}, {""type"": ""finger"", ""string"": 4, ""fret"": 5, ""finger"": 4}, {""type"": ""finger"", ""string"": 5, ""fret"": 5, ""finger"": 3}, {""type"": ""raw"", ""text"": ""To play the chord, strum all the strings""}]",,,[],"[1, 2, 3, 6]"
,G Dominant Seventh,"G7 guitar chord
            (G Dominant Seventh)",https://www.all-guitar-chords.com/chords/index/g/7,7,1-3-5-b7,G-B-D-F,1,"Place your index finger on the E (1st) string at the 1st fret and press down | Press the A (5th) string on the 2nd fret with your middle finger | With your ring finger, press down on the low E (6th) string at the 3rd fret | Now, strum all the strings","[{""type"": ""finger"", ""string"": 1, ""fret"": 1, ""finger"": 1}, {""type"": ""finger"", ""string"": 5, ""fret"": 2, ""finger"": 2}, {""type"": ""finger"", ""string"": 6, ""fret"": 3, ""finger"": 3}, {""type"": ""raw"", ""text"": ""Now, strum all the strings""}]",,,[],"[2, 3, 4]"
,"G Fifth, Power Chord","G5 guitar chord
            (G Fifth, Power Chord)",https://www.all-guitar-chords.com/chords/index/g/5,5,1-5,G-D,1,Strum from the 4th string to the 3rd strings,[],4,,"[5, 6]","[1, 2, 3, 4]"
,G Diminished,"Gdim guitar chord
            (G Diminished)",https://www.all-guitar-chords.com/chords/index/g/dim,"dim, °",1-b3-b5,G-Bb-Db,1,"Barre the 3rd fret with your index finger, extending over the 3rd to the 6th strings | Place your ring finger on the D (4th) string at the 5th fret and press down | Use your middle finger to press the A (5th) string down on the 4th fret | Now, strum all the strings up to the 3rd string","[{""type"": ""barre"", ""fret"": 3, ""fromString"": 3, ""toString"": 6}, {""type"": ""finger"", ""string"": 4, ""fret"": 5, ""finger"": 3}, {""type"": ""finger"", ""string"": 5, ""fret"": 4, ""finger"": 2}]",,3,"[1, 2]","[3, 6]"
,G Diminished Seventh,"Gdim7 guitar chord
            (G Diminished Seventh)",https://www.all-guitar-chords.com/chords/index/g/dim7,"dim7, o7, 7dim",1-b3-b5-6,G-Bb-Db-E,1,"Position your ring finger on the B (2nd) string at the 2nd fret and press down | With your middle finger, press down on the D (4th) string at the 2nd fret | Press the A (5th) string on the 1st fret with your index finger | Strum from the 5th string to the 2nd strings","[{""type"": ""finger"", ""string"": 2, ""fret"": 2, ""finger"": 3}, {""type"": ""finger"", ""string"": 4, ""fret"": 2, ""finger"": 2}, {""type"": ""finger"", ""string"": 5, ""fret"": 1, ""finger"": 1}]",5,,[6],"[1, 3]"
,G Augmented,"Gaug guitar chord
            (G Augmented)",https://www.all-guitar-chords.com/chords/index/g/aug,"aug, ""+""",1-3-#5,G-B-D#,1,"With your pinky, press down on the E (1st) string at the 3rd fret | Use your index finger to press the D (4th) string down on the 1st fret | Place your middle finger on the A (5th) string at the 2nd fret and press down | Press the low E (6th) string on the 3rd fret with your ring finger | To play the chord, strum all the strings","[{""type"": ""finger"", ""string"": 1, ""fret"": 3, ""finger"": 4}, {""type"": ""finger"", ""string"": 4, ""fret"": 1, ""finger"": 1}, {""type"": ""finger"", ""string"": 5, ""fret"": 2, ""finger"": 2}, {""type"": ""finger"", ""string"": 6, ""fret"": 3, ""finger"": 3}, {""type"": ""raw"", ""text"": ""To play the chord, strum all the strings""}]",,,[],"[2, 3]"
,G Suspended 2nd,"Gsus2 guitar chord
            (G Suspended 2nd)",https://www.all-guitar-chords.com/chords/index/g/sus2,sus2,1-2-5,G-A-D,1,"Place a barre using your index finger on the 5th fret from the 1st to the 4th strings | Stretch out your pinky to the 8th fret of the B (2nd) string and press down | Press down on the G (3rd) string at the 7th fret using your ring finger | Now, strum all the strings starting from the 4th string","[{""type"": ""barre"", ""fret"": 5, ""fromString"": 1, ""toString"": 4}, {""type"": ""finger"", ""string"": 2, ""fret"": 8, ""finger"": 4}, {""type"": ""finger"", ""string"": 3, ""fret"": 7, ""finger"": 3}]",4,,"[5, 6]","[1, 4]"
,G Suspended 4th,"Gsus guitar chord
            (G Suspended 4th)",https://www.all-guitar-chords.com/chords/index/g/sus4,"sus, sus4",1-4-5,G-C-D,1,"Place a barre using your index finger on the 3rd fret | Use your pinky to press the G (3rd) string down on the 5th fret | Press down on the D (4th) string at the 5th fret using your ring finger | Position your middle finger on the A (5th) string at the 5th fret and press down | Now, strum all the strings","[{""type"": ""barre"", ""fret"": 3, ""fromString"": 1, ""toString"": 6}, {""type"": ""finger"", ""string"": 3, ""fret"": 5, ""finger"": 4}, {""type"": ""finger"", ""string"": 4, ""fret"": 5, ""finger"": 3}, {""type"": ""finger"", ""string"": 5, ""fret"": 5, ""finger"": 2}, {""type"": ""raw"", ""text"": ""Now, strum all the strings""}]",,,[],"[1, 2, 6]"
,G Major 7th,"Gmaj7 guitar chord
            (G Major 7th)",https://www.all-guitar-chords.com/chords/index/g/maj7,"maj7, M7",1-3-5-7,G-B-D-F#,1,"Press the E (1st) string on the 2nd fret with your ring finger | Place your middle finger on the A (5th) string at the 2nd fret and press down | Now, strum all the strings starting from the 5th string","[{""type"": ""finger"", ""string"": 1, ""fret"": 2, ""finger"": 3}, {""type"": ""finger"", ""string"": 5, ""fret"": 2, ""finger"": 2}]",5,,[6],"[2, 3, 4]"
,G Minor 7th,"Gm7 guitar chord
            (G Minor 7th)",https://www.all-guitar-chords.com/chords/index/g/m7,"m7, min7, -7",1-b3-5-b7,G-Bb-D-F,1,"Apply a barre with your index finger across the 3rd fret, covering all the strings | With your ring finger, press down on the A (5th) string at the 5th fret | Now, strum all the strings","[{""type"": ""barre"", ""fret"": 3, ""fromString"": 1, ""toString"": 6}, {""type"": ""finger"", ""string"": 5, ""fret"": 5, ""finger"": 3}, {""type"": ""raw"", ""text"": ""Now, strum all the strings""}]",,,[],"[1, 2, 3, 4, 6]"
,G Dominant 7th Suspended 4th,"G7sus4 guitar chord
            (G Dominant 7th Suspended 4th)",https://www.all-guitar-chords.com/chords/index/g/7sus4,"7sus4, 7sus",1-4-5-b7,G-C-D-F,1,"Barre the 3rd fret with your index finger, extending over all the strings | Press down on the G (3rd) string at the 5th fret using your pinky | Position your ring finger on the A (5th) string at the 5th fret and press down | To play the chord, strum all the strings","[{""type"": ""barre"", ""fret"": 3, ""fromString"": 1, ""toString"": 6}, {""type"": ""finger"", ""string"": 3, ""fret"": 5, ""finger"": 4}, {""type"": ""finger"", ""string"": 5, ""fret"": 5, ""finger"": 3}, {""type"": ""raw"", ""text"": ""To play the chord, strum all the strings""}]",,,[],"[1, 2, 4, 6]"
,G Major 9th,"Gmaj9 guitar chord
            (G Major 9th)",https://www.all-guitar-chords.com/chords/index/g/maj9,"maj9, M9, maj7(9)",1-3-5-7-9,G-B-D-F#-A,1,"Barre the 2nd fret with your index finger, extending over the 1st to the 5th strings | Place your ring finger on the B (2nd) string at the 3rd fret and press down | Press the D (4th) string on the 4th fret with your pinky | Use your middle finger to press the low E (6th) string down on the 3rd fret | Now, strum all the strings","[{""type"": ""barre"", ""fret"": 2, ""fromString"": 1, ""toString"": 5}, {""type"": ""finger"", ""string"": 2, ""fret"": 3, ""finger"": 3}, {""type"": ""finger"", ""string"": 4, ""fret"": 4, ""finger"": 4}, {""type"": ""finger"", ""string"": 6, ""fret"": 3, ""finger"": 2}, {""type"": ""raw"", ""text"": ""Now, strum all the strings""}]",,,[],"[1, 3, 5]"
,G Major 11th,"Gmaj11 guitar chord
            (G Major 11th)",https://www.all-guitar-chords.com/chords/index/g/maj11,"maj11, M11",1-3-5-7-9-11,G-B-D-F#-A-C,1,"Apply a barre with your index finger across the 8th fret, covering the 1st to the 2nd strings | Stretch out your pinky to the 11th fret of the G (3rd) string and press down | Press the D (4th) string on the 9th fret with your middle finger | With your ring finger, press down on the A (5th) string at the 10th fret | Now, strum all the strings starting from the 5th string","[{""type"": ""barre"", ""fret"": 8, ""fromString"": 1, ""toString"": 2}, {""type"": ""finger"", ""string"": 3, ""fret"": 11, ""finger"": 4}, {""type"": ""finger"", ""string"": 4, ""fret"": 9, ""finger"": 2}, {""type"": ""finger"", ""string"": 5, ""fret"": 10, ""finger"": 3}]",5,,[6],"[1, 2]"
,G Major 13th,"Gmaj13 guitar chord
            (G Major 13th)",https://www.all-guitar-chords.com/chords/index/g/maj13,"maj13, M13, maj7(9,13),maj7(6/9)",1-3-5-7-9-13,G-B-D-F#-A-E,1,"Place a barre using your index finger on the 2nd fret from the 1st to the 5th strings | Press the B (2nd) string on the 3rd fret with your ring finger | Place your middle finger on the low E (6th) string at the 3rd fret and press down | To play the chord, strum all the strings","[{""type"": ""barre"", ""fret"": 2, ""fromString"": 1, ""toString"": 5}, {""type"": ""finger"", ""string"": 2, ""fret"": 3, ""finger"": 3}, {""type"": ""finger"", ""string"": 6, ""fret"": 3, ""finger"": 2}, {""type"": ""raw"", ""text"": ""To play the chord, strum all the strings""}]",,,[],"[1, 3, 4, 5]"
,#11,"Gmaj9(#11) guitar chord
            (G Major 9th, Sharp 11th)",https://www.all-guitar-chords.com/chords/index/g/maj9*11,"maj9(#11), maj7(9,#11)",1-3-5-7-9-#11,G-B-D-F#-A-C#,1,"Apply a barre with your index finger across the 2nd fret, covering the 1st to the 5th strings | Use your ring finger to press the D (4th) string down on the 4th fret | Press down on the low E (6th) string at the 3rd fret using your middle finger | To play the chord, strum all the strings","[{""type"": ""barre"", ""fret"": 2, ""fromString"": 1, ""toString"": 5}, {""type"": ""finger"", ""string"": 4, ""fret"": 4, ""finger"": 3}, {""type"": ""finger"", ""string"": 6, ""fret"": 3, ""finger"": 2}, {""type"": ""raw"", ""text"": ""To play the chord, strum all the strings""}]",,,[],"[1, 2, 3, 5]"
,#11,"Gmaj13(#11) guitar chord
            (G Major 13th, Sharp 11th)",https://www.all-guitar-chords.com/chords/index/g/maj13*11,"maj13(#11), maj7(13,#11), maj9(#11,13)",1-3-5-7-9-#11-13,G-B-D-F#-A-C#-E,1,"Apply a barre with your index finger across the 2nd fret, covering the 1st to the 5th strings | Press the low E (6th) string on the 3rd fret with your middle finger | Now, strum all the strings","[{""type"": ""barre"", ""fret"": 2, ""fromString"": 1, ""toString"": 5}, {""type"": ""finger"", ""string"": 6, ""fret"": 3, ""finger"": 2}, {""type"": ""raw"", ""text"": ""Now, strum all the strings""}]",,,[],"[1, 2, 3, 4, 5]"
,G Major Added 9th,"Gadd9 guitar chord
            (G Major Added 9th)",https://www.all-guitar-chords.com/chords/index/g/add9,add9,1-3-5-9,G-B-D-A,1,"Barre the 7th fret with your index finger, extending over the 1st to the 3rd strings | Stretch out your pinky to the 10th fret of the B (2nd) string and press down | Use your middle finger to press the D (4th) string down on the 9th fret | Stretch out your ring finger to the 10th fret of the A (5th) string and press down | Now, strum all the strings starting from the 5th string","[{""type"": ""barre"", ""fret"": 7, ""fromString"": 1, ""toString"": 3}, {""type"": ""finger"", ""string"": 2, ""fret"": 10, ""finger"": 4}, {""type"": ""finger"", ""string"": 4, ""fret"": 9, ""finger"": 2}, {""type"": ""finger"", ""string"": 5, ""fret"": 10, ""finger"": 3}]",5,,[6],"[1, 3]"
,"G Major 6th, Added 9th","G6add9 guitar chord
            (G Major 6th, Added 9th)",https://www.all-guitar-chords.com/chords/index/g/6add9,"6add9, add6/9, 6/9",1-3-5-6-9,G-B-D-E-A,1,"Press down on the G (3rd) string at the 2nd fret using your middle finger | Position your index finger on the D (4th) string at the 2nd fret and press down | Use your ring finger to press the low E (6th) string down on the 3rd fret | Now, strum all the strings up to the 2nd string, mute the 5th string","[{""type"": ""finger"", ""string"": 3, ""fret"": 2, ""finger"": 2}, {""type"": ""finger"", ""string"": 4, ""fret"": 2, ""finger"": 1}, {""type"": ""finger"", ""string"": 6, ""fret"": 3, ""finger"": 3}]",,2,"[1, 5]",[2]
,b5,"Gmaj7(b5) guitar chord
            (G Major 7th, Flat 5th)",https://www.all-guitar-chords.com/chords/index/g/maj7b5,maj7(b5),1-3-b5-7,G-B-Db-F#,1,"Use your index finger to press the B (2nd) string down on the 2nd fret | With your pinky, press down on the G (3rd) string at the 4th fret | Press the D (4th) string on the 4th fret with your ring finger | Place your middle finger on the low E (6th) string at the 3rd fret and press down | Now, strum all the strings up to the 2nd string, mute the 5th string","[{""type"": ""finger"", ""string"": 2, ""fret"": 2, ""finger"": 1}, {""type"": ""finger"", ""string"": 3, ""fret"": 4, ""finger"": 4}, {""type"": ""finger"", ""string"": 4, ""fret"": 4, ""finger"": 3}, {""type"": ""finger"", ""string"": 6, ""fret"": 3, ""finger"": 2}]",,2,"[1, 5]",[]
,#5,"Gmaj7(#5) guitar chord
            (G Major 7th, Sharp 5th)",https://www.all-guitar-chords.com/chords/index/g/maj7*5,"maj7(#5), maj7+, +7+5",1-3-#5-7,G-B-D#-F#,1,"Press the E (1st) string on the 2nd fret with your ring finger | Use your index finger to press the D (4th) string down on the 1st fret | Place your middle finger on the A (5th) string at the 2nd fret and press down | Now, strum all the strings starting from the 5th string","[{""type"": ""finger"", ""string"": 1, ""fret"": 2, ""finger"": 3}, {""type"": ""finger"", ""string"": 4, ""fret"": 1, ""finger"": 1}, {""type"": ""finger"", ""string"": 5, ""fret"": 2, ""finger"": 2}]",5,,[6],"[2, 3]"
,G Minor 6th,"Gm6 guitar chord
            (G Minor 6th)",https://www.all-guitar-chords.com/chords/index/g/m6,"m6, min6, m(add6), -6",1-b3-5-6,G-Bb-D-E,1,"Press down on the B (2nd) string at the 3rd fret using your pinky | Press the A (5th) string on the 1st fret with your index finger | To play the chord, strum all the strings","[{""type"": ""finger"", ""string"": 2, ""fret"": 3, ""finger"": 4}, {""type"": ""finger"", ""string"": 5, ""fret"": 1, ""finger"": 1}, {""type"": ""raw"", ""text"": ""To play the chord, strum all the strings""}]",,,[],"[1, 3, 4, 6]"
,G Minor 9th,"Gm9 guitar chord
            (G Minor 9th)",https://www.all-guitar-chords.com/chords/index/g/m9,"m9, min9, -9",1-b3-5-b7-9,G-Bb-D-F-A,1,"Press down on the E (1st) string at the 5th fret using your pinky | Barre the 3rd fret with your index finger, extending over the 2nd to the 4th strings | Press the low E (6th) string on the 3rd fret with your index finger | To play the chord, strum all the strings, mute the 5th string","[{""type"": ""finger"", ""string"": 1, ""fret"": 5, ""finger"": 4}, {""type"": ""barre"", ""fret"": 3, ""fromString"": 2, ""toString"": 4}, {""type"": ""finger"", ""string"": 6, ""fret"": 3, ""finger"": 1}, {""type"": ""raw"", ""text"": ""To play the chord, strum all the strings, mute the 5th string""}]",,,[5],"[2, 3, 4]"
,G Minor 11th,"Gm11 guitar chord
            (G Minor 11th)",https://www.all-guitar-chords.com/chords/index/g/m11,"m11, min11, -11",1-b3-5-b7-9-11,G-Bb-D-F-A-C,1,"Press down on the B (2nd) string at the 1st fret using your index finger | Press the G (3rd) string on the 3rd fret with your pinky | Place your ring finger on the D (4th) string at the 3rd fret and press down | Use your middle finger to press the low E (6th) string down on the 3rd fret | Now, strum all the strings up to the 2nd string, mute the 5th string","[{""type"": ""finger"", ""string"": 2, ""fret"": 1, ""finger"": 1}, {""type"": ""finger"", ""string"": 3, ""fret"": 3, ""finger"": 4}, {""type"": ""finger"", ""string"": 4, ""fret"": 3, ""finger"": 3}, {""type"": ""finger"", ""string"": 6, ""fret"": 3, ""finger"": 2}]",,2,"[1, 5]",[]
,G Minor 13th,"Gm13 guitar chord
            (G Minor 13th)",https://www.all-guitar-chords.com/chords/index/g/m13,"m13, min13, -13",1-b3-5-b7-9-11-13,G-Bb-D-F-A-C-E,1,"Place your pinky on the E (1st) string at the 5th fret and press down | Use your ring finger to press the B (2nd) string down on the 5th fret | Apply a barre with your index finger across the 3rd fret, covering the 3rd to the 6th strings | Press down on the A (5th) string at the 5th fret using your middle finger | To play the chord, strum all the strings","[{""type"": ""finger"", ""string"": 1, ""fret"": 5, ""finger"": 4}, {""type"": ""finger"", ""string"": 2, ""fret"": 5, ""finger"": 3}, {""type"": ""barre"", ""fret"": 3, ""fromString"": 3, ""toString"": 6}, {""type"": ""finger"", ""string"": 5, ""fret"": 5, ""finger"": 2}, {""type"": ""raw"", ""text"": ""To play the chord, strum all the strings""}]",,,[],"[3, 4, 6]"
,add9,"Gm(add9) guitar chord
            (G Minor, Added 9th)",https://www.all-guitar-chords.com/chords/index/g/madd9,"m(add9), m9(no 7th)",1-b3-5-9,G-Bb-D-A,1,"Use your pinky to press the E (1st) string down on the 5th fret | Place a barre using your index finger on the 3rd fret from the 2nd to the 3rd strings | Press down on the D (4th) string at the 5th fret using your ring finger | Now, strum all the strings starting from the 4th string","[{""type"": ""finger"", ""string"": 1, ""fret"": 5, ""finger"": 4}, {""type"": ""barre"", ""fret"": 3, ""fromString"": 2, ""toString"": 3}, {""type"": ""finger"", ""string"": 4, ""fret"": 5, ""finger"": 3}]",4,,"[5, 6]","[2, 3]"
,"G Minor 6yh, Added 9th","Gm6add9 guitar chord
            (G Minor 6yh, Added 9th)",https://www.all-guitar-chords.com/chords/index/g/m6add9,"m6add9, m6/9, min6/9, m(add6,9), -6/9",1-b3-5-6-9,G-Bb-D-E-A,1,"Place a barre using your pinky on the 3rd fret from the 1st to the 2nd strings | Place a barre using your middle finger on the 2nd fret from the 3rd to the 4th strings | Use your index finger to press the A (5th) string down on the 1st fret | Now, strum all the strings starting from the 5th string","[{""type"": ""barre"", ""fret"": 3, ""fromString"": 1, ""toString"": 2}, {""type"": ""barre"", ""fret"": 2, ""fromString"": 3, ""toString"": 4}, {""type"": ""finger"", ""string"": 5, ""fret"": 1, ""finger"": 1}]",5,,[6],"[1, 2, 3, 4]"
,"G Minor, Major 7th","Gmmaj7 guitar chord
            (G Minor, Major 7th)",https://www.all-guitar-chords.com/chords/index/g/mmaj7,"mmaj7, min(maj7), -(maj7), mM7, m+7",1-b3-5-7,G-Bb-D-F#,1,"Press down on the E (1st) string at the 2nd fret using your index finger | Place your ring finger on the B (2nd) string at the 3rd fret and press down | Use your middle finger to press the G (3rd) string down on the 3rd fret | Stretch out your pinky to the 5th fret of the D (4th) string and press down | Now, strum all the strings starting from the 4th string","[{""type"": ""finger"", ""string"": 1, ""fret"": 2, ""finger"": 1}, {""type"": ""finger"", ""string"": 2, ""fret"": 3, ""finger"": 3}, {""type"": ""finger"", ""string"": 3, ""fret"": 3, ""finger"": 2}, {""type"": ""finger"", ""string"": 4, ""fret"": 5, ""finger"": 4}]",4,,"[5, 6]",[]
,"G Minor 9th, Major 7th","Gmmaj9 guitar chord
            (G Minor 9th, Major 7th)",https://www.all-guitar-chords.com/chords/index/g/mmaj9,"mmaj9, min(maj9), m9(maj7), mM9",1-b3-5-7-9,G-Bb-D-F#-A,1,"Press down on the E (1st) string at the 5th fret using your pinky | Barre the 3rd fret with your index finger, extending over the 2nd to the 6th strings | With your middle finger, press down on the D (4th) string at the 4th fret | Position your ring finger on the A (5th) string at the 5th fret and press down | To play the chord, strum all the strings","[{""type"": ""finger"", ""string"": 1, ""fret"": 5, ""finger"": 4}, {""type"": ""barre"", ""fret"": 3, ""fromString"": 2, ""toString"": 6}, {""type"": ""finger"", ""string"": 4, ""fret"": 4, ""finger"": 2}, {""type"": ""finger"", ""string"": 5, ""fret"": 5, ""finger"": 3}, {""type"": ""raw"", ""text"": ""To play the chord, strum all the strings""}]",,,[],"[2, 3, 6]"
,G Half-diminished Minor 7,"Gm7b5 guitar chord
            (G Half-diminished Minor 7)",https://www.all-guitar-chords.com/chords/index/g/m7b5,"m7b5, m7-5, ø",1-b3-b5-b7,G-Bb-Db-F,1,"Press down on the B (2nd) string at the 2nd fret using your index finger | Press the G (3rd) string on the 3rd fret with your pinky | Place your ring finger on the D (4th) string at the 3rd fret and press down | Use your middle finger to press the low E (6th) string down on the 3rd fret | Now, strum all the strings up to the 2nd string, mute the 5th string","[{""type"": ""finger"", ""string"": 2, ""fret"": 2, ""finger"": 1}, {""type"": ""finger"", ""string"": 3, ""fret"": 3, ""finger"": 4}, {""type"": ""finger"", ""string"": 4, ""fret"": 3, ""finger"": 3}, {""type"": ""finger"", ""string"": 6, ""fret"": 3, ""finger"": 2}]",,2,"[1, 5]",[]
,"G Minor 7th, Sharp 5th","Gm7#5 guitar chord
            (G Minor 7th, Sharp 5th)",https://www.all-guitar-chords.com/chords/index/g/m7*5,"m7#5, m7+",1-b3-#5-b7,G-Bb-D#-F,1,"Place your pinky on the B (2nd) string at the 4th fret and press down | Use your ring finger to press the G (3rd) string down on the 3rd fret | Press down on the D (4th) string at the 3rd fret using your middle finger | Position your index finger on the low E (6th) string at the 3rd fret and press down | Now, strum all the strings up to the 2nd string, mute the 5th string","[{""type"": ""finger"", ""string"": 2, ""fret"": 4, ""finger"": 4}, {""type"": ""finger"", ""string"": 3, ""fret"": 3, ""finger"": 3}, {""type"": ""finger"", ""string"": 4, ""fret"": 3, ""finger"": 2}, {""type"": ""finger"", ""string"": 6, ""fret"": 3, ""finger"": 1}]",,2,"[1, 5]",[]
,G Major 6th,"G6 guitar chord
            (G Major 6th)",https://www.all-guitar-chords.com/chords/index/g/6,"6, M6, maj6, add6",1-3-5-6,G-B-D-E,1,"Use your index finger to press the A (5th) string down on the 2nd fret | To play the chord, strum all the strings","[{""type"": ""finger"", ""string"": 5, ""fret"": 2, ""finger"": 1}, {""type"": ""raw"", ""text"": ""To play the chord, strum all the strings""}]",,,[],"[1, 2, 3, 4, 6]"
,G Dominant 9th,"G9 guitar chord
            (G Dominant 9th)",https://www.all-guitar-chords.com/chords/index/g/9,9,1-3-5-b7-9,G-B-D-F-A,1,"Place your index finger on the E (1st) string at the 1st fret and press down | Now, strum all the strings starting from the 5th string","[{""type"": ""finger"", ""string"": 1, ""fret"": 1, ""finger"": 1}]",5,,[6],"[2, 3, 4, 5]"
,G Dominant 11th,"G11 guitar chord
            (G Dominant 11th)",https://www.all-guitar-chords.com/chords/index/g/11,11,1-3-5-b7-9-11,G-B-D-F-A-C,1,"Use your index finger to press the B (2nd) string down on the 1st fret | Place your middle finger on the G (3rd) string at the 2nd fret and press down | With your pinky, press down on the D (4th) string at the 3rd fret | Press the low E (6th) string on the 3rd fret with your ring finger | Now, strum all the strings up to the 2nd string, mute the 5th string","[{""type"": ""finger"", ""string"": 2, ""fret"": 1, ""finger"": 1}, {""type"": ""finger"", ""string"": 3, ""fret"": 2, ""finger"": 2}, {""type"": ""finger"", ""string"": 4, ""fret"": 3, ""finger"": 4}, {""type"": ""finger"", ""string"": 6, ""fret"": 3, ""finger"": 3}]",,2,"[1, 5]",[]
,G Dominant 13th,"G13 guitar chord
            (G Dominant 13th)",https://www.all-guitar-chords.com/chords/index/g/13,13,1-3-5-b7-9-13,G-B-D-F-A-E,1,"Use your pinky to press the B (2nd) string down on the 5th fret | Press down on the G (3rd) string at the 4th fret using your ring finger | Position your middle finger on the D (4th) string at the 3rd fret and press down | With your index finger, press down on the low E (6th) string at the 3rd fret | Now, strum all the strings up to the 2nd string, mute the 5th string","[{""type"": ""finger"", ""string"": 2, ""fret"": 5, ""finger"": 4}, {""type"": ""finger"", ""string"": 3, ""fret"": 4, ""finger"": 3}, {""type"": ""finger"", ""string"": 4, ""fret"": 3, ""finger"": 2}, {""type"": ""finger"", ""string"": 6, ""fret"": 3, ""finger"": 1}]",,2,"[1, 5]",[]
,"G Dominant 7th, Flat 5th","G7b5 guitar chord
            (G Dominant 7th, Flat 5th)",https://www.all-guitar-chords.com/chords/index/g/7b5,"7b5, 7-5",1-3-b5-b7,G-B-Db-F,1,"Place your index finger on the B (2nd) string at the 2nd fret and press down | Position your pinky on the G (3rd) string at the 4th fret and press down | With your ring finger, press down on the D (4th) string at the 3rd fret | Press the low E (6th) string on the 3rd fret with your middle finger | Now, strum all the strings up to the 2nd string, mute the 5th string","[{""type"": ""finger"", ""string"": 2, ""fret"": 2, ""finger"": 1}, {""type"": ""finger"", ""string"": 3, ""fret"": 4, ""finger"": 4}, {""type"": ""finger"", ""string"": 4, ""fret"": 3, ""finger"": 3}, {""type"": ""finger"", ""string"": 6, ""fret"": 3, ""finger"": 2}]",,2,"[1, 5]",[]
,"G Dominant 7th, Sharp 5th","G7#5 guitar chord
            (G Dominant 7th, Sharp 5th)",https://www.all-guitar-chords.com/chords/index/g/7*5,"7#5, 7maj5, 7+5, +7",1-3-#5-b7,G-B-D#-F,1,"Position your middle finger on the E (1st) string at the 1st fret and press down | With your index finger, press down on the D (4th) string at the 1st fret | Now, strum all the strings starting from the 4th string","[{""type"": ""finger"", ""string"": 1, ""fret"": 1, ""finger"": 2}, {""type"": ""finger"", ""string"": 4, ""fret"": 1, ""finger"": 1}]",4,,"[5, 6]","[2, 3]"
,"G Dominant 7th, Flat 9th","G7b9 guitar chord
            (G Dominant 7th, Flat 9th)",https://www.all-guitar-chords.com/chords/index/g/7b9,"7b9, 7-9",1-3-5-b7-b9,G-B-D-F-Ab,1,"Press down on the E (1st) string at the 3rd fret using your pinky | Press the G (3rd) string on the 1st fret with your index finger | Position your ring finger on the D (4th) string at the 3rd fret and press down | Now, strum all the strings starting from the 4th string","[{""type"": ""finger"", ""string"": 1, ""fret"": 3, ""finger"": 4}, {""type"": ""finger"", ""string"": 3, ""fret"": 1, ""finger"": 1}, {""type"": ""finger"", ""string"": 4, ""fret"": 3, ""finger"": 3}]",4,,"[5, 6]",[2]
,"G Dominant 7th, Sharp 9th","G7#9 guitar chord
            (G Dominant 7th, Sharp 9th)",https://www.all-guitar-chords.com/chords/index/g/7*9,"7#9, 7+9, 7b10",1-3-5-b7-#9,G-B-D-F-A#,1,"Place a barre using your pinky on the 6th fret from the 1st to the 2nd strings | Position your middle finger on the G (3rd) string at the 4th fret and press down | Place a barre using your index finger on the 3rd fret from the 4th to the 6th strings | Press down on the A (5th) string at the 5th fret using your ring finger | Now, strum all the strings","[{""type"": ""barre"", ""fret"": 6, ""fromString"": 1, ""toString"": 2}, {""type"": ""finger"", ""string"": 3, ""fret"": 4, ""finger"": 2}, {""type"": ""barre"", ""fret"": 3, ""fromString"": 4, ""toString"": 6}, {""type"": ""finger"", ""string"": 5, ""fret"": 5, ""finger"": 3}, {""type"": ""raw"", ""text"": ""Now, strum all the strings""}]",,,[],"[1, 2, 4, 6]"
,"b5,b9","G7(b5,b9) guitar chord
            (G Dominant 7th, Flat 5th, Flat 9th)","https://www.all-guitar-chords.com/chords/index/g/7%28b5,b9%29","7(b5,b9), 7(-5,-9)",1-3-b5-b7-b9,G-B-Db-F-Ab,1,"Place your middle finger on the B (2nd) string at the 2nd fret and press down | Use your index finger to press the G (3rd) string down on the 1st fret | With your pinky, press down on the D (4th) string at the 3rd fret | Press the low E (6th) string on the 3rd fret with your ring finger | Now, strum all the strings up to the 2nd string, mute the 5th string","[{""type"": ""finger"", ""string"": 2, ""fret"": 2, ""finger"": 2}, {""type"": ""finger"", ""string"": 3, ""fret"": 1, ""finger"": 1}, {""type"": ""finger"", ""string"": 4, ""fret"": 3, ""finger"": 4}, {""type"": ""finger"", ""string"": 6, ""fret"": 3, ""finger"": 3}]",,2,"[1, 5]",[]
,"b5,#9","G7(b5,#9) guitar chord
            (G Dominant 7th, Flat 5th, Sharp 9th)","https://www.all-guitar-chords.com/chords/index/g/7%28b5,*9%29","7(b5,#9), 7(-5,+9)",1-3-b5-b7-#9,G-B-Db-F-A#,1,"Place a barre using your index finger on the 9th fret from the 1st to the 4th strings | Use your pinky to press the B (2nd) string down on the 11th fret | Press down on the G (3rd) string at the 10th fret using your ring finger | Position your middle finger on the A (5th) string at the 10th fret and press down | Now, strum all the strings starting from the 5th string","[{""type"": ""barre"", ""fret"": 9, ""fromString"": 1, ""toString"": 4}, {""type"": ""finger"", ""string"": 2, ""fret"": 11, ""finger"": 4}, {""type"": ""finger"", ""string"": 3, ""fret"": 10, ""finger"": 3}, {""type"": ""finger"", ""string"": 5, ""fret"": 10, ""finger"": 2}]",5,,[6],"[1, 4]"
,"#5,b9","G7(#5,b9) guitar chord
            (G Dominant 7th, Sharp 5th, Flat 9th)","https://www.all-guitar-chords.com/chords/index/g/7%28*5,b9%29","7(#5,b9), 7(+5,-9), +7b9",1-3-#5-b7-b9,G-B-D#-F-Ab,1,"Barre the 4th fret with your pinky, extending over the 1st to the 3rd strings | Use your middle finger to press the D (4th) string down on the 3rd fret | Press down on the low E (6th) string at the 3rd fret using your index finger | Now, strum all the strings, mute the 5th string","[{""type"": ""barre"", ""fret"": 4, ""fromString"": 1, ""toString"": 3}, {""type"": ""finger"", ""string"": 4, ""fret"": 3, ""finger"": 2}, {""type"": ""finger"", ""string"": 6, ""fret"": 3, ""finger"": 1}, {""type"": ""raw"", ""text"": ""Now, strum all the strings, mute the 5th string""}]",,,[5],"[1, 2, 3]"
,"#5,#9","G7(#5,#9) guitar chord
            (G Dominant 7th, Sharp 5th, Sharp 9th)","https://www.all-guitar-chords.com/chords/index/g/7%28*5,*9%29","7(#5,#9), 7(+5,+9), +7#9",1-3-#5-b7-#9,G-B-D#-F-A#,1,"Barre the 11th fret with your pinky, extending over the 1st to the 2nd strings | Position your ring finger on the G (3rd) string at the 10th fret and press down | Press the D (4th) string on the 9th fret with your index finger | With your middle finger, press down on the A (5th) string at the 10th fret | Now, strum all the strings starting from the 5th string","[{""type"": ""barre"", ""fret"": 11, ""fromString"": 1, ""toString"": 2}, {""type"": ""finger"", ""string"": 3, ""fret"": 10, ""finger"": 3}, {""type"": ""finger"", ""string"": 4, ""fret"": 9, ""finger"": 1}, {""type"": ""finger"", ""string"": 5, ""fret"": 10, ""finger"": 2}]",5,,[6],"[1, 2]"
,"G Dominat 9th, Flat 5th","G9b5 guitar chord
            (G Dominat 9th, Flat 5th)",https://www.all-guitar-chords.com/chords/index/g/9b5,"9b5, 7(b5,9), 9-5",1-3-b5-b7-9,G-B-Db-F-A,1,"Barre the 2nd fret with your index finger, extending over the 2nd to the 5th strings | Place your ring finger on the D (4th) string at the 3rd fret and press down | Use your middle finger to press the low E (6th) string down on the 3rd fret | Now, strum all the strings up to the 2nd string","[{""type"": ""barre"", ""fret"": 2, ""fromString"": 2, ""toString"": 5}, {""type"": ""finger"", ""string"": 4, ""fret"": 3, ""finger"": 3}, {""type"": ""finger"", ""string"": 6, ""fret"": 3, ""finger"": 2}]",,2,[1],"[2, 3, 5]"
,"G Dominat 9th, Sharp 5th","G9#5 guitar chord
            (G Dominat 9th, Sharp 5th)",https://www.all-guitar-chords.com/chords/index/g/9*5,"9#5, 7(#5,9), 9+5, +9",1-3-#5-b7-9,G-B-D#-F-A,1,"With your pinky, press down on the E (1st) string at the 5th fret | Press the B (2nd) string on the 4th fret with your ring finger | Place your middle finger on the G (3rd) string at the 4th fret and press down | Use your index finger to press the D (4th) string down on the 3rd fret | Press down on the low E (6th) string at the 3rd fret using your thumb | To play the chord, strum all the strings, mute the 5th string","[{""type"": ""finger"", ""string"": 1, ""fret"": 5, ""finger"": 4}, {""type"": ""finger"", ""string"": 2, ""fret"": 4, ""finger"": 3}, {""type"": ""finger"", ""string"": 3, ""fret"": 4, ""finger"": 2}, {""type"": ""finger"", ""string"": 4, ""fret"": 3, ""finger"": 1}, {""type"": ""finger"", ""string"": 6, ""fret"": 3, ""finger"": 0}, {""type"": ""raw"", ""text"": ""To play the chord, strum all the strings, mute the 5th string""}]",,,[5],[]
,"G Dominant 13th, Added Sharp 11th","G13#11 guitar chord
            (G Dominant 13th, Added Sharp 11th)",https://www.all-guitar-chords.com/chords/index/g/13*11,"13#11, 13+11, 7(9,#11,13)",1-3-5-b7-9-#11-13,G-B-D-F-A-C#-E,1,"Place a barre using your pinky on the 5th fret from the 1st to the 2nd strings | Press down on the G (3rd) string at the 4th fret using your ring finger | Place a barre using your index finger on the 3rd fret from the 4th to the 6th strings | Position your middle finger on the A (5th) string at the 4th fret and press down | Now, strum all the strings","[{""type"": ""barre"", ""fret"": 5, ""fromString"": 1, ""toString"": 2}, {""type"": ""finger"", ""string"": 3, ""fret"": 4, ""finger"": 3}, {""type"": ""barre"", ""fret"": 3, ""fromString"": 4, ""toString"": 6}, {""type"": ""finger"", ""string"": 5, ""fret"": 4, ""finger"": 2}, {""type"": ""raw"", ""text"": ""Now, strum all the strings""}]",,,[],"[1, 2, 4, 6]"
,"G Dominant 13th, Flat 9th","G13b9 guitar chord
            (G Dominant 13th, Flat 9th)",https://www.all-guitar-chords.com/chords/index/g/13b9,"13b9, 13-9, 7(b9,13)",1-3-5-b7-b9-13,G-B-D-F-Ab-E,1,"Press the E (1st) string on the 4th fret with your ring finger | With your pinky, press down on the B (2nd) string at the 5th fret | Place your middle finger on the G (3rd) string at the 4th fret and press down | Use your index finger to press the D (4th) string down on the 3rd fret | Press down on the low E (6th) string at the 3rd fret using your thumb | To play the chord, strum all the strings, mute the 5th string","[{""type"": ""finger"", ""string"": 1, ""fret"": 4, ""finger"": 3}, {""type"": ""finger"", ""string"": 2, ""fret"": 5, ""finger"": 4}, {""type"": ""finger"", ""string"": 3, ""fret"": 4, ""finger"": 2}, {""type"": ""finger"", ""string"": 4, ""fret"": 3, ""finger"": 1}, {""type"": ""finger"", ""string"": 6, ""fret"": 3, ""finger"": 0}, {""type"": ""raw"", ""text"": ""To play the chord, strum all the strings, mute the 5th string""}]",,,[5],[]
,"G Dominant 11th, Flat 9th","G11b9 guitar chord
            (G Dominant 11th, Flat 9th)",https://www.all-guitar-chords.com/chords/index/g/11b9,"11b9, 7sus4(b9)",1-5-b7-b9-11,G-D-F-Ab-C,1,"Apply a barre with your index finger across the 1st fret, covering the 2nd to the 3rd strings | Place your pinky on the D (4th) string at the 3rd fret and press down | Use your ring finger to press the low E (6th) string down on the 3rd fret | Now, strum all the strings up to the 2nd string, mute the 5th string","[{""type"": ""barre"", ""fret"": 1, ""fromString"": 2, ""toString"": 3}, {""type"": ""finger"", ""string"": 4, ""fret"": 3, ""finger"": 4}, {""type"": ""finger"", ""string"": 6, ""fret"": 3, ""finger"": 3}]",,2,"[1, 5]","[2, 3]"
,"G Suspended 2nd, Suspended 4th","Gsus2sus4 guitar chord
            (G Suspended 2nd, Suspended 4th)",https://www.all-guitar-chords.com/chords/index/g/sus2sus4,sus2sus4,1-2-4-5,G-A-C-D,1,"Use your pinky to press the E (1st) string down on the 5th fret | Place a barre using your index finger on the 3rd fret from the 2nd to the 6th strings | Press down on the G (3rd) string at the 5th fret using your ring finger | Position your middle finger on the D (4th) string at the 5th fret and press down | Now, strum all the strings","[{""type"": ""finger"", ""string"": 1, ""fret"": 5, ""finger"": 4}, {""type"": ""barre"", ""fret"": 3, ""fromString"": 2, ""toString"": 6}, {""type"": ""finger"", ""string"": 3, ""fret"": 5, ""finger"": 3}, {""type"": ""finger"", ""string"": 4, ""fret"": 5, ""finger"": 2}, {""type"": ""raw"", ""text"": ""Now, strum all the strings""}]",,,[],"[2, 5, 6]"
,G Major Diminished 5th,"G-5 guitar chord
            (G Major Diminished 5th)",https://www.all-guitar-chords.com/chords/index/g/-5,-5,1-3-b5,G-B-Db,1,"With your ring finger, press down on the G (3rd) string at the 4th fret | Position your pinky on the D (4th) string at the 5th fret and press down | Press the A (5th) string on the 4th fret with your middle finger | Place your index finger on the low E (6th) string at the 3rd fret and press down | Now, strum all the strings up to the 3rd string","[{""type"": ""finger"", ""string"": 3, ""fret"": 4, ""finger"": 3}, {""type"": ""finger"", ""string"": 4, ""fret"": 5, ""finger"": 4}, {""type"": ""finger"", ""string"": 5, ""fret"": 4, ""finger"": 2}, {""type"": ""finger"", ""string"": 6, ""fret"": 3, ""finger"": 1}]",,3,"[1, 2]",[]
G#/Ab,Major,"G#/Ab guitar chord
            (G#/Ab Major)",https://www.all-guitar-chords.com/chords/index/g_sharp/major,"M, maj",1-3-5,G#-C-D#,1,"Stretch out your pinky to the 4th fret of the E (1st) string and press down | Barre the 1st fret with your index finger, extending over the 2nd to the 4th strings | Now, strum all the strings starting from the 4th string","[{""type"": ""finger"", ""string"": 1, ""fret"": 4, ""finger"": 4}, {""type"": ""barre"", ""fret"": 1, ""fromString"": 2, ""toString"": 4}]",4,,"[5, 6]","[2, 3, 4]"
G#/Abm,G#/Ab Minor,"G#/Abm guitar chord
            (G#/Ab Minor)",https://www.all-guitar-chords.com/chords/index/g_sharp/minor,"m, min, -",1-b3-5,G#-B-D#,1,"Barre the 4th fret with your index finger, extending over all the strings | Press the D (4th) string on the 6th fret with your pinky | Place your ring finger on the A (5th) string at the 6th fret and press down | Now, strum all the strings","[{""type"": ""barre"", ""fret"": 4, ""fromString"": 1, ""toString"": 6}, {""type"": ""finger"", ""string"": 4, ""fret"": 6, ""finger"": 4}, {""type"": ""finger"", ""string"": 5, ""fret"": 6, ""finger"": 3}, {""type"": ""raw"", ""text"": ""Now, strum all the strings""}]",,,[],"[1, 2, 3, 6]"
G#/Ab7,G#/Ab Dominant Seventh,"G#/Ab7 guitar chord
            (G#/Ab Dominant Seventh)",https://www.all-guitar-chords.com/chords/index/g_sharp/7,7,1-3-5-b7,G#-C-D#-Gb,1,"Position your middle finger on the E (1st) string at the 2nd fret and press down | Place a barre using your index finger on the 1st fret from the 2nd to the 4th strings | Now, strum all the strings starting from the 4th string","[{""type"": ""finger"", ""string"": 1, ""fret"": 2, ""finger"": 2}, {""type"": ""barre"", ""fret"": 1, ""fromString"": 2, ""toString"": 4}]",4,,"[5, 6]","[2, 3, 4]"
G#/Ab5,"G#/Ab Fifth, Power Chord","G#/Ab5 guitar chord
            (G#/Ab Fifth, Power Chord)",https://www.all-guitar-chords.com/chords/index/g_sharp/5,5,1-5,G#-D#,1,"With your ring finger, press down on the G (3rd) string at the 1st fret | Press the D (4th) string on the 1st fret with your middle finger | Strum from the 4th string to the 3rd strings","[{""type"": ""finger"", ""string"": 3, ""fret"": 1, ""finger"": 3}, {""type"": ""finger"", ""string"": 4, ""fret"": 1, ""finger"": 2}]",4,,"[5, 6]","[1, 2]"
G#/Abdim,G#/Ab Diminished,"G#/Abdim guitar chord
            (G#/Ab Diminished)",https://www.all-guitar-chords.com/chords/index/g_sharp/dim,"dim, °",1-b3-b5,G#-B-D,1,"Place a barre using your index finger on the 4th fret from the 3rd to the 6th strings | Press the D (4th) string on the 6th fret with your ring finger | Place your middle finger on the A (5th) string at the 5th fret and press down | Now, strum all the strings up to the 3rd string","[{""type"": ""barre"", ""fret"": 4, ""fromString"": 3, ""toString"": 6}, {""type"": ""finger"", ""string"": 4, ""fret"": 6, ""finger"": 3}, {""type"": ""finger"", ""string"": 5, ""fret"": 5, ""finger"": 2}]",,3,"[1, 2]","[3, 6]"
G#/Abdim7,G#/Ab Diminished Seventh,"G#/Abdim7 guitar chord
            (G#/Ab Diminished Seventh)",https://www.all-guitar-chords.com/chords/index/g_sharp/dim7,"dim7, o7, 7dim",1-b3-b5-6,G#-B-D-F,1,Press the B (2nd) string on the 3rd fret with your pinky | Press down on the G (3rd) string at the 1st fret using your index finger | Place your ring finger on the D (4th) string at the 3rd fret and press down | Use your middle finger to press the A (5th) string down on the 2nd fret | Strum from the 5th string to the 2nd strings,"[{""type"": ""finger"", ""string"": 2, ""fret"": 3, ""finger"": 4}, {""type"": ""finger"", ""string"": 3, ""fret"": 1, ""finger"": 1}, {""type"": ""finger"", ""string"": 4, ""fret"": 3, ""finger"": 3}, {""type"": ""finger"", ""string"": 5, ""fret"": 2, ""finger"": 2}]",5,,[6],[1]
G#/Abaug,G#/Ab Augmented,"G#/Abaug guitar chord
            (G#/Ab Augmented)",https://www.all-guitar-chords.com/chords/index/g_sharp/aug,"aug, ""+""",1-3-#5,G#-C-E,1,"Place your middle finger on the B (2nd) string at the 1st fret and press down | Use your index finger to press the G (3rd) string down on the 1st fret | Press the D (4th) string on the 2nd fret with your ring finger | Now, strum all the strings starting from the 4th string","[{""type"": ""finger"", ""string"": 2, ""fret"": 1, ""finger"": 2}, {""type"": ""finger"", ""string"": 3, ""fret"": 1, ""finger"": 1}, {""type"": ""finger"", ""string"": 4, ""fret"": 2, ""finger"": 3}]",4,,"[5, 6]",[1]
G#/Absus2,G#/Ab Suspended 2nd,"G#/Absus2 guitar chord
            (G#/Ab Suspended 2nd)",https://www.all-guitar-chords.com/chords/index/g_sharp/sus2,sus2,1-2-5,G#-A#-D#,1,"Apply a barre with your index finger across the 6th fret, covering the 1st to the 4th strings | Stretch out your pinky to the 9th fret of the B (2nd) string and press down | Use your ring finger to press the G (3rd) string down on the 8th fret | Now, strum all the strings starting from the 4th string","[{""type"": ""barre"", ""fret"": 6, ""fromString"": 1, ""toString"": 4}, {""type"": ""finger"", ""string"": 2, ""fret"": 9, ""finger"": 4}, {""type"": ""finger"", ""string"": 3, ""fret"": 8, ""finger"": 3}]",4,,"[5, 6]","[1, 4]"
G#/Absus,G#/Ab Suspended 4th,"G#/Absus guitar chord
            (G#/Ab Suspended 4th)",https://www.all-guitar-chords.com/chords/index/g_sharp/sus4,"sus, sus4",1-4-5,G#-C#-D#,1,"Stretch out your pinky to the 4th fret of the E (1st) string and press down | With your middle finger, press down on the B (2nd) string at the 2nd fret | Barre the 1st fret with your index finger, extending over the 3rd to the 4th strings | Now, strum all the strings starting from the 4th string","[{""type"": ""finger"", ""string"": 1, ""fret"": 4, ""finger"": 4}, {""type"": ""finger"", ""string"": 2, ""fret"": 2, ""finger"": 2}, {""type"": ""barre"", ""fret"": 1, ""fromString"": 3, ""toString"": 4}]",4,,"[5, 6]","[3, 4]"
G#/Abmaj7,G#/Ab Major 7th,"G#/Abmaj7 guitar chord
            (G#/Ab Major 7th)",https://www.all-guitar-chords.com/chords/index/g_sharp/maj7,"maj7, M7",1-3-5-7,G#-C-D#-G,1,"Position your pinky on the E (1st) string at the 3rd fret and press down | Apply a barre with your index finger across the 1st fret, covering the 2nd to the 4th strings | With your ring finger, press down on the A (5th) string at the 3rd fret | Now, strum all the strings starting from the 5th string","[{""type"": ""finger"", ""string"": 1, ""fret"": 3, ""finger"": 4}, {""type"": ""barre"", ""fret"": 1, ""fromString"": 2, ""toString"": 4}, {""type"": ""finger"", ""string"": 5, ""fret"": 3, ""finger"": 3}]",5,,[6],"[2, 3, 4]"
G#/Abm7,G#/Ab Minor 7th,"G#/Abm7 guitar chord
            (G#/Ab Minor 7th)",https://www.all-guitar-chords.com/chords/index/g_sharp/m7,"m7, min7, -7",1-b3-5-b7,G#-B-D#-Gb,1,"With your pinky, press down on the E (1st) string at the 2nd fret | Place your middle finger on the G (3rd) string at the 1st fret and press down | Use your index finger to press the D (4th) string down on the 1st fret | Now, strum all the strings starting from the 4th string","[{""type"": ""finger"", ""string"": 1, ""fret"": 2, ""finger"": 4}, {""type"": ""finger"", ""string"": 3, ""fret"": 1, ""finger"": 2}, {""type"": ""finger"", ""string"": 4, ""fret"": 1, ""finger"": 1}]",4,,"[5, 6]",[2]
G#/Ab7sus4,G#/Ab Dominant 7th Suspended 4th,"G#/Ab7sus4 guitar chord
            (G#/Ab Dominant 7th Suspended 4th)",https://www.all-guitar-chords.com/chords/index/g_sharp/7sus4,"7sus4, 7sus",1-4-5-b7,G#-C#-D#-Gb,1,"Place a barre using your index finger on the 4th fret | Use your pinky to press the G (3rd) string down on the 6th fret | Press down on the A (5th) string at the 6th fret using your ring finger | Now, strum all the strings","[{""type"": ""barre"", ""fret"": 4, ""fromString"": 1, ""toString"": 6}, {""type"": ""finger"", ""string"": 3, ""fret"": 6, ""finger"": 4}, {""type"": ""finger"", ""string"": 5, ""fret"": 6, ""finger"": 3}, {""type"": ""raw"", ""text"": ""Now, strum all the strings""}]",,,[],"[1, 2, 4, 6]"
G#/Abmaj9,G#/Ab Major 9th,"G#/Abmaj9 guitar chord
            (G#/Ab Major 9th)",https://www.all-guitar-chords.com/chords/index/g_sharp/maj9,"maj9, M9, maj7(9)",1-3-5-7-9,G#-C-D#-G-A#,1,"Place a barre using your index finger on the 3rd fret from the 1st to the 5th strings | Press the B (2nd) string on the 4th fret with your ring finger | With your pinky, press down on the D (4th) string at the 5th fret | Place your middle finger on the low E (6th) string at the 4th fret and press down | To play the chord, strum all the strings","[{""type"": ""barre"", ""fret"": 3, ""fromString"": 1, ""toString"": 5}, {""type"": ""finger"", ""string"": 2, ""fret"": 4, ""finger"": 3}, {""type"": ""finger"", ""string"": 4, ""fret"": 5, ""finger"": 4}, {""type"": ""finger"", ""string"": 6, ""fret"": 4, ""finger"": 2}, {""type"": ""raw"", ""text"": ""To play the chord, strum all the strings""}]",,,[],"[1, 3, 5]"
G#/Abmaj11,G#/Ab Major 11th,"G#/Abmaj11 guitar chord
            (G#/Ab Major 11th)",https://www.all-guitar-chords.com/chords/index/g_sharp/maj11,"maj11, M11",1-3-5-7-9-11,G#-C-D#-G-A#-C#,1,"Barre the 9th fret with your index finger, extending over the 1st to the 2nd strings | Stretch out your pinky to the 12th fret of the G (3rd) string and press down | With your middle finger, press down on the D (4th) string at the 10th fret | Position your ring finger on the A (5th) string at the 11th fret and press down | Now, strum all the strings starting from the 5th string","[{""type"": ""barre"", ""fret"": 9, ""fromString"": 1, ""toString"": 2}, {""type"": ""finger"", ""string"": 3, ""fret"": 12, ""finger"": 4}, {""type"": ""finger"", ""string"": 4, ""fret"": 10, ""finger"": 2}, {""type"": ""finger"", ""string"": 5, ""fret"": 11, ""finger"": 3}]",5,,[6],"[1, 2]"
G#/Abmaj13,G#/Ab Major 13th,"G#/Abmaj13 guitar chord
            (G#/Ab Major 13th)",https://www.all-guitar-chords.com/chords/index/g_sharp/maj13,"maj13, M13, maj7(9,13),maj7(6/9)",1-3-5-7-9-13,G#-C-D#-G-A#-F,1,"Apply a barre with your index finger across the 3rd fret, covering the 1st to the 5th strings | With your ring finger, press down on the B (2nd) string at the 4th fret | Press the low E (6th) string on the 4th fret with your middle finger | Now, strum all the strings","[{""type"": ""barre"", ""fret"": 3, ""fromString"": 1, ""toString"": 5}, {""type"": ""finger"", ""string"": 2, ""fret"": 4, ""finger"": 3}, {""type"": ""finger"", ""string"": 6, ""fret"": 4, ""finger"": 2}, {""type"": ""raw"", ""text"": ""Now, strum all the strings""}]",,,[],"[1, 3, 4, 5]"
G#/Abmaj9(#11),#11,"G#/Abmaj9(#11) guitar chord
            (G#/Ab Major 9th, Sharp 11th)",https://www.all-guitar-chords.com/chords/index/g_sharp/maj9*11,"maj9(#11), maj7(9,#11)",1-3-5-7-9-#11,G#-C-D#-G-A#-D,1,"Barre the 3rd fret with your index finger, extending over the 1st to the 5th strings | Place your ring finger on the D (4th) string at the 5th fret and press down | Use your middle finger to press the low E (6th) string down on the 4th fret | Now, strum all the strings","[{""type"": ""barre"", ""fret"": 3, ""fromString"": 1, ""toString"": 5}, {""type"": ""finger"", ""string"": 4, ""fret"": 5, ""finger"": 3}, {""type"": ""finger"", ""string"": 6, ""fret"": 4, ""finger"": 2}, {""type"": ""raw"", ""text"": ""Now, strum all the strings""}]",,,[],"[1, 2, 3, 5]"
G#/Abmaj13(#11),#11,"G#/Abmaj13(#11) guitar chord
            (G#/Ab Major 13th, Sharp 11th)",https://www.all-guitar-chords.com/chords/index/g_sharp/maj13*11,"maj13(#11), maj7(13,#11), maj9(#11,13)",1-3-5-7-9-#11-13,G#-C-D#-G-A#-D-F,1,"Barre the 3rd fret with your index finger, extending over the 1st to the 5th strings | With your middle finger, press down on the low E (6th) string at the 4th fret | To play the chord, strum all the strings","[{""type"": ""barre"", ""fret"": 3, ""fromString"": 1, ""toString"": 5}, {""type"": ""finger"", ""string"": 6, ""fret"": 4, ""finger"": 2}, {""type"": ""raw"", ""text"": ""To play the chord, strum all the strings""}]",,,[],"[1, 2, 3, 4, 5]"
G#/Abadd9,G#/Ab Major Added 9th,"G#/Abadd9 guitar chord
            (G#/Ab Major Added 9th)",https://www.all-guitar-chords.com/chords/index/g_sharp/add9,add9,1-3-5-9,G#-C-D#-A#,1,"Apply a barre with your index finger across the 1st fret, covering the 2nd to the 4th strings | With your ring finger, press down on the G (3rd) string at the 3rd fret | Press the A (5th) string on the 3rd fret with your middle finger | Stretch out your pinky to the 4th fret of the low E (6th) string and press down | Now, strum all the strings up to the 2nd string","[{""type"": ""barre"", ""fret"": 1, ""fromString"": 2, ""toString"": 4}, {""type"": ""finger"", ""string"": 3, ""fret"": 3, ""finger"": 3}, {""type"": ""finger"", ""string"": 5, ""fret"": 3, ""finger"": 2}, {""type"": ""finger"", ""string"": 6, ""fret"": 4, ""finger"": 4}]",,2,[1],"[2, 4]"
G#/Ab6add9,"G#/Ab Major 6th, Added 9th","G#/Ab6add9 guitar chord
            (G#/Ab Major 6th, Added 9th)",https://www.all-guitar-chords.com/chords/index/g_sharp/6add9,"6add9, add6/9, 6/9",1-3-5-6-9,G#-C-D#-F-A#,1,"Press down on the B (2nd) string at the 1st fret using your index finger | Place your ring finger on the G (3rd) string at the 3rd fret and press down | Use your middle finger to press the D (4th) string down on the 3rd fret | Stretch out your pinky to the 4th fret of the low E (6th) string and press down | Now, strum all the strings up to the 2nd string, mute the 5th string","[{""type"": ""finger"", ""string"": 2, ""fret"": 1, ""finger"": 1}, {""type"": ""finger"", ""string"": 3, ""fret"": 3, ""finger"": 3}, {""type"": ""finger"", ""string"": 4, ""fret"": 3, ""finger"": 2}, {""type"": ""finger"", ""string"": 6, ""fret"": 4, ""finger"": 4}]",,2,"[1, 5]",[]
G#/Abmaj7(b5),b5,"G#/Abmaj7(b5) guitar chord
            (G#/Ab Major 7th, Flat 5th)",https://www.all-guitar-chords.com/chords/index/g_sharp/maj7b5,maj7(b5),1-3-b5-7,G#-C-D-G,1,"Place your index finger on the B (2nd) string at the 3rd fret and press down | Position your pinky on the G (3rd) string at the 5th fret and press down | With your ring finger, press down on the D (4th) string at the 5th fret | Press the low E (6th) string on the 4th fret with your middle finger | Now, strum all the strings up to the 2nd string, mute the 5th string","[{""type"": ""finger"", ""string"": 2, ""fret"": 3, ""finger"": 1}, {""type"": ""finger"", ""string"": 3, ""fret"": 5, ""finger"": 4}, {""type"": ""finger"", ""string"": 4, ""fret"": 5, ""finger"": 3}, {""type"": ""finger"", ""string"": 6, ""fret"": 4, ""finger"": 2}]",,2,"[1, 5]",[]
G#/Abmaj7(#5),#5,"G#/Abmaj7(#5) guitar chord
            (G#/Ab Major 7th, Sharp 5th)",https://www.all-guitar-chords.com/chords/index/g_sharp/maj7*5,"maj7(#5), maj7+, +7+5",1-3-#5-7,G#-C-E-G,1,"Place your pinky on the E (1st) string at the 3rd fret and press down | Apply a barre with your index finger across the 1st fret, covering the 2nd to the 3rd strings | Press down on the D (4th) string at the 2nd fret using your middle finger | Use your ring finger to press the A (5th) string down on the 3rd fret | Now, strum all the strings starting from the 5th string","[{""type"": ""finger"", ""string"": 1, ""fret"": 3, ""finger"": 4}, {""type"": ""barre"", ""fret"": 1, ""fromString"": 2, ""toString"": 3}, {""type"": ""finger"", ""string"": 4, ""fret"": 2, ""finger"": 2}, {""type"": ""finger"", ""string"": 5, ""fret"": 3, ""finger"": 3}]",5,,[6],"[2, 3]"
G#/Abm6,G#/Ab Minor 6th,"G#/Abm6 guitar chord
            (G#/Ab Minor 6th)",https://www.all-guitar-chords.com/chords/index/g_sharp/m6,"m6, min6, m(add6), -6",1-b3-5-6,G#-B-D#-F,1,"Press the E (1st) string on the 1st fret with your pinky | Place your ring finger on the G (3rd) string at the 1st fret and press down | Use your middle finger to press the D (4th) string down on the 1st fret | Now, strum all the strings starting from the 4th string","[{""type"": ""finger"", ""string"": 1, ""fret"": 1, ""finger"": 4}, {""type"": ""finger"", ""string"": 3, ""fret"": 1, ""finger"": 3}, {""type"": ""finger"", ""string"": 4, ""fret"": 1, ""finger"": 2}]",4,,"[5, 6]",[2]
G#/Abm9,G#/Ab Minor 9th,"G#/Abm9 guitar chord
            (G#/Ab Minor 9th)",https://www.all-guitar-chords.com/chords/index/g_sharp/m9,"m9, min9, -9",1-b3-5-b7-9,G#-B-D#-Gb-A#,1,"Use your pinky to press the E (1st) string down on the 6th fret | Place a barre using your index finger on the 4th fret from the 2nd to the 4th strings | With your index finger, press down on the low E (6th) string at the 4th fret | Now, strum all the strings, mute the 5th string","[{""type"": ""finger"", ""string"": 1, ""fret"": 6, ""finger"": 4}, {""type"": ""barre"", ""fret"": 4, ""fromString"": 2, ""toString"": 4}, {""type"": ""finger"", ""string"": 6, ""fret"": 4, ""finger"": 1}, {""type"": ""raw"", ""text"": ""Now, strum all the strings, mute the 5th string""}]",,,[5],"[2, 3, 4]"
G#/Abm11,G#/Ab Minor 11th,"G#/Abm11 guitar chord
            (G#/Ab Minor 11th)",https://www.all-guitar-chords.com/chords/index/g_sharp/m11,"m11, min11, -11",1-b3-5-b7-9-11,G#-B-D#-Gb-A#-C#,1,"Use your index finger to press the B (2nd) string down on the 2nd fret | With your pinky, press down on the G (3rd) string at the 4th fret | Press the D (4th) string on the 4th fret with your ring finger | Place your middle finger on the low E (6th) string at the 4th fret and press down | Now, strum all the strings up to the 2nd string, mute the 5th string","[{""type"": ""finger"", ""string"": 2, ""fret"": 2, ""finger"": 1}, {""type"": ""finger"", ""string"": 3, ""fret"": 4, ""finger"": 4}, {""type"": ""finger"", ""string"": 4, ""fret"": 4, ""finger"": 3}, {""type"": ""finger"", ""string"": 6, ""fret"": 4, ""finger"": 2}]",,2,"[1, 5]",[]
G#/Abm13,G#/Ab Minor 13th,"G#/Abm13 guitar chord
            (G#/Ab Minor 13th)",https://www.all-guitar-chords.com/chords/index/g_sharp/m13,"m13, min13, -13",1-b3-5-b7-9-11-13,G#-B-D#-Gb-A#-C#-F,1,"Press the E (1st) string on the 6th fret with your pinky | Place your ring finger on the B (2nd) string at the 6th fret and press down | Barre the 4th fret with your index finger, extending over the 3rd to the 6th strings | Use your middle finger to press the A (5th) string down on the 6th fret | Now, strum all the strings","[{""type"": ""finger"", ""string"": 1, ""fret"": 6, ""finger"": 4}, {""type"": ""finger"", ""string"": 2, ""fret"": 6, ""finger"": 3}, {""type"": ""barre"", ""fret"": 4, ""fromString"": 3, ""toString"": 6}, {""type"": ""finger"", ""string"": 5, ""fret"": 6, ""finger"": 2}, {""type"": ""raw"", ""text"": ""Now, strum all the strings""}]",,,[],"[3, 4, 6]"
G#/Abm(add9),add9,"G#/Abm(add9) guitar chord
            (G#/Ab Minor, Added 9th)",https://www.all-guitar-chords.com/chords/index/g_sharp/madd9,"m(add9), m9(no 7th)",1-b3-5-9,G#-B-D#-A#,1,"Place your pinky on the E (1st) string at the 6th fret and press down | Apply a barre with your index finger across the 4th fret, covering the 2nd to the 3rd strings | Use your ring finger to press the D (4th) string down on the 6th fret | Now, strum all the strings starting from the 4th string","[{""type"": ""finger"", ""string"": 1, ""fret"": 6, ""finger"": 4}, {""type"": ""barre"", ""fret"": 4, ""fromString"": 2, ""toString"": 3}, {""type"": ""finger"", ""string"": 4, ""fret"": 6, ""finger"": 3}]",4,,"[5, 6]","[2, 3]"
G#/Abm6add9,"G#/Ab Minor 6yh, Added 9th","G#/Abm6add9 guitar chord
            (G#/Ab Minor 6yh, Added 9th)",https://www.all-guitar-chords.com/chords/index/g_sharp/m6add9,"m6add9, m6/9, min6/9, m(add6,9), -6/9",1-b3-5-6-9,G#-B-D#-F-A#,1,"Apply a barre with your pinky across the 4th fret, covering the 1st to the 2nd strings | Apply a barre with your middle finger across the 3rd fret, covering the 3rd to the 4th strings | Place your index finger on the A (5th) string at the 2nd fret and press down | Now, strum all the strings starting from the 5th string","[{""type"": ""barre"", ""fret"": 4, ""fromString"": 1, ""toString"": 2}, {""type"": ""barre"", ""fret"": 3, ""fromString"": 3, ""toString"": 4}, {""type"": ""finger"", ""string"": 5, ""fret"": 2, ""finger"": 1}]",5,,[6],"[1, 2, 3, 4]"
G#/Abmmaj7,"G#/Ab Minor, Major 7th","G#/Abmmaj7 guitar chord
            (G#/Ab Minor, Major 7th)",https://www.all-guitar-chords.com/chords/index/g_sharp/mmaj7,"mmaj7, min(maj7), -(maj7), mM7, m+7",1-b3-5-7,G#-B-D#-G,1,"With your pinky, press down on the E (1st) string at the 3rd fret | Place your middle finger on the G (3rd) string at the 1st fret and press down | Use your index finger to press the D (4th) string down on the 1st fret | Now, strum all the strings starting from the 4th string","[{""type"": ""finger"", ""string"": 1, ""fret"": 3, ""finger"": 4}, {""type"": ""finger"", ""string"": 3, ""fret"": 1, ""finger"": 2}, {""type"": ""finger"", ""string"": 4, ""fret"": 1, ""finger"": 1}]",4,,"[5, 6]",[2]
G#/Abmmaj9,"G#/Ab Minor 9th, Major 7th","G#/Abmmaj9 guitar chord
            (G#/Ab Minor 9th, Major 7th)",https://www.all-guitar-chords.com/chords/index/g_sharp/mmaj9,"mmaj9, min(maj9), m9(maj7), mM9",1-b3-5-7-9,G#-B-D#-G-A#,1,"Use your pinky to press the E (1st) string down on the 6th fret | Place a barre using your index finger on the 4th fret from the 2nd to the 6th strings | Position your middle finger on the D (4th) string at the 5th fret and press down | Press down on the A (5th) string at the 6th fret using your ring finger | Now, strum all the strings","[{""type"": ""finger"", ""string"": 1, ""fret"": 6, ""finger"": 4}, {""type"": ""barre"", ""fret"": 4, ""fromString"": 2, ""toString"": 6}, {""type"": ""finger"", ""string"": 4, ""fret"": 5, ""finger"": 2}, {""type"": ""finger"", ""string"": 5, ""fret"": 6, ""finger"": 3}, {""type"": ""raw"", ""text"": ""Now, strum all the strings""}]",,,[],"[2, 3, 6]"
G#/Abm7b5,G#/Ab Half-diminished Minor 7,"G#/Abm7b5 guitar chord
            (G#/Ab Half-diminished Minor 7)",https://www.all-guitar-chords.com/chords/index/g_sharp/m7b5,"m7b5, m7-5, ø",1-b3-b5-b7,G#-B-D-Gb,1,"Use your index finger to press the B (2nd) string down on the 3rd fret | With your pinky, press down on the G (3rd) string at the 4th fret | Press the D (4th) string on the 4th fret with your ring finger | Place your middle finger on the low E (6th) string at the 4th fret and press down | Now, strum all the strings up to the 2nd string, mute the 5th string","[{""type"": ""finger"", ""string"": 2, ""fret"": 3, ""finger"": 1}, {""type"": ""finger"", ""string"": 3, ""fret"": 4, ""finger"": 4}, {""type"": ""finger"", ""string"": 4, ""fret"": 4, ""finger"": 3}, {""type"": ""finger"", ""string"": 6, ""fret"": 4, ""finger"": 2}]",,2,"[1, 5]",[]
G#/Abm7#5,"G#/Ab Minor 7th, Sharp 5th","G#/Abm7#5 guitar chord
            (G#/Ab Minor 7th, Sharp 5th)",https://www.all-guitar-chords.com/chords/index/g_sharp/m7*5,"m7#5, m7+",1-b3-#5-b7,G#-B-E-Gb,1,"Press the B (2nd) string on the 5th fret with your pinky | Place your ring finger on the G (3rd) string at the 4th fret and press down | Use your middle finger to press the D (4th) string down on the 4th fret | Press down on the low E (6th) string at the 4th fret using your index finger | Now, strum all the strings up to the 2nd string, mute the 5th string","[{""type"": ""finger"", ""string"": 2, ""fret"": 5, ""finger"": 4}, {""type"": ""finger"", ""string"": 3, ""fret"": 4, ""finger"": 3}, {""type"": ""finger"", ""string"": 4, ""fret"": 4, ""finger"": 2}, {""type"": ""finger"", ""string"": 6, ""fret"": 4, ""finger"": 1}]",,2,"[1, 5]",[]
G#/Ab6,G#/Ab Major 6th,"G#/Ab6 guitar chord
            (G#/Ab Major 6th)",https://www.all-guitar-chords.com/chords/index/g_sharp/6,"6, M6, maj6, add6",1-3-5-6,G#-C-D#-F,1,"Barre the 1st fret with your index finger, extending over all the strings | Place your ring finger on the A (5th) string at the 3rd fret and press down | Now, strum all the strings","[{""type"": ""barre"", ""fret"": 1, ""fromString"": 1, ""toString"": 6}, {""type"": ""finger"", ""string"": 5, ""fret"": 3, ""finger"": 3}, {""type"": ""raw"", ""text"": ""Now, strum all the strings""}]",,,[],"[1, 2, 3, 4, 6]"
G#/Ab9,G#/Ab Dominant 9th,"G#/Ab9 guitar chord
            (G#/Ab Dominant 9th)",https://www.all-guitar-chords.com/chords/index/g_sharp/9,9,1-3-5-b7-9,G#-C-D#-Gb-A#,1,"Use your middle finger to press the E (1st) string down on the 2nd fret | Barre the 1st fret with your index finger, extending over the 2nd to the 5th strings | Now, strum all the strings starting from the 5th string","[{""type"": ""finger"", ""string"": 1, ""fret"": 2, ""finger"": 2}, {""type"": ""barre"", ""fret"": 1, ""fromString"": 2, ""toString"": 5}]",5,,[6],"[2, 3, 4, 5]"
G#/Ab11,G#/Ab Dominant 11th,"G#/Ab11 guitar chord
            (G#/Ab Dominant 11th)",https://www.all-guitar-chords.com/chords/index/g_sharp/11,11,1-3-5-b7-9-11,G#-C-D#-Gb-A#-C#,1,"Place your index finger on the B (2nd) string at the 2nd fret and press down | Press the G (3rd) string on the 3rd fret with your middle finger | Position your pinky on the D (4th) string at the 4th fret and press down | With your ring finger, press down on the low E (6th) string at the 4th fret | Now, strum all the strings up to the 2nd string, mute the 5th string","[{""type"": ""finger"", ""string"": 2, ""fret"": 2, ""finger"": 1}, {""type"": ""finger"", ""string"": 3, ""fret"": 3, ""finger"": 2}, {""type"": ""finger"", ""string"": 4, ""fret"": 4, ""finger"": 4}, {""type"": ""finger"", ""string"": 6, ""fret"": 4, ""finger"": 3}]",,2,"[1, 5]",[]
G#/Ab13,G#/Ab Dominant 13th,"G#/Ab13 guitar chord
            (G#/Ab Dominant 13th)",https://www.all-guitar-chords.com/chords/index/g_sharp/13,13,1-3-5-b7-9-13,G#-C-D#-Gb-A#-F,1,"Apply a barre with your index finger across the 1st fret, covering the 1st to the 2nd strings | Press the G (3rd) string on the 3rd fret with your middle finger | Stretch out your pinky to the 4th fret of the D (4th) string and press down | Stretch out your ring finger to the 4th fret of the low E (6th) string and press down | Now, strum all the strings, mute the 5th string","[{""type"": ""barre"", ""fret"": 1, ""fromString"": 1, ""toString"": 2}, {""type"": ""finger"", ""string"": 3, ""fret"": 3, ""finger"": 2}, {""type"": ""finger"", ""string"": 4, ""fret"": 4, ""finger"": 4}, {""type"": ""finger"", ""string"": 6, ""fret"": 4, ""finger"": 3}, {""type"": ""raw"", ""text"": ""Now, strum all the strings, mute the 5th string""}]",,,[5],"[1, 2]"
G#/Ab7b5,"G#/Ab Dominant 7th, Flat 5th","G#/Ab7b5 guitar chord
            (G#/Ab Dominant 7th, Flat 5th)",https://www.all-guitar-chords.com/chords/index/g_sharp/7b5,"7b5, 7-5",1-3-b5-b7,G#-C-D-Gb,1,"Press down on the E (1st) string at the 2nd fret using your pinky | With your middle finger, press down on the B (2nd) string at the 1st fret | Press the G (3rd) string on the 1st fret with your index finger | Now, strum all the strings starting from the 4th string","[{""type"": ""finger"", ""string"": 1, ""fret"": 2, ""finger"": 4}, {""type"": ""finger"", ""string"": 2, ""fret"": 1, ""finger"": 2}, {""type"": ""finger"", ""string"": 3, ""fret"": 1, ""finger"": 1}]",4,,"[5, 6]",[4]
G#/Ab7#5,"G#/Ab Dominant 7th, Sharp 5th","G#/Ab7#5 guitar chord
            (G#/Ab Dominant 7th, Sharp 5th)",https://www.all-guitar-chords.com/chords/index/g_sharp/7*5,"7#5, 7maj5, 7+5, +7",1-3-#5-b7,G#-C-E-Gb,1,"Press down on the E (1st) string at the 2nd fret using your ring finger | Place a barre using your index finger on the 1st fret from the 2nd to the 3rd strings | Position your middle finger on the D (4th) string at the 2nd fret and press down | Now, strum all the strings starting from the 4th string","[{""type"": ""finger"", ""string"": 1, ""fret"": 2, ""finger"": 3}, {""type"": ""barre"", ""fret"": 1, ""fromString"": 2, ""toString"": 3}, {""type"": ""finger"", ""string"": 4, ""fret"": 2, ""finger"": 2}]",4,,"[5, 6]","[2, 3]"
G#/Ab7b9,"G#/Ab Dominant 7th, Flat 9th","G#/Ab7b9 guitar chord
            (G#/Ab Dominant 7th, Flat 9th)",https://www.all-guitar-chords.com/chords/index/g_sharp/7b9,"7b9, 7-9",1-3-5-b7-b9,G#-C-D#-Gb-A,1,"Stretch out your pinky to the 4th fret of the E (1st) string and press down | Press the B (2nd) string on the 1st fret with your index finger | With your middle finger, press down on the G (3rd) string at the 2nd fret | Stretch out your ring finger to the 4th fret of the D (4th) string and press down | Now, strum all the strings starting from the 4th string","[{""type"": ""finger"", ""string"": 1, ""fret"": 4, ""finger"": 4}, {""type"": ""finger"", ""string"": 2, ""fret"": 1, ""finger"": 1}, {""type"": ""finger"", ""string"": 3, ""fret"": 2, ""finger"": 2}, {""type"": ""finger"", ""string"": 4, ""fret"": 4, ""finger"": 3}]",4,,"[5, 6]",[]
G#/Ab7#9,"G#/Ab Dominant 7th, Sharp 9th","G#/Ab7#9 guitar chord
            (G#/Ab Dominant 7th, Sharp 9th)",https://www.all-guitar-chords.com/chords/index/g_sharp/7*9,"7#9, 7+9, 7b10",1-3-5-b7-#9,G#-C-D#-Gb-B,1,"Apply a barre with your pinky across the 7th fret, covering the 1st to the 2nd strings | Press down on the G (3rd) string at the 5th fret using your middle finger | Apply a barre with your index finger across the 4th fret, covering the 4th to the 6th strings | Use your ring finger to press the A (5th) string down on the 6th fret | To play the chord, strum all the strings","[{""type"": ""barre"", ""fret"": 7, ""fromString"": 1, ""toString"": 2}, {""type"": ""finger"", ""string"": 3, ""fret"": 5, ""finger"": 2}, {""type"": ""barre"", ""fret"": 4, ""fromString"": 4, ""toString"": 6}, {""type"": ""finger"", ""string"": 5, ""fret"": 6, ""finger"": 3}, {""type"": ""raw"", ""text"": ""To play the chord, strum all the strings""}]",,,[],"[1, 2, 4, 6]"
"G#/Ab7(b5,b9)","b5,b9","G#/Ab7(b5,b9) guitar chord
            (G#/Ab Dominant 7th, Flat 5th, Flat 9th)","https://www.all-guitar-chords.com/chords/index/g_sharp/7%28b5,b9%29","7(b5,b9), 7(-5,-9)",1-3-b5-b7-b9,G#-C-D-Gb-A,1,"Press the B (2nd) string on the 3rd fret with your middle finger | Place your index finger on the G (3rd) string at the 2nd fret and press down | Position your pinky on the D (4th) string at the 4th fret and press down | With your ring finger, press down on the low E (6th) string at the 4th fret | Now, strum all the strings up to the 2nd string, mute the 5th string","[{""type"": ""finger"", ""string"": 2, ""fret"": 3, ""finger"": 2}, {""type"": ""finger"", ""string"": 3, ""fret"": 2, ""finger"": 1}, {""type"": ""finger"", ""string"": 4, ""fret"": 4, ""finger"": 4}, {""type"": ""finger"", ""string"": 6, ""fret"": 4, ""finger"": 3}]",,2,"[1, 5]",[]
"G#/Ab7(b5,#9)","b5,#9","G#/Ab7(b5,#9) guitar chord
            (G#/Ab Dominant 7th, Flat 5th, Sharp 9th)","https://www.all-guitar-chords.com/chords/index/g_sharp/7%28b5,*9%29","7(b5,#9), 7(-5,+9)",1-3-b5-b7-#9,G#-C-D-Gb-B,1,"Apply a barre with your index finger across the 10th fret, covering the 1st to the 4th strings | Place your pinky on the B (2nd) string at the 12th fret and press down | Use your ring finger to press the G (3rd) string down on the 11th fret | Press down on the A (5th) string at the 11th fret using your middle finger | Now, strum all the strings starting from the 5th string","[{""type"": ""barre"", ""fret"": 10, ""fromString"": 1, ""toString"": 4}, {""type"": ""finger"", ""string"": 2, ""fret"": 12, ""finger"": 4}, {""type"": ""finger"", ""string"": 3, ""fret"": 11, ""finger"": 3}, {""type"": ""finger"", ""string"": 5, ""fret"": 11, ""finger"": 2}]",5,,[6],"[1, 4]"
"G#/Ab7(#5,b9)","#5,b9","G#/Ab7(#5,b9) guitar chord
            (G#/Ab Dominant 7th, Sharp 5th, Flat 9th)","https://www.all-guitar-chords.com/chords/index/g_sharp/7%28*5,b9%29","7(#5,b9), 7(+5,-9), +7b9",1-3-#5-b7-b9,G#-C-E-Gb-A,1,"Place a barre using your pinky on the 5th fret from the 1st to the 3rd strings | Place your middle finger on the D (4th) string at the 4th fret and press down | Use your index finger to press the low E (6th) string down on the 4th fret | To play the chord, strum all the strings, mute the 5th string","[{""type"": ""barre"", ""fret"": 5, ""fromString"": 1, ""toString"": 3}, {""type"": ""finger"", ""string"": 4, ""fret"": 4, ""finger"": 2}, {""type"": ""finger"", ""string"": 6, ""fret"": 4, ""finger"": 1}, {""type"": ""raw"", ""text"": ""To play the chord, strum all the strings, mute the 5th string""}]",,,[5],"[1, 2, 3]"
"G#/Ab7(#5,#9)","#5,#9","G#/Ab7(#5,#9) guitar chord
            (G#/Ab Dominant 7th, Sharp 5th, Sharp 9th)","https://www.all-guitar-chords.com/chords/index/g_sharp/7%28*5,*9%29","7(#5,#9), 7(+5,+9), +7#9",1-3-#5-b7-#9,G#-C-E-Gb-B,1,"Place a barre using your pinky on the 12th fret from the 1st to the 2nd strings | Press down on the G (3rd) string at the 11th fret using your ring finger | With your index finger, press down on the D (4th) string at the 10th fret | Position your middle finger on the A (5th) string at the 11th fret and press down | Now, strum all the strings starting from the 5th string","[{""type"": ""barre"", ""fret"": 12, ""fromString"": 1, ""toString"": 2}, {""type"": ""finger"", ""string"": 3, ""fret"": 11, ""finger"": 3}, {""type"": ""finger"", ""string"": 4, ""fret"": 10, ""finger"": 1}, {""type"": ""finger"", ""string"": 5, ""fret"": 11, ""finger"": 2}]",5,,[6],"[1, 2]"
G#/Ab9b5,"G#/Ab Dominat 9th, Flat 5th","G#/Ab9b5 guitar chord
            (G#/Ab Dominat 9th, Flat 5th)",https://www.all-guitar-chords.com/chords/index/g_sharp/9b5,"9b5, 7(b5,9), 9-5",1-3-b5-b7-9,G#-C-D-Gb-A#,1,"Place a barre using your index finger on the 3rd fret from the 2nd to the 5th strings | Press the D (4th) string on the 4th fret with your ring finger | Place your middle finger on the low E (6th) string at the 4th fret and press down | Now, strum all the strings up to the 2nd string","[{""type"": ""barre"", ""fret"": 3, ""fromString"": 2, ""toString"": 5}, {""type"": ""finger"", ""string"": 4, ""fret"": 4, ""finger"": 3}, {""type"": ""finger"", ""string"": 6, ""fret"": 4, ""finger"": 2}]",,2,[1],"[2, 3, 5]"
G#/Ab9#5,"G#/Ab Dominat 9th, Sharp 5th","G#/Ab9#5 guitar chord
            (G#/Ab Dominat 9th, Sharp 5th)",https://www.all-guitar-chords.com/chords/index/g_sharp/9*5,"9#5, 7(#5,9), 9+5, +9",1-3-#5-b7-9,G#-C-E-Gb-A#,1,"Position your pinky on the E (1st) string at the 6th fret and press down | With your ring finger, press down on the B (2nd) string at the 5th fret | Press the G (3rd) string on the 5th fret with your middle finger | Place your index finger on the D (4th) string at the 4th fret and press down | Use your thumb to press the low E (6th) string down on the 4th fret | Now, strum all the strings, mute the 5th string","[{""type"": ""finger"", ""string"": 1, ""fret"": 6, ""finger"": 4}, {""type"": ""finger"", ""string"": 2, ""fret"": 5, ""finger"": 3}, {""type"": ""finger"", ""string"": 3, ""fret"": 5, ""finger"": 2}, {""type"": ""finger"", ""string"": 4, ""fret"": 4, ""finger"": 1}, {""type"": ""finger"", ""string"": 6, ""fret"": 4, ""finger"": 0}, {""type"": ""raw"", ""text"": ""Now, strum all the strings, mute the 5th string""}]",,,[5],[]
G#/Ab13#11,"G#/Ab Dominant 13th, Added Sharp 11th","G#/Ab13#11 guitar chord
            (G#/Ab Dominant 13th, Added Sharp 11th)",https://www.all-guitar-chords.com/chords/index/g_sharp/13*11,"13#11, 13+11, 7(9,#11,13)",1-3-5-b7-9-#11-13,G#-C-D#-Gb-A#-D-F,1,"Apply a barre with your pinky across the 6th fret, covering the 1st to the 2nd strings | Use your ring finger to press the G (3rd) string down on the 5th fret | Apply a barre with your index finger across the 4th fret, covering the 4th to the 6th strings | Press down on the A (5th) string at the 5th fret using your middle finger | To play the chord, strum all the strings","[{""type"": ""barre"", ""fret"": 6, ""fromString"": 1, ""toString"": 2}, {""type"": ""finger"", ""string"": 3, ""fret"": 5, ""finger"": 3}, {""type"": ""barre"", ""fret"": 4, ""fromString"": 4, ""toString"": 6}, {""type"": ""finger"", ""string"": 5, ""fret"": 5, ""finger"": 2}, {""type"": ""raw"", ""text"": ""To play the chord, strum all the strings""}]",,,[],"[1, 2, 4, 6]"
G#/Ab13b9,"G#/Ab Dominant 13th, Flat 9th","G#/Ab13b9 guitar chord
            (G#/Ab Dominant 13th, Flat 9th)",https://www.all-guitar-chords.com/chords/index/g_sharp/13b9,"13b9, 13-9, 7(b9,13)",1-3-5-b7-b9-13,G#-C-D#-Gb-A-F,1,"Place a barre using your index finger on the 1st fret from the 1st to the 2nd strings | Position your middle finger on the G (3rd) string at the 2nd fret and press down | Stretch out your pinky to the 4th fret of the D (4th) string and press down | Stretch out your ring finger to the 4th fret of the low E (6th) string and press down | Now, strum all the strings, mute the 5th string","[{""type"": ""barre"", ""fret"": 1, ""fromString"": 1, ""toString"": 2}, {""type"": ""finger"", ""string"": 3, ""fret"": 2, ""finger"": 2}, {""type"": ""finger"", ""string"": 4, ""fret"": 4, ""finger"": 4}, {""type"": ""finger"", ""string"": 6, ""fret"": 4, ""finger"": 3}, {""type"": ""raw"", ""text"": ""Now, strum all the strings, mute the 5th string""}]",,,[5],"[1, 2]"
G#/Ab11b9,"G#/Ab Dominant 11th, Flat 9th","G#/Ab11b9 guitar chord
            (G#/Ab Dominant 11th, Flat 9th)",https://www.all-guitar-chords.com/chords/index/g_sharp/11b9,"11b9, 7sus4(b9)",1-5-b7-b9-11,G#-D#-Gb-A-C#,1,"Barre the 2nd fret with your index finger, extending over the 2nd to the 3rd strings | Press the D (4th) string on the 4th fret with your pinky | Place your ring finger on the low E (6th) string at the 4th fret and press down | Now, strum all the strings up to the 2nd string, mute the 5th string","[{""type"": ""barre"", ""fret"": 2, ""fromString"": 2, ""toString"": 3}, {""type"": ""finger"", ""string"": 4, ""fret"": 4, ""finger"": 4}, {""type"": ""finger"", ""string"": 6, ""fret"": 4, ""finger"": 3}]",,2,"[1, 5]","[2, 3]"
G#/Absus2sus4,"G#/Ab Suspended 2nd, Suspended 4th","G#/Absus2sus4 guitar chord
            (G#/Ab Suspended 2nd, Suspended 4th)",https://www.all-guitar-chords.com/chords/index/g_sharp/sus2sus4,sus2sus4,1-2-4-5,G#-A#-C#-D#,1,"Place your pinky on the E (1st) string at the 6th fret and press down | Apply a barre with your index finger across the 4th fret, covering the 2nd to the 6th strings | Use your ring finger to press the G (3rd) string down on the 6th fret | Press down on the D (4th) string at the 6th fret using your middle finger | To play the chord, strum all the strings","[{""type"": ""finger"", ""string"": 1, ""fret"": 6, ""finger"": 4}, {""type"": ""barre"", ""fret"": 4, ""fromString"": 2, ""toString"": 6}, {""type"": ""finger"", ""string"": 3, ""fret"": 6, ""finger"": 3}, {""type"": ""finger"", ""string"": 4, ""fret"": 6, ""finger"": 2}, {""type"": ""raw"", ""text"": ""To play the chord, strum all the strings""}]",,,[],"[2, 5, 6]"
G#/Ab-5,G#/Ab Major Diminished 5th,"G#/Ab-5 guitar chord
            (G#/Ab Major Diminished 5th)",https://www.all-guitar-chords.com/chords/index/g_sharp/-5,-5,1-3-b5,G#-C-D,1,"Position your ring finger on the G (3rd) string at the 5th fret and press down | Press down on the D (4th) string at the 6th fret using your pinky | With your middle finger, press down on the A (5th) string at the 5th fret | Press the low E (6th) string on the 4th fret with your index finger | Now, strum all the strings up to the 3rd string","[{""type"": ""finger"", ""string"": 3, ""fret"": 5, ""finger"": 3}, {""type"": ""finger"", ""string"": 4, ""fret"": 6, ""finger"": 4}, {""type"": ""finger"", ""string"": 5, ""fret"": 5, ""finger"": 2}, {""type"": ""finger"", ""string"": 6, ""fret"": 4, ""finger"": 1}]",,3,"[1, 2]",[]
A,Major,"A guitar chord
            (A Major)",https://www.all-guitar-chords.com/chords/index/a/major,"M, maj",1-3-5,A-C#-E,1,"Press down on the B (2nd) string at the 2nd fret using your ring finger | Position your middle finger on the G (3rd) string at the 2nd fret and press down | With your index finger, press down on the D (4th) string at the 2nd fret | Now, strum all the strings starting from the 5th string","[{""type"": ""finger"", ""string"": 2, ""fret"": 2, ""finger"": 3}, {""type"": ""finger"", ""string"": 3, ""fret"": 2, ""finger"": 2}, {""type"": ""finger"", ""string"": 4, ""fret"": 2, ""finger"": 1}]",5,,[6],"[1, 5]"
,A Minor,"Am guitar chord
            (A Minor)",https://www.all-guitar-chords.com/chords/index/a/minor,"m, min, -",1-b3-5,A-C-E,1,"Press the B (2nd) string on the 1st fret with your index finger | Position your ring finger on the G (3rd) string at the 2nd fret and press down | With your middle finger, press down on the D (4th) string at the 2nd fret | Now, strum all the strings starting from the 5th string","[{""type"": ""finger"", ""string"": 2, ""fret"": 1, ""finger"": 1}, {""type"": ""finger"", ""string"": 3, ""fret"": 2, ""finger"": 3}, {""type"": ""finger"", ""string"": 4, ""fret"": 2, ""finger"": 2}]",5,,[6],"[1, 5]"
,A Dominant Seventh,"A7 guitar chord
            (A Dominant Seventh)",https://www.all-guitar-chords.com/chords/index/a/7,7,1-3-5-b7,A-C#-E-G,1,"Use your middle finger to press the B (2nd) string down on the 2nd fret | Press down on the D (4th) string at the 2nd fret using your index finger | Now, strum all the strings starting from the 5th string","[{""type"": ""finger"", ""string"": 2, ""fret"": 2, ""finger"": 2}, {""type"": ""finger"", ""string"": 4, ""fret"": 2, ""finger"": 1}]",5,,[6],"[1, 3, 5]"
,"A Fifth, Power Chord","A5 guitar chord
            (A Fifth, Power Chord)",https://www.all-guitar-chords.com/chords/index/a/5,5,1-5,A-E,1,"Position your ring finger on the G (3rd) string at the 2nd fret and press down | With your middle finger, press down on the D (4th) string at the 2nd fret | Strum from the 5th string to the 3rd strings","[{""type"": ""finger"", ""string"": 3, ""fret"": 2, ""finger"": 3}, {""type"": ""finger"", ""string"": 4, ""fret"": 2, ""finger"": 2}]",5,,[6],"[1, 2, 5]"
,A Diminished,"Adim guitar chord
            (A Diminished)",https://www.all-guitar-chords.com/chords/index/a/dim,"dim, °",1-b3-b5,A-C-Eb,1,Use your middle finger to press the B (2nd) string down on the 1st fret | Place your ring finger on the G (3rd) string at the 2nd fret and press down | Press down on the D (4th) string at the 1st fret using your index finger | Strum from the 5th string to the 2nd strings,"[{""type"": ""finger"", ""string"": 2, ""fret"": 1, ""finger"": 2}, {""type"": ""finger"", ""string"": 3, ""fret"": 2, ""finger"": 3}, {""type"": ""finger"", ""string"": 4, ""fret"": 1, ""finger"": 1}]",5,,[6],"[1, 5]"
,A Diminished Seventh,"Adim7 guitar chord
            (A Diminished Seventh)",https://www.all-guitar-chords.com/chords/index/a/dim7,"dim7, o7, 7dim",1-b3-b5-6,A-C-Eb-F#,1,"Apply a barre with your index finger across the 1st fret, covering the 2nd to the 4th strings | With your ring finger, press down on the G (3rd) string at the 2nd fret | Press the low E (6th) string on the 2nd fret with your middle finger | Now, strum all the strings up to the 2nd string, mute the 5th string","[{""type"": ""barre"", ""fret"": 1, ""fromString"": 2, ""toString"": 4}, {""type"": ""finger"", ""string"": 3, ""fret"": 2, ""finger"": 3}, {""type"": ""finger"", ""string"": 6, ""fret"": 2, ""finger"": 2}]",,2,"[1, 5]","[2, 4]"
,A Augmented,"Aaug guitar chord
            (A Augmented)",https://www.all-guitar-chords.com/chords/index/a/aug,"aug, ""+""",1-3-#5,A-C#-F,1,"Use your index finger to press the E (1st) string down on the 1st fret | Press the B (2nd) string on the 2nd fret with your ring finger | Place your middle finger on the G (3rd) string at the 2nd fret and press down | With your pinky, press down on the D (4th) string at the 3rd fret | Now, strum all the strings starting from the 5th string","[{""type"": ""finger"", ""string"": 1, ""fret"": 1, ""finger"": 1}, {""type"": ""finger"", ""string"": 2, ""fret"": 2, ""finger"": 3}, {""type"": ""finger"", ""string"": 3, ""fret"": 2, ""finger"": 2}, {""type"": ""finger"", ""string"": 4, ""fret"": 3, ""finger"": 4}]",5,,[6],[5]
,A Suspended 2nd,"Asus2 guitar chord
            (A Suspended 2nd)",https://www.all-guitar-chords.com/chords/index/a/sus2,sus2,1-2-5,A-B-E,1,"Press the G (3rd) string on the 2nd fret with your ring finger | Place your middle finger on the D (4th) string at the 2nd fret and press down | Now, strum all the strings starting from the 5th string","[{""type"": ""finger"", ""string"": 3, ""fret"": 2, ""finger"": 3}, {""type"": ""finger"", ""string"": 4, ""fret"": 2, ""finger"": 2}]",5,,[6],"[1, 2, 5]"
,A Suspended 4th,"Asus guitar chord
            (A Suspended 4th)",https://www.all-guitar-chords.com/chords/index/a/sus4,"sus, sus4",1-4-5,A-D-E,1,"With your pinky, press down on the B (2nd) string at the 3rd fret | Place your middle finger on the G (3rd) string at the 2nd fret and press down | Use your index finger to press the D (4th) string down on the 2nd fret | Now, strum all the strings starting from the 5th string","[{""type"": ""finger"", ""string"": 2, ""fret"": 3, ""finger"": 4}, {""type"": ""finger"", ""string"": 3, ""fret"": 2, ""finger"": 2}, {""type"": ""finger"", ""string"": 4, ""fret"": 2, ""finger"": 1}]",5,,[6],"[1, 5]"
,A Major 7th,"Amaj7 guitar chord
            (A Major 7th)",https://www.all-guitar-chords.com/chords/index/a/maj7,"maj7, M7",1-3-5-7,A-C#-E-G#,1,"Place your ring finger on the B (2nd) string at the 2nd fret and press down | Press down on the G (3rd) string at the 1st fret using your index finger | Use your middle finger to press the D (4th) string down on the 2nd fret | Now, strum all the strings starting from the 5th string","[{""type"": ""finger"", ""string"": 2, ""fret"": 2, ""finger"": 3}, {""type"": ""finger"", ""string"": 3, ""fret"": 1, ""finger"": 1}, {""type"": ""finger"", ""string"": 4, ""fret"": 2, ""finger"": 2}]",5,,[6],"[1, 5]"
,A Minor 7th,"Am7 guitar chord
            (A Minor 7th)",https://www.all-guitar-chords.com/chords/index/a/m7,"m7, min7, -7",1-b3-5-b7,A-C-E-G,1,"Position your index finger on the B (2nd) string at the 1st fret and press down | Press down on the D (4th) string at the 2nd fret using your middle finger | Now, strum all the strings starting from the 5th string","[{""type"": ""finger"", ""string"": 2, ""fret"": 1, ""finger"": 1}, {""type"": ""finger"", ""string"": 4, ""fret"": 2, ""finger"": 2}]",5,,[6],"[1, 3, 5]"
,A Dominant 7th Suspended 4th,"A7sus4 guitar chord
            (A Dominant 7th Suspended 4th)",https://www.all-guitar-chords.com/chords/index/a/7sus4,"7sus4, 7sus",1-4-5-b7,A-D-E-G,1,"Press the B (2nd) string on the 3rd fret with your pinky | Use your middle finger to press the D (4th) string down on the 2nd fret | Now, strum all the strings starting from the 5th string","[{""type"": ""finger"", ""string"": 2, ""fret"": 3, ""finger"": 4}, {""type"": ""finger"", ""string"": 4, ""fret"": 2, ""finger"": 2}]",5,,[6],"[1, 3, 5]"
,A Major 9th,"Amaj9 guitar chord
            (A Major 9th)",https://www.all-guitar-chords.com/chords/index/a/maj9,"maj9, M9, maj7(9)",1-3-5-7-9,A-C#-E-G#-B,1,"Press down on the G (3rd) string at the 1st fret using your index finger | Use your middle finger to press the D (4th) string down on the 2nd fret | Now, strum all the strings starting from the 5th string","[{""type"": ""finger"", ""string"": 3, ""fret"": 1, ""finger"": 1}, {""type"": ""finger"", ""string"": 4, ""fret"": 2, ""finger"": 2}]",5,,[6],"[1, 2, 5]"
,A Major 11th,"Amaj11 guitar chord
            (A Major 11th)",https://www.all-guitar-chords.com/chords/index/a/maj11,"maj11, M11",1-3-5-7-9-11,A-C#-E-G#-B-D,1,"Place a barre using your index finger on the 10th fret from the 1st to the 2nd strings | Stretch out your pinky to the 13th fret of the G (3rd) string and press down | Position your middle finger on the D (4th) string at the 11th fret and press down | Press down on the A (5th) string at the 12th fret using your ring finger | Now, strum all the strings starting from the 5th string","[{""type"": ""barre"", ""fret"": 10, ""fromString"": 1, ""toString"": 2}, {""type"": ""finger"", ""string"": 3, ""fret"": 13, ""finger"": 4}, {""type"": ""finger"", ""string"": 4, ""fret"": 11, ""finger"": 2}, {""type"": ""finger"", ""string"": 5, ""fret"": 12, ""finger"": 3}]",5,,[6],"[1, 2]"
,A Major 13th,"Amaj13 guitar chord
            (A Major 13th)",https://www.all-guitar-chords.com/chords/index/a/maj13,"maj13, M13, maj7(9,13),maj7(6/9)",1-3-5-7-9-13,A-C#-E-G#-B-F#,1,"Press the E (1st) string on the 2nd fret with your ring finger | Place your middle finger on the B (2nd) string at the 2nd fret and press down | Use your index finger to press the G (3rd) string down on the 1st fret | Now, strum all the strings starting from the 5th string, mute the 4th string","[{""type"": ""finger"", ""string"": 1, ""fret"": 2, ""finger"": 3}, {""type"": ""finger"", ""string"": 2, ""fret"": 2, ""finger"": 2}, {""type"": ""finger"", ""string"": 3, ""fret"": 1, ""finger"": 1}]",5,,"[4, 6]",[5]
,#11,"Amaj9(#11) guitar chord
            (A Major 9th, Sharp 11th)",https://www.all-guitar-chords.com/chords/index/a/maj9*11,"maj9(#11), maj7(9,#11)",1-3-5-7-9-#11,A-C#-E-G#-B-D#,1,"Place a barre using your index finger on the 4th fret from the 1st to the 5th strings | Press the D (4th) string on the 6th fret with your ring finger | Place your middle finger on the low E (6th) string at the 5th fret and press down | To play the chord, strum all the strings","[{""type"": ""barre"", ""fret"": 4, ""fromString"": 1, ""toString"": 5}, {""type"": ""finger"", ""string"": 4, ""fret"": 6, ""finger"": 3}, {""type"": ""finger"", ""string"": 6, ""fret"": 5, ""finger"": 2}, {""type"": ""raw"", ""text"": ""To play the chord, strum all the strings""}]",,,[],"[1, 2, 3, 5]"
,#11,"Amaj13(#11) guitar chord
            (A Major 13th, Sharp 11th)",https://www.all-guitar-chords.com/chords/index/a/maj13*11,"maj13(#11), maj7(13,#11), maj9(#11,13)",1-3-5-7-9-#11-13,A-C#-E-G#-B-D#-F#,1,"Place a barre using your index finger on the 4th fret from the 1st to the 5th strings | Position your middle finger on the low E (6th) string at the 5th fret and press down | Now, strum all the strings","[{""type"": ""barre"", ""fret"": 4, ""fromString"": 1, ""toString"": 5}, {""type"": ""finger"", ""string"": 6, ""fret"": 5, ""finger"": 2}, {""type"": ""raw"", ""text"": ""Now, strum all the strings""}]",,,[],"[1, 2, 3, 4, 5]"
,A Major Added 9th,"Aadd9 guitar chord
            (A Major Added 9th)",https://www.all-guitar-chords.com/chords/index/a/add9,add9,1-3-5-9,A-C#-E-B,1,"Barre the 2nd fret with your index finger, extending over the 2nd to the 4th strings | Position your ring finger on the G (3rd) string at the 4th fret and press down | With your middle finger, press down on the A (5th) string at the 4th fret | Stretch out your pinky to the 5th fret of the low E (6th) string and press down | Now, strum all the strings up to the 2nd string","[{""type"": ""barre"", ""fret"": 2, ""fromString"": 2, ""toString"": 4}, {""type"": ""finger"", ""string"": 3, ""fret"": 4, ""finger"": 3}, {""type"": ""finger"", ""string"": 5, ""fret"": 4, ""finger"": 2}, {""type"": ""finger"", ""string"": 6, ""fret"": 5, ""finger"": 4}]",,2,[1],"[2, 4]"
,"A Major 6th, Added 9th","A6add9 guitar chord
            (A Major 6th, Added 9th)",https://www.all-guitar-chords.com/chords/index/a/6add9,"6add9, add6/9, 6/9",1-3-5-6-9,A-C#-E-F#-B,1,"Use your index finger to press the B (2nd) string down on the 2nd fret | Press the G (3rd) string on the 4th fret with your ring finger | Place your middle finger on the D (4th) string at the 4th fret and press down | Stretch out your pinky to the 5th fret of the low E (6th) string and press down | Now, strum all the strings up to the 2nd string, mute the 5th string","[{""type"": ""finger"", ""string"": 2, ""fret"": 2, ""finger"": 1}, {""type"": ""finger"", ""string"": 3, ""fret"": 4, ""finger"": 3}, {""type"": ""finger"", ""string"": 4, ""fret"": 4, ""finger"": 2}, {""type"": ""finger"", ""string"": 6, ""fret"": 5, ""finger"": 4}]",,2,"[1, 5]",[]
,b5,"Amaj7(b5) guitar chord
            (A Major 7th, Flat 5th)",https://www.all-guitar-chords.com/chords/index/a/maj7b5,maj7(b5),1-3-b5-7,A-C#-Eb-G#,1,"Press the B (2nd) string on the 4th fret with your index finger | Press down on the G (3rd) string at the 6th fret using your pinky | Position your ring finger on the D (4th) string at the 6th fret and press down | With your middle finger, press down on the low E (6th) string at the 5th fret | Now, strum all the strings up to the 2nd string, mute the 5th string","[{""type"": ""finger"", ""string"": 2, ""fret"": 4, ""finger"": 1}, {""type"": ""finger"", ""string"": 3, ""fret"": 6, ""finger"": 4}, {""type"": ""finger"", ""string"": 4, ""fret"": 6, ""finger"": 3}, {""type"": ""finger"", ""string"": 6, ""fret"": 5, ""finger"": 2}]",,2,"[1, 5]",[]
,#5,"Amaj7(#5) guitar chord
            (A Major 7th, Sharp 5th)",https://www.all-guitar-chords.com/chords/index/a/maj7*5,"maj7(#5), maj7+, +7+5",1-3-#5-7,A-C#-F-G#,1,"Position your middle finger on the E (1st) string at the 1st fret and press down | Press down on the B (2nd) string at the 2nd fret using your ring finger | With your index finger, press down on the G (3rd) string at the 1st fret | Now, strum all the strings starting from the 5th string, mute the 4th string","[{""type"": ""finger"", ""string"": 1, ""fret"": 1, ""finger"": 2}, {""type"": ""finger"", ""string"": 2, ""fret"": 2, ""finger"": 3}, {""type"": ""finger"", ""string"": 3, ""fret"": 1, ""finger"": 1}]",5,,"[4, 6]",[5]
,A Minor 6th,"Am6 guitar chord
            (A Minor 6th)",https://www.all-guitar-chords.com/chords/index/a/m6,"m6, min6, m(add6), -6",1-b3-5-6,A-C-E-F#,1,"Press down on the E (1st) string at the 2nd fret using your pinky | Press the B (2nd) string on the 1st fret with your index finger | Position your ring finger on the G (3rd) string at the 2nd fret and press down | With your middle finger, press down on the D (4th) string at the 2nd fret | Now, strum all the strings starting from the 4th string","[{""type"": ""finger"", ""string"": 1, ""fret"": 2, ""finger"": 4}, {""type"": ""finger"", ""string"": 2, ""fret"": 1, ""finger"": 1}, {""type"": ""finger"", ""string"": 3, ""fret"": 2, ""finger"": 3}, {""type"": ""finger"", ""string"": 4, ""fret"": 2, ""finger"": 2}]",4,,"[5, 6]",[]
,A Minor 9th,"Am9 guitar chord
            (A Minor 9th)",https://www.all-guitar-chords.com/chords/index/a/m9,"m9, min9, -9",1-b3-5-b7-9,A-C-E-G-B,1,"Place your pinky on the E (1st) string at the 7th fret and press down | Apply a barre with your index finger across the 5th fret, covering the 2nd to the 4th strings | Position your index finger on the low E (6th) string at the 5th fret and press down | To play the chord, strum all the strings, mute the 5th string","[{""type"": ""finger"", ""string"": 1, ""fret"": 7, ""finger"": 4}, {""type"": ""barre"", ""fret"": 5, ""fromString"": 2, ""toString"": 4}, {""type"": ""finger"", ""string"": 6, ""fret"": 5, ""finger"": 1}, {""type"": ""raw"", ""text"": ""To play the chord, strum all the strings, mute the 5th string""}]",,,[5],"[2, 3, 4]"
,A Minor 11th,"Am11 guitar chord
            (A Minor 11th)",https://www.all-guitar-chords.com/chords/index/a/m11,"m11, min11, -11",1-b3-5-b7-9-11,A-C-E-G-B-D,1,"Use your index finger to press the B (2nd) string down on the 1st fret | Now, strum all the strings starting from the 5th string","[{""type"": ""finger"", ""string"": 2, ""fret"": 1, ""finger"": 1}]",5,,[6],"[1, 3, 4, 5]"
,A Minor 13th,"Am13 guitar chord
            (A Minor 13th)",https://www.all-guitar-chords.com/chords/index/a/m13,"m13, min13, -13",1-b3-5-b7-9-11-13,A-C-E-G-B-D-F#,1,"Place your ring finger on the E (1st) string at the 2nd fret and press down | Press down on the B (2nd) string at the 1st fret using your index finger | Use your middle finger to press the D (4th) string down on the 2nd fret | Now, strum all the strings starting from the 5th string","[{""type"": ""finger"", ""string"": 1, ""fret"": 2, ""finger"": 3}, {""type"": ""finger"", ""string"": 2, ""fret"": 1, ""finger"": 1}, {""type"": ""finger"", ""string"": 4, ""fret"": 2, ""finger"": 2}]",5,,[6],"[3, 5]"
,add9,"Am(add9) guitar chord
            (A Minor, Added 9th)",https://www.all-guitar-chords.com/chords/index/a/madd9,"m(add9), m9(no 7th)",1-b3-5-9,A-C-E-B,1,"Press the E (1st) string on the 7th fret with your pinky | Barre the 5th fret with your index finger, extending over the 2nd to the 3rd strings | Place your ring finger on the D (4th) string at the 7th fret and press down | Now, strum all the strings starting from the 4th string","[{""type"": ""finger"", ""string"": 1, ""fret"": 7, ""finger"": 4}, {""type"": ""barre"", ""fret"": 5, ""fromString"": 2, ""toString"": 3}, {""type"": ""finger"", ""string"": 4, ""fret"": 7, ""finger"": 3}]",4,,"[5, 6]","[2, 3]"
,"A Minor 6yh, Added 9th","Am6add9 guitar chord
            (A Minor 6yh, Added 9th)",https://www.all-guitar-chords.com/chords/index/a/m6add9,"m6add9, m6/9, min6/9, m(add6,9), -6/9",1-b3-5-6-9,A-C-E-F#-B,1,"Barre the 5th fret with your pinky, extending over the 1st to the 2nd strings | Barre the 4th fret with your middle finger, extending over the 3rd to the 4th strings | Press the A (5th) string on the 3rd fret with your index finger | Now, strum all the strings starting from the 5th string","[{""type"": ""barre"", ""fret"": 5, ""fromString"": 1, ""toString"": 2}, {""type"": ""barre"", ""fret"": 4, ""fromString"": 3, ""toString"": 4}, {""type"": ""finger"", ""string"": 5, ""fret"": 3, ""finger"": 1}]",5,,[6],"[1, 2, 3, 4]"
,"A Minor, Major 7th","Ammaj7 guitar chord
            (A Minor, Major 7th)",https://www.all-guitar-chords.com/chords/index/a/mmaj7,"mmaj7, min(maj7), -(maj7), mM7, m+7",1-b3-5-7,A-C-E-G#,1,"Press down on the B (2nd) string at the 1st fret using your middle finger | Position your index finger on the G (3rd) string at the 1st fret and press down | Use your ring finger to press the D (4th) string down on the 2nd fret | Now, strum all the strings starting from the 5th string","[{""type"": ""finger"", ""string"": 2, ""fret"": 1, ""finger"": 2}, {""type"": ""finger"", ""string"": 3, ""fret"": 1, ""finger"": 1}, {""type"": ""finger"", ""string"": 4, ""fret"": 2, ""finger"": 3}]",5,,[6],"[1, 5]"
,"A Minor 9th, Major 7th","Ammaj9 guitar chord
            (A Minor 9th, Major 7th)",https://www.all-guitar-chords.com/chords/index/a/mmaj9,"mmaj9, min(maj9), m9(maj7), mM9",1-b3-5-7-9,A-C-E-G#-B,1,"Place your pinky on the E (1st) string at the 7th fret and press down | Apply a barre with your index finger across the 5th fret, covering the 2nd to the 6th strings | Press down on the D (4th) string at the 6th fret using your middle finger | Use your ring finger to press the A (5th) string down on the 7th fret | To play the chord, strum all the strings","[{""type"": ""finger"", ""string"": 1, ""fret"": 7, ""finger"": 4}, {""type"": ""barre"", ""fret"": 5, ""fromString"": 2, ""toString"": 6}, {""type"": ""finger"", ""string"": 4, ""fret"": 6, ""finger"": 2}, {""type"": ""finger"", ""string"": 5, ""fret"": 7, ""finger"": 3}, {""type"": ""raw"", ""text"": ""To play the chord, strum all the strings""}]",,,[],"[2, 3, 6]"
,A Half-diminished Minor 7,"Am7b5 guitar chord
            (A Half-diminished Minor 7)",https://www.all-guitar-chords.com/chords/index/a/m7b5,"m7b5, m7-5, ø",1-b3-b5-b7,A-C-Eb-G,1,"With your middle finger, press down on the B (2nd) string at the 1st fret | Press the D (4th) string on the 1st fret with your index finger | Strum from the 5th string to the 2nd strings","[{""type"": ""finger"", ""string"": 2, ""fret"": 1, ""finger"": 2}, {""type"": ""finger"", ""string"": 4, ""fret"": 1, ""finger"": 1}]",5,,[6],"[1, 3, 5]"
,"A Minor 7th, Sharp 5th","Am7#5 guitar chord
            (A Minor 7th, Sharp 5th)",https://www.all-guitar-chords.com/chords/index/a/m7*5,"m7#5, m7+",1-b3-#5-b7,A-C-F-G,1,"Place your ring finger on the E (1st) string at the 1st fret and press down | Use your middle finger to press the B (2nd) string down on the 1st fret | Now, strum all the strings starting from the 5th string, mute the 4th string","[{""type"": ""finger"", ""string"": 1, ""fret"": 1, ""finger"": 3}, {""type"": ""finger"", ""string"": 2, ""fret"": 1, ""finger"": 2}]",5,,"[4, 6]","[3, 5]"
,A Major 6th,"A6 guitar chord
            (A Major 6th)",https://www.all-guitar-chords.com/chords/index/a/6,"6, M6, maj6, add6",1-3-5-6,A-C#-E-F#,1,"Barre the 2nd fret with your index finger, extending over the 1st to the 4th strings | Now, strum all the strings starting from the 5th string","[{""type"": ""barre"", ""fret"": 2, ""fromString"": 1, ""toString"": 4}]",5,,[6],"[1, 2, 3, 4, 5]"
,A Dominant 9th,"A9 guitar chord
            (A Dominant 9th)",https://www.all-guitar-chords.com/chords/index/a/9,9,1-3-5-b7-9,A-C#-E-G-B,1,"Place your middle finger on the E (1st) string at the 3rd fret and press down | Place a barre using your index finger on the 2nd fret from the 2nd to the 5th strings | Now, strum all the strings starting from the 5th string","[{""type"": ""finger"", ""string"": 1, ""fret"": 3, ""finger"": 2}, {""type"": ""barre"", ""fret"": 2, ""fromString"": 2, ""toString"": 5}]",5,,[6],"[2, 3, 4, 5]"
,A Dominant 11th,"A11 guitar chord
            (A Dominant 11th)",https://www.all-guitar-chords.com/chords/index/a/11,11,1-3-5-b7-9-11,A-C#-E-G-B-D,1,"Now, strum all the strings starting from the 5th string",[],5,,[6],"[1, 2, 3, 4, 5]"
,A Dominant 13th,"A13 guitar chord
            (A Dominant 13th)",https://www.all-guitar-chords.com/chords/index/a/13,13,1-3-5-b7-9-13,A-C#-E-G-B-F#,1,"Barre the 2nd fret with your index finger, extending over the 1st to the 2nd strings | With your middle finger, press down on the G (3rd) string at the 4th fret | Stretch out your pinky to the 5th fret of the D (4th) string and press down | Stretch out your ring finger to the 5th fret of the low E (6th) string and press down | To play the chord, strum all the strings, mute the 5th string","[{""type"": ""barre"", ""fret"": 2, ""fromString"": 1, ""toString"": 2}, {""type"": ""finger"", ""string"": 3, ""fret"": 4, ""finger"": 2}, {""type"": ""finger"", ""string"": 4, ""fret"": 5, ""finger"": 4}, {""type"": ""finger"", ""string"": 6, ""fret"": 5, ""finger"": 3}, {""type"": ""raw"", ""text"": ""To play the chord, strum all the strings, mute the 5th string""}]",,,[5],"[1, 2]"
,"A Dominant 7th, Flat 5th","A7b5 guitar chord
            (A Dominant 7th, Flat 5th)",https://www.all-guitar-chords.com/chords/index/a/7b5,"7b5, 7-5",1-3-b5-b7,A-C#-Eb-G,1,Press the B (2nd) string on the 2nd fret with your pinky | Use your middle finger to press the D (4th) string down on the 1st fret | Strum from the 5th string to the 2nd strings,"[{""type"": ""finger"", ""string"": 2, ""fret"": 2, ""finger"": 4}, {""type"": ""finger"", ""string"": 4, ""fret"": 1, ""finger"": 2}]",5,,[6],"[1, 3, 5]"
,"A Dominant 7th, Sharp 5th","A7#5 guitar chord
            (A Dominant 7th, Sharp 5th)",https://www.all-guitar-chords.com/chords/index/a/7*5,"7#5, 7maj5, 7+5, +7",1-3-#5-b7,A-C#-F-G,1,"Press down on the E (1st) string at the 1st fret using your index finger | Use your middle finger to press the B (2nd) string down on the 2nd fret | Now, strum all the strings starting from the 5th string, mute the 4th string","[{""type"": ""finger"", ""string"": 1, ""fret"": 1, ""finger"": 1}, {""type"": ""finger"", ""string"": 2, ""fret"": 2, ""finger"": 2}]",5,,"[4, 6]","[3, 5]"
,"A Dominant 7th, Flat 9th","A7b9 guitar chord
            (A Dominant 7th, Flat 9th)",https://www.all-guitar-chords.com/chords/index/a/7b9,"7b9, 7-9",1-3-5-b7-b9,A-C#-E-G-Bb,1,"Stretch out your pinky to the 5th fret of the E (1st) string and press down | With your index finger, press down on the B (2nd) string at the 2nd fret | Position your middle finger on the G (3rd) string at the 3rd fret and press down | Stretch out your ring finger to the 5th fret of the D (4th) string and press down | Now, strum all the strings starting from the 4th string","[{""type"": ""finger"", ""string"": 1, ""fret"": 5, ""finger"": 4}, {""type"": ""finger"", ""string"": 2, ""fret"": 2, ""finger"": 1}, {""type"": ""finger"", ""string"": 3, ""fret"": 3, ""finger"": 2}, {""type"": ""finger"", ""string"": 4, ""fret"": 5, ""finger"": 3}]",4,,"[5, 6]",[]
,"A Dominant 7th, Sharp 9th","A7#9 guitar chord
            (A Dominant 7th, Sharp 9th)",https://www.all-guitar-chords.com/chords/index/a/7*9,"7#9, 7+9, 7b10",1-3-5-b7-#9,A-C#-E-G-C,1,"Barre the 8th fret with your pinky, extending over the 1st to the 2nd strings | Use your middle finger to press the G (3rd) string down on the 6th fret | Barre the 5th fret with your index finger, extending over the 4th to the 6th strings | Place your ring finger on the A (5th) string at the 7th fret and press down | Now, strum all the strings","[{""type"": ""barre"", ""fret"": 8, ""fromString"": 1, ""toString"": 2}, {""type"": ""finger"", ""string"": 3, ""fret"": 6, ""finger"": 2}, {""type"": ""barre"", ""fret"": 5, ""fromString"": 4, ""toString"": 6}, {""type"": ""finger"", ""string"": 5, ""fret"": 7, ""finger"": 3}, {""type"": ""raw"", ""text"": ""Now, strum all the strings""}]",,,[],"[1, 2, 4, 6]"
,"b5,b9","A7(b5,b9) guitar chord
            (A Dominant 7th, Flat 5th, Flat 9th)","https://www.all-guitar-chords.com/chords/index/a/7%28b5,b9%29","7(b5,b9), 7(-5,-9)",1-3-b5-b7-b9,A-C#-Eb-G-Bb,1,"With your middle finger, press down on the B (2nd) string at the 4th fret | Press the G (3rd) string on the 3rd fret with your index finger | Press down on the D (4th) string at the 5th fret using your pinky | Position your ring finger on the low E (6th) string at the 5th fret and press down | Now, strum all the strings up to the 2nd string, mute the 5th string","[{""type"": ""finger"", ""string"": 2, ""fret"": 4, ""finger"": 2}, {""type"": ""finger"", ""string"": 3, ""fret"": 3, ""finger"": 1}, {""type"": ""finger"", ""string"": 4, ""fret"": 5, ""finger"": 4}, {""type"": ""finger"", ""string"": 6, ""fret"": 5, ""finger"": 3}]",,2,"[1, 5]",[]
,"b5,#9","A7(b5,#9) guitar chord
            (A Dominant 7th, Flat 5th, Sharp 9th)","https://www.all-guitar-chords.com/chords/index/a/7%28b5,*9%29","7(b5,#9), 7(-5,+9)",1-3-b5-b7-#9,A-C#-Eb-G-C,1,"Barre the 11th fret with your index finger, extending over the 1st to the 4th strings | Press the B (2nd) string on the 13th fret with your pinky | Place your ring finger on the G (3rd) string at the 12th fret and press down | Use your middle finger to press the A (5th) string down on the 12th fret | Now, strum all the strings starting from the 5th string","[{""type"": ""barre"", ""fret"": 11, ""fromString"": 1, ""toString"": 4}, {""type"": ""finger"", ""string"": 2, ""fret"": 13, ""finger"": 4}, {""type"": ""finger"", ""string"": 3, ""fret"": 12, ""finger"": 3}, {""type"": ""finger"", ""string"": 5, ""fret"": 12, ""finger"": 2}]",5,,[6],"[1, 4]"
,"#5,b9","A7(#5,b9) guitar chord
            (A Dominant 7th, Sharp 5th, Flat 9th)","https://www.all-guitar-chords.com/chords/index/a/7%28*5,b9%29","7(#5,b9), 7(+5,-9), +7b9",1-3-#5-b7-b9,A-C#-F-G-Bb,1,"Apply a barre with your pinky across the 6th fret, covering the 1st to the 3rd strings | Press the D (4th) string on the 5th fret with your middle finger | Place your index finger on the low E (6th) string at the 5th fret and press down | Now, strum all the strings, mute the 5th string","[{""type"": ""barre"", ""fret"": 6, ""fromString"": 1, ""toString"": 3}, {""type"": ""finger"", ""string"": 4, ""fret"": 5, ""finger"": 2}, {""type"": ""finger"", ""string"": 6, ""fret"": 5, ""finger"": 1}, {""type"": ""raw"", ""text"": ""Now, strum all the strings, mute the 5th string""}]",,,[5],"[1, 2, 3]"
,"#5,#9","A7(#5,#9) guitar chord
            (A Dominant 7th, Sharp 5th, Sharp 9th)","https://www.all-guitar-chords.com/chords/index/a/7%28*5,*9%29","7(#5,#9), 7(+5,+9), +7#9",1-3-#5-b7-#9,A-C#-F-G-C,1,"Apply a barre with your pinky across the 13th fret, covering the 1st to the 2nd strings | Use your ring finger to press the G (3rd) string down on the 12th fret | Position your index finger on the D (4th) string at the 11th fret and press down | Press down on the A (5th) string at the 12th fret using your middle finger | Now, strum all the strings starting from the 5th string","[{""type"": ""barre"", ""fret"": 13, ""fromString"": 1, ""toString"": 2}, {""type"": ""finger"", ""string"": 3, ""fret"": 12, ""finger"": 3}, {""type"": ""finger"", ""string"": 4, ""fret"": 11, ""finger"": 1}, {""type"": ""finger"", ""string"": 5, ""fret"": 12, ""finger"": 2}]",5,,[6],"[1, 2]"
,"A Dominat 9th, Flat 5th","A9b5 guitar chord
            (A Dominat 9th, Flat 5th)",https://www.all-guitar-chords.com/chords/index/a/9b5,"9b5, 7(b5,9), 9-5",1-3-b5-b7-9,A-C#-Eb-G-B,1,"Apply a barre with your index finger across the 4th fret, covering the 2nd to the 5th strings | With your ring finger, press down on the D (4th) string at the 5th fret | Press the low E (6th) string on the 5th fret with your middle finger | Now, strum all the strings up to the 2nd string","[{""type"": ""barre"", ""fret"": 4, ""fromString"": 2, ""toString"": 5}, {""type"": ""finger"", ""string"": 4, ""fret"": 5, ""finger"": 3}, {""type"": ""finger"", ""string"": 6, ""fret"": 5, ""finger"": 2}]",,2,[1],"[2, 3, 5]"
,"A Dominat 9th, Sharp 5th","A9#5 guitar chord
            (A Dominat 9th, Sharp 5th)",https://www.all-guitar-chords.com/chords/index/a/9*5,"9#5, 7(#5,9), 9+5, +9",1-3-#5-b7-9,A-C#-F-G-B,1,"Press down on the E (1st) string at the 7th fret using your pinky | Position your ring finger on the B (2nd) string at the 6th fret and press down | With your middle finger, press down on the G (3rd) string at the 6th fret | Press the D (4th) string on the 5th fret with your index finger | Place your thumb on the low E (6th) string at the 5th fret and press down | To play the chord, strum all the strings, mute the 5th string","[{""type"": ""finger"", ""string"": 1, ""fret"": 7, ""finger"": 4}, {""type"": ""finger"", ""string"": 2, ""fret"": 6, ""finger"": 3}, {""type"": ""finger"", ""string"": 3, ""fret"": 6, ""finger"": 2}, {""type"": ""finger"", ""string"": 4, ""fret"": 5, ""finger"": 1}, {""type"": ""finger"", ""string"": 6, ""fret"": 5, ""finger"": 0}, {""type"": ""raw"", ""text"": ""To play the chord, strum all the strings, mute the 5th string""}]",,,[5],[]
,"A Dominant 13th, Added Sharp 11th","A13#11 guitar chord
            (A Dominant 13th, Added Sharp 11th)",https://www.all-guitar-chords.com/chords/index/a/13*11,"13#11, 13+11, 7(9,#11,13)",1-3-5-b7-9-#11-13,A-C#-E-G-B-D#-F#,1,"Place your ring finger on the E (1st) string at the 2nd fret and press down | Use your middle finger to press the B (2nd) string down on the 2nd fret | Press down on the D (4th) string at the 1st fret using your index finger | Now, strum all the strings starting from the 5th string","[{""type"": ""finger"", ""string"": 1, ""fret"": 2, ""finger"": 3}, {""type"": ""finger"", ""string"": 2, ""fret"": 2, ""finger"": 2}, {""type"": ""finger"", ""string"": 4, ""fret"": 1, ""finger"": 1}]",5,,[6],"[3, 5]"
,"A Dominant 13th, Flat 9th","A13b9 guitar chord
            (A Dominant 13th, Flat 9th)",https://www.all-guitar-chords.com/chords/index/a/13b9,"13b9, 13-9, 7(b9,13)",1-3-5-b7-b9-13,A-C#-E-G-Bb-F#,1,"Apply a barre with your index finger across the 2nd fret, covering the 1st to the 2nd strings | Press down on the G (3rd) string at the 3rd fret using your middle finger | Stretch out your pinky to the 5th fret of the D (4th) string and press down | Stretch out your ring finger to the 5th fret of the low E (6th) string and press down | To play the chord, strum all the strings, mute the 5th string","[{""type"": ""barre"", ""fret"": 2, ""fromString"": 1, ""toString"": 2}, {""type"": ""finger"", ""string"": 3, ""fret"": 3, ""finger"": 2}, {""type"": ""finger"", ""string"": 4, ""fret"": 5, ""finger"": 4}, {""type"": ""finger"", ""string"": 6, ""fret"": 5, ""finger"": 3}, {""type"": ""raw"", ""text"": ""To play the chord, strum all the strings, mute the 5th string""}]",,,[5],"[1, 2]"
,"A Dominant 11th, Flat 9th","A11b9 guitar chord
            (A Dominant 11th, Flat 9th)",https://www.all-guitar-chords.com/chords/index/a/11b9,"11b9, 7sus4(b9)",1-5-b7-b9-11,A-E-G-Bb-D,1,"Place a barre using your index finger on the 3rd fret from the 2nd to the 3rd strings | With your pinky, press down on the D (4th) string at the 5th fret | Press the low E (6th) string on the 5th fret with your ring finger | Now, strum all the strings up to the 2nd string, mute the 5th string","[{""type"": ""barre"", ""fret"": 3, ""fromString"": 2, ""toString"": 3}, {""type"": ""finger"", ""string"": 4, ""fret"": 5, ""finger"": 4}, {""type"": ""finger"", ""string"": 6, ""fret"": 5, ""finger"": 3}]",,2,"[1, 5]","[2, 3]"
,"A Suspended 2nd, Suspended 4th","Asus2sus4 guitar chord
            (A Suspended 2nd, Suspended 4th)",https://www.all-guitar-chords.com/chords/index/a/sus2sus4,sus2sus4,1-2-4-5,A-B-D-E,1,"Place your index finger on the G (3rd) string at the 2nd fret and press down | Now, strum all the strings starting from the 5th string","[{""type"": ""finger"", ""string"": 3, ""fret"": 2, ""finger"": 1}]",5,,[6],"[1, 2, 4, 5]"
,A Major Diminished 5th,"A-5 guitar chord
            (A Major Diminished 5th)",https://www.all-guitar-chords.com/chords/index/a/-5,-5,1-3-b5,A-C#-Eb,1,Place your ring finger on the B (2nd) string at the 2nd fret and press down | Use your middle finger to press the G (3rd) string down on the 2nd fret | Press down on the D (4th) string at the 1st fret using your index finger | Strum from the 5th string to the 2nd strings,"[{""type"": ""finger"", ""string"": 2, ""fret"": 2, ""finger"": 3}, {""type"": ""finger"", ""string"": 3, ""fret"": 2, ""finger"": 2}, {""type"": ""finger"", ""string"": 4, ""fret"": 1, ""finger"": 1}]",5,,[6],"[1, 5]"
A#/Bb,Major,"A#/Bb guitar chord
            (A#/Bb Major)",https://www.all-guitar-chords.com/chords/index/a_sharp/major,"M, maj",1-3-5,A#-D-F,1,"Barre the 1st fret with your index finger, extending over the 1st to the 5th strings | Press down on the B (2nd) string at the 3rd fret using your pinky | Position your ring finger on the G (3rd) string at the 3rd fret and press down | With your middle finger, press down on the D (4th) string at the 3rd fret | Now, strum all the strings starting from the 5th string","[{""type"": ""barre"", ""fret"": 1, ""fromString"": 1, ""toString"": 5}, {""type"": ""finger"", ""string"": 2, ""fret"": 3, ""finger"": 4}, {""type"": ""finger"", ""string"": 3, ""fret"": 3, ""finger"": 3}, {""type"": ""finger"", ""string"": 4, ""fret"": 3, ""finger"": 2}]",5,,[6],"[1, 5]"
A#/Bbm,A#/Bb Minor,"A#/Bbm guitar chord
            (A#/Bb Minor)",https://www.all-guitar-chords.com/chords/index/a_sharp/minor,"m, min, -",1-b3-5,A#-Db-F,1,"Barre the 1st fret with your index finger, extending over the 1st to the 5th strings | With your middle finger, press down on the B (2nd) string at the 2nd fret | Press down on the G (3rd) string at the 3rd fret using your pinky | Position your ring finger on the D (4th) string at the 3rd fret and press down | Now, strum all the strings starting from the 5th string","[{""type"": ""barre"", ""fret"": 1, ""fromString"": 1, ""toString"": 5}, {""type"": ""finger"", ""string"": 2, ""fret"": 2, ""finger"": 2}, {""type"": ""finger"", ""string"": 3, ""fret"": 3, ""finger"": 4}, {""type"": ""finger"", ""string"": 4, ""fret"": 3, ""finger"": 3}]",5,,[6],"[1, 5]"
A#/Bb7,A#/Bb Dominant Seventh,"A#/Bb7 guitar chord
            (A#/Bb Dominant Seventh)",https://www.all-guitar-chords.com/chords/index/a_sharp/7,7,1-3-5-b7,A#-D-F-Ab,1,"Barre the 1st fret with your index finger, extending over the 1st to the 5th strings | Press down on the B (2nd) string at the 3rd fret using your pinky | Position your ring finger on the D (4th) string at the 3rd fret and press down | Now, strum all the strings starting from the 5th string","[{""type"": ""barre"", ""fret"": 1, ""fromString"": 1, ""toString"": 5}, {""type"": ""finger"", ""string"": 2, ""fret"": 3, ""finger"": 4}, {""type"": ""finger"", ""string"": 4, ""fret"": 3, ""finger"": 3}]",5,,[6],"[1, 3, 5]"
A#/Bb5,"A#/Bb Fifth, Power Chord","A#/Bb5 guitar chord
            (A#/Bb Fifth, Power Chord)",https://www.all-guitar-chords.com/chords/index/a_sharp/5,5,1-5,A#-F,1,"Barre the 3rd fret with your ring finger, extending over the 3rd to the 4th strings | Press the A (5th) string on the 1st fret with your index finger | Strum from the 5th string to the 3rd strings","[{""type"": ""barre"", ""fret"": 3, ""fromString"": 3, ""toString"": 4}, {""type"": ""finger"", ""string"": 5, ""fret"": 1, ""finger"": 1}]",5,,[6],"[1, 2, 3, 4]"
A#/Bbdim,A#/Bb Diminished,"A#/Bbdim guitar chord
            (A#/Bb Diminished)",https://www.all-guitar-chords.com/chords/index/a_sharp/dim,"dim, °",1-b3-b5,A#-Db-E,1,"With your ring finger, press down on the B (2nd) string at the 2nd fret | Position your pinky on the G (3rd) string at the 3rd fret and press down | Press the D (4th) string on the 2nd fret with your middle finger | Place your index finger on the A (5th) string at the 1st fret and press down | Strum from the 5th string to the 2nd strings","[{""type"": ""finger"", ""string"": 2, ""fret"": 2, ""finger"": 3}, {""type"": ""finger"", ""string"": 3, ""fret"": 3, ""finger"": 4}, {""type"": ""finger"", ""string"": 4, ""fret"": 2, ""finger"": 2}, {""type"": ""finger"", ""string"": 5, ""fret"": 1, ""finger"": 1}]",5,,[6],[1]
A#/Bbdim7,A#/Bb Diminished Seventh,"A#/Bbdim7 guitar chord
            (A#/Bb Diminished Seventh)",https://www.all-guitar-chords.com/chords/index/a_sharp/dim7,"dim7, o7, 7dim",1-b3-b5-6,A#-Db-E-G,1,Place your ring finger on the B (2nd) string at the 2nd fret and press down | Use your middle finger to press the D (4th) string down on the 2nd fret | Press down on the A (5th) string at the 1st fret using your index finger | Strum from the 5th string to the 2nd strings,"[{""type"": ""finger"", ""string"": 2, ""fret"": 2, ""finger"": 3}, {""type"": ""finger"", ""string"": 4, ""fret"": 2, ""finger"": 2}, {""type"": ""finger"", ""string"": 5, ""fret"": 1, ""finger"": 1}]",5,,[6],"[1, 3]"
A#/Bbaug,A#/Bb Augmented,"A#/Bbaug guitar chord
            (A#/Bb Augmented)",https://www.all-guitar-chords.com/chords/index/a_sharp/aug,"aug, ""+""",1-3-#5,A#-D-F#,1,"Place your index finger on the E (1st) string at the 2nd fret and press down | With your ring finger, press down on the B (2nd) string at the 3rd fret | Press the G (3rd) string on the 3rd fret with your middle finger | Position your pinky on the D (4th) string at the 4th fret and press down | Now, strum all the strings starting from the 4th string","[{""type"": ""finger"", ""string"": 1, ""fret"": 2, ""finger"": 1}, {""type"": ""finger"", ""string"": 2, ""fret"": 3, ""finger"": 3}, {""type"": ""finger"", ""string"": 3, ""fret"": 3, ""finger"": 2}, {""type"": ""finger"", ""string"": 4, ""fret"": 4, ""finger"": 4}]",4,,"[5, 6]",[]
A#/Bbsus2,A#/Bb Suspended 2nd,"A#/Bbsus2 guitar chord
            (A#/Bb Suspended 2nd)",https://www.all-guitar-chords.com/chords/index/a_sharp/sus2,sus2,1-2-5,A#-C-F,1,"Barre the 1st fret with your index finger, extending over the 1st to the 5th strings | Press the G (3rd) string on the 3rd fret with your pinky | Place your ring finger on the D (4th) string at the 3rd fret and press down | Now, strum all the strings starting from the 5th string","[{""type"": ""barre"", ""fret"": 1, ""fromString"": 1, ""toString"": 5}, {""type"": ""finger"", ""string"": 3, ""fret"": 3, ""finger"": 4}, {""type"": ""finger"", ""string"": 4, ""fret"": 3, ""finger"": 3}]",5,,[6],"[1, 2, 5]"
A#/Bbsus,A#/Bb Suspended 4th,"A#/Bbsus guitar chord
            (A#/Bb Suspended 4th)",https://www.all-guitar-chords.com/chords/index/a_sharp/sus4,"sus, sus4",1-4-5,A#-D#-F,1,"Apply a barre with your index finger across the 1st fret, covering the 1st to the 5th strings | Stretch out your pinky to the 4th fret of the B (2nd) string and press down | With your ring finger, press down on the G (3rd) string at the 3rd fret | Press the D (4th) string on the 3rd fret with your middle finger | Now, strum all the strings starting from the 5th string","[{""type"": ""barre"", ""fret"": 1, ""fromString"": 1, ""toString"": 5}, {""type"": ""finger"", ""string"": 2, ""fret"": 4, ""finger"": 4}, {""type"": ""finger"", ""string"": 3, ""fret"": 3, ""finger"": 3}, {""type"": ""finger"", ""string"": 4, ""fret"": 3, ""finger"": 2}]",5,,[6],"[1, 5]"
A#/Bbmaj7,A#/Bb Major 7th,"A#/Bbmaj7 guitar chord
            (A#/Bb Major 7th)",https://www.all-guitar-chords.com/chords/index/a_sharp/maj7,"maj7, M7",1-3-5-7,A#-D-F-A,1,"Apply a barre with your index finger across the 1st fret, covering the 1st to the 5th strings | Place your pinky on the B (2nd) string at the 3rd fret and press down | Press down on the G (3rd) string at the 2nd fret using your middle finger | Use your ring finger to press the D (4th) string down on the 3rd fret | Now, strum all the strings starting from the 5th string","[{""type"": ""barre"", ""fret"": 1, ""fromString"": 1, ""toString"": 5}, {""type"": ""finger"", ""string"": 2, ""fret"": 3, ""finger"": 4}, {""type"": ""finger"", ""string"": 3, ""fret"": 2, ""finger"": 2}, {""type"": ""finger"", ""string"": 4, ""fret"": 3, ""finger"": 3}]",5,,[6],"[1, 5]"
A#/Bbm7,A#/Bb Minor 7th,"A#/Bbm7 guitar chord
            (A#/Bb Minor 7th)",https://www.all-guitar-chords.com/chords/index/a_sharp/m7,"m7, min7, -7",1-b3-5-b7,A#-Db-F-Ab,1,"Barre the 1st fret with your index finger, extending over the 1st to the 5th strings | With your middle finger, press down on the B (2nd) string at the 2nd fret | Position your ring finger on the D (4th) string at the 3rd fret and press down | Now, strum all the strings starting from the 5th string","[{""type"": ""barre"", ""fret"": 1, ""fromString"": 1, ""toString"": 5}, {""type"": ""finger"", ""string"": 2, ""fret"": 2, ""finger"": 2}, {""type"": ""finger"", ""string"": 4, ""fret"": 3, ""finger"": 3}]",5,,[6],"[1, 3, 5]"
A#/Bb7sus4,A#/Bb Dominant 7th Suspended 4th,"A#/Bb7sus4 guitar chord
            (A#/Bb Dominant 7th Suspended 4th)",https://www.all-guitar-chords.com/chords/index/a_sharp/7sus4,"7sus4, 7sus",1-4-5-b7,A#-D#-F-Ab,1,"Place a barre using your index finger on the 1st fret from the 1st to the 5th strings | Stretch out your pinky to the 4th fret of the B (2nd) string and press down | Press the D (4th) string on the 3rd fret with your ring finger | Now, strum all the strings starting from the 5th string","[{""type"": ""barre"", ""fret"": 1, ""fromString"": 1, ""toString"": 5}, {""type"": ""finger"", ""string"": 2, ""fret"": 4, ""finger"": 4}, {""type"": ""finger"", ""string"": 4, ""fret"": 3, ""finger"": 3}]",5,,[6],"[1, 3, 5]"
A#/Bbmaj9,A#/Bb Major 9th,"A#/Bbmaj9 guitar chord
            (A#/Bb Major 9th)",https://www.all-guitar-chords.com/chords/index/a_sharp/maj9,"maj9, M9, maj7(9)",1-3-5-7-9,A#-D-F-A-C,1,Press down on the B (2nd) string at the 1st fret using your middle finger | Use your ring finger to press the G (3rd) string down on the 2nd fret | Position your index finger on the A (5th) string at the 1st fret and press down | Strum from the 5th string to the 2nd strings,"[{""type"": ""finger"", ""string"": 2, ""fret"": 1, ""finger"": 2}, {""type"": ""finger"", ""string"": 3, ""fret"": 2, ""finger"": 3}, {""type"": ""finger"", ""string"": 5, ""fret"": 1, ""finger"": 1}]",5,,[6],"[1, 4]"
A#/Bbmaj11,A#/Bb Major 11th,"A#/Bbmaj11 guitar chord
            (A#/Bb Major 11th)",https://www.all-guitar-chords.com/chords/index/a_sharp/maj11,"maj11, M11",1-3-5-7-9-11,A#-D-F-A-C-D#,1,"Apply a barre with your index finger across the 11th fret, covering the 1st to the 2nd strings | Stretch out your pinky to the 14th fret of the G (3rd) string and press down | Press down on the D (4th) string at the 12th fret using your middle finger | Use your ring finger to press the A (5th) string down on the 13th fret | Now, strum all the strings starting from the 5th string","[{""type"": ""barre"", ""fret"": 11, ""fromString"": 1, ""toString"": 2}, {""type"": ""finger"", ""string"": 3, ""fret"": 14, ""finger"": 4}, {""type"": ""finger"", ""string"": 4, ""fret"": 12, ""finger"": 2}, {""type"": ""finger"", ""string"": 5, ""fret"": 13, ""finger"": 3}]",5,,[6],"[1, 2]"
A#/Bbmaj13,A#/Bb Major 13th,"A#/Bbmaj13 guitar chord
            (A#/Bb Major 13th)",https://www.all-guitar-chords.com/chords/index/a_sharp/maj13,"maj13, M13, maj7(9,13),maj7(6/9)",1-3-5-7-9-13,A#-D-F-A-C-G,1,"Barre the 3rd fret with your pinky, extending over the 1st to the 2nd strings | Use your middle finger to press the G (3rd) string down on the 2nd fret | Press down on the A (5th) string at the 1st fret using your index finger | Now, strum all the strings starting from the 5th string, mute the 4th string","[{""type"": ""barre"", ""fret"": 3, ""fromString"": 1, ""toString"": 2}, {""type"": ""finger"", ""string"": 3, ""fret"": 2, ""finger"": 2}, {""type"": ""finger"", ""string"": 5, ""fret"": 1, ""finger"": 1}]",5,,"[4, 6]","[1, 2]"
A#/Bbmaj9(#11),#11,"A#/Bbmaj9(#11) guitar chord
            (A#/Bb Major 9th, Sharp 11th)",https://www.all-guitar-chords.com/chords/index/a_sharp/maj9*11,"maj9(#11), maj7(9,#11)",1-3-5-7-9-#11,A#-D-F-A-C-E,1,"Apply a barre with your index finger across the 5th fret, covering the 1st to the 5th strings | With your ring finger, press down on the D (4th) string at the 7th fret | Press the low E (6th) string on the 6th fret with your middle finger | Now, strum all the strings","[{""type"": ""barre"", ""fret"": 5, ""fromString"": 1, ""toString"": 5}, {""type"": ""finger"", ""string"": 4, ""fret"": 7, ""finger"": 3}, {""type"": ""finger"", ""string"": 6, ""fret"": 6, ""finger"": 2}, {""type"": ""raw"", ""text"": ""Now, strum all the strings""}]",,,[],"[1, 2, 3, 5]"
A#/Bbmaj13(#11),#11,"A#/Bbmaj13(#11) guitar chord
            (A#/Bb Major 13th, Sharp 11th)",https://www.all-guitar-chords.com/chords/index/a_sharp/maj13*11,"maj13(#11), maj7(13,#11), maj9(#11,13)",1-3-5-7-9-#11-13,A#-D-F-A-C-E-G,1,"Apply a barre with your index finger across the 5th fret, covering the 1st to the 5th strings | Press down on the low E (6th) string at the 6th fret using your middle finger | To play the chord, strum all the strings","[{""type"": ""barre"", ""fret"": 5, ""fromString"": 1, ""toString"": 5}, {""type"": ""finger"", ""string"": 6, ""fret"": 6, ""finger"": 2}, {""type"": ""raw"", ""text"": ""To play the chord, strum all the strings""}]",,,[],"[1, 2, 3, 4, 5]"
A#/Bbadd9,A#/Bb Major Added 9th,"A#/Bbadd9 guitar chord
            (A#/Bb Major Added 9th)",https://www.all-guitar-chords.com/chords/index/a_sharp/add9,add9,1-3-5-9,A#-D-F-C,1,"Place a barre using your index finger on the 3rd fret from the 2nd to the 4th strings | Press down on the G (3rd) string at the 5th fret using your ring finger | Position your middle finger on the A (5th) string at the 5th fret and press down | Stretch out your pinky to the 6th fret of the low E (6th) string and press down | Now, strum all the strings up to the 2nd string","[{""type"": ""barre"", ""fret"": 3, ""fromString"": 2, ""toString"": 4}, {""type"": ""finger"", ""string"": 3, ""fret"": 5, ""finger"": 3}, {""type"": ""finger"", ""string"": 5, ""fret"": 5, ""finger"": 2}, {""type"": ""finger"", ""string"": 6, ""fret"": 6, ""finger"": 4}]",,2,[1],"[2, 4]"
A#/Bb6add9,"A#/Bb Major 6th, Added 9th","A#/Bb6add9 guitar chord
            (A#/Bb Major 6th, Added 9th)",https://www.all-guitar-chords.com/chords/index/a_sharp/6add9,"6add9, add6/9, 6/9",1-3-5-6-9,A#-D-F-G-C,1,"Place your index finger on the B (2nd) string at the 3rd fret and press down | With your ring finger, press down on the G (3rd) string at the 5th fret | Press the D (4th) string on the 5th fret with your middle finger | Stretch out your pinky to the 6th fret of the low E (6th) string and press down | Now, strum all the strings up to the 2nd string, mute the 5th string","[{""type"": ""finger"", ""string"": 2, ""fret"": 3, ""finger"": 1}, {""type"": ""finger"", ""string"": 3, ""fret"": 5, ""finger"": 3}, {""type"": ""finger"", ""string"": 4, ""fret"": 5, ""finger"": 2}, {""type"": ""finger"", ""string"": 6, ""fret"": 6, ""finger"": 4}]",,2,"[1, 5]",[]
A#/Bbmaj7(b5),b5,"A#/Bbmaj7(b5) guitar chord
            (A#/Bb Major 7th, Flat 5th)",https://www.all-guitar-chords.com/chords/index/a_sharp/maj7b5,maj7(b5),1-3-b5-7,A#-D-E-A,1,"Use your pinky to press the B (2nd) string down on the 3rd fret | Position your middle finger on the G (3rd) string at the 2nd fret and press down | With your index finger, press down on the A (5th) string at the 1st fret | Now, strum all the strings starting from the 5th string, mute the 4th string","[{""type"": ""finger"", ""string"": 2, ""fret"": 3, ""finger"": 4}, {""type"": ""finger"", ""string"": 3, ""fret"": 2, ""finger"": 2}, {""type"": ""finger"", ""string"": 5, ""fret"": 1, ""finger"": 1}]",5,,"[4, 6]",[1]
A#/Bbmaj7(#5),#5,"A#/Bbmaj7(#5) guitar chord
            (A#/Bb Major 7th, Sharp 5th)",https://www.all-guitar-chords.com/chords/index/a_sharp/maj7*5,"maj7(#5), maj7+, +7+5",1-3-#5-7,A#-D-F#-A,1,"Press down on the E (1st) string at the 2nd fret using your ring finger | Use your pinky to press the B (2nd) string down on the 3rd fret | Position your middle finger on the G (3rd) string at the 2nd fret and press down | With your index finger, press down on the A (5th) string at the 1st fret | Now, strum all the strings starting from the 5th string, mute the 4th string","[{""type"": ""finger"", ""string"": 1, ""fret"": 2, ""finger"": 3}, {""type"": ""finger"", ""string"": 2, ""fret"": 3, ""finger"": 4}, {""type"": ""finger"", ""string"": 3, ""fret"": 2, ""finger"": 2}, {""type"": ""finger"", ""string"": 5, ""fret"": 1, ""finger"": 1}]",5,,"[4, 6]",[]
A#/Bbm6,A#/Bb Minor 6th,"A#/Bbm6 guitar chord
            (A#/Bb Minor 6th)",https://www.all-guitar-chords.com/chords/index/a_sharp/m6,"m6, min6, m(add6), -6",1-b3-5-6,A#-Db-F-G,1,"Use your middle finger to press the E (1st) string down on the 1st fret | Press the B (2nd) string on the 2nd fret with your pinky | Press down on the A (5th) string at the 1st fret using your index finger | Now, strum all the strings starting from the 5th string, mute the 4th string","[{""type"": ""finger"", ""string"": 1, ""fret"": 1, ""finger"": 2}, {""type"": ""finger"", ""string"": 2, ""fret"": 2, ""finger"": 4}, {""type"": ""finger"", ""string"": 5, ""fret"": 1, ""finger"": 1}]",5,,"[4, 6]",[3]
A#/Bbm9,A#/Bb Minor 9th,"A#/Bbm9 guitar chord
            (A#/Bb Minor 9th)",https://www.all-guitar-chords.com/chords/index/a_sharp/m9,"m9, min9, -9",1-b3-5-b7-9,A#-Db-F-Ab-C,1,"Press the E (1st) string on the 8th fret with your pinky | Barre the 6th fret with your index finger, extending over the 2nd to the 4th strings | Press down on the low E (6th) string at the 6th fret using your index finger | Now, strum all the strings, mute the 5th string","[{""type"": ""finger"", ""string"": 1, ""fret"": 8, ""finger"": 4}, {""type"": ""barre"", ""fret"": 6, ""fromString"": 2, ""toString"": 4}, {""type"": ""finger"", ""string"": 6, ""fret"": 6, ""finger"": 1}, {""type"": ""raw"", ""text"": ""Now, strum all the strings, mute the 5th string""}]",,,[5],"[2, 3, 4]"
A#/Bbm11,A#/Bb Minor 11th,"A#/Bbm11 guitar chord
            (A#/Bb Minor 11th)",https://www.all-guitar-chords.com/chords/index/a_sharp/m11,"m11, min11, -11",1-b3-5-b7-9-11,A#-Db-F-Ab-C-D#,1,"Apply a barre with your index finger across the 1st fret, covering the 1st to the 5th strings | Press down on the B (2nd) string at the 2nd fret using your middle finger | Now, strum all the strings starting from the 5th string","[{""type"": ""barre"", ""fret"": 1, ""fromString"": 1, ""toString"": 5}, {""type"": ""finger"", ""string"": 2, ""fret"": 2, ""finger"": 2}]",5,,[6],"[1, 3, 4, 5]"
A#/Bbm13,A#/Bb Minor 13th,"A#/Bbm13 guitar chord
            (A#/Bb Minor 13th)",https://www.all-guitar-chords.com/chords/index/a_sharp/m13,"m13, min13, -13",1-b3-5-b7-9-11-13,A#-Db-F-Ab-C-D#-G,1,"Press down on the E (1st) string at the 3rd fret using your pinky | With your middle finger, press down on the B (2nd) string at the 2nd fret | Barre the 1st fret with your index finger, extending over the 3rd to the 5th strings | Position your ring finger on the D (4th) string at the 3rd fret and press down | Now, strum all the strings starting from the 5th string","[{""type"": ""finger"", ""string"": 1, ""fret"": 3, ""finger"": 4}, {""type"": ""finger"", ""string"": 2, ""fret"": 2, ""finger"": 2}, {""type"": ""barre"", ""fret"": 1, ""fromString"": 3, ""toString"": 5}, {""type"": ""finger"", ""string"": 4, ""fret"": 3, ""finger"": 3}]",5,,[6],"[3, 5]"
A#/Bbm(add9),add9,"A#/Bbm(add9) guitar chord
            (A#/Bb Minor, Added 9th)",https://www.all-guitar-chords.com/chords/index/a_sharp/madd9,"m(add9), m9(no 7th)",1-b3-5-9,A#-Db-F-C,1,"With your pinky, press down on the E (1st) string at the 8th fret | Place a barre using your index finger on the 6th fret from the 2nd to the 3rd strings | Press the D (4th) string on the 8th fret with your ring finger | Now, strum all the strings starting from the 4th string","[{""type"": ""finger"", ""string"": 1, ""fret"": 8, ""finger"": 4}, {""type"": ""barre"", ""fret"": 6, ""fromString"": 2, ""toString"": 3}, {""type"": ""finger"", ""string"": 4, ""fret"": 8, ""finger"": 3}]",4,,"[5, 6]","[2, 3]"
A#/Bbm6add9,"A#/Bb Minor 6yh, Added 9th","A#/Bbm6add9 guitar chord
            (A#/Bb Minor 6yh, Added 9th)",https://www.all-guitar-chords.com/chords/index/a_sharp/m6add9,"m6add9, m6/9, min6/9, m(add6,9), -6/9",1-b3-5-6-9,A#-Db-F-G-C,1,"Place a barre using your pinky on the 6th fret from the 1st to the 2nd strings | Place a barre using your middle finger on the 5th fret from the 3rd to the 4th strings | With your index finger, press down on the A (5th) string at the 4th fret | Now, strum all the strings starting from the 5th string","[{""type"": ""barre"", ""fret"": 6, ""fromString"": 1, ""toString"": 2}, {""type"": ""barre"", ""fret"": 5, ""fromString"": 3, ""toString"": 4}, {""type"": ""finger"", ""string"": 5, ""fret"": 4, ""finger"": 1}]",5,,[6],"[1, 2, 3, 4]"
A#/Bbmmaj7,"A#/Bb Minor, Major 7th","A#/Bbmmaj7 guitar chord
            (A#/Bb Minor, Major 7th)",https://www.all-guitar-chords.com/chords/index/a_sharp/mmaj7,"mmaj7, min(maj7), -(maj7), mM7, m+7",1-b3-5-7,A#-Db-F-A,1,"Place a barre using your index finger on the 1st fret from the 1st to the 5th strings | Press the B (2nd) string on the 2nd fret with your ring finger | Place your middle finger on the G (3rd) string at the 2nd fret and press down | With your pinky, press down on the D (4th) string at the 3rd fret | Now, strum all the strings starting from the 5th string","[{""type"": ""barre"", ""fret"": 1, ""fromString"": 1, ""toString"": 5}, {""type"": ""finger"", ""string"": 2, ""fret"": 2, ""finger"": 3}, {""type"": ""finger"", ""string"": 3, ""fret"": 2, ""finger"": 2}, {""type"": ""finger"", ""string"": 4, ""fret"": 3, ""finger"": 4}]",5,,[6],"[1, 5]"
A#/Bbmmaj9,"A#/Bb Minor 9th, Major 7th","A#/Bbmmaj9 guitar chord
            (A#/Bb Minor 9th, Major 7th)",https://www.all-guitar-chords.com/chords/index/a_sharp/mmaj9,"mmaj9, min(maj9), m9(maj7), mM9",1-b3-5-7-9,A#-Db-F-A-C,1,"Press the E (1st) string on the 8th fret with your pinky | Barre the 6th fret with your index finger, extending over the 2nd to the 6th strings | Use your middle finger to press the D (4th) string down on the 7th fret | Place your ring finger on the A (5th) string at the 8th fret and press down | Now, strum all the strings","[{""type"": ""finger"", ""string"": 1, ""fret"": 8, ""finger"": 4}, {""type"": ""barre"", ""fret"": 6, ""fromString"": 2, ""toString"": 6}, {""type"": ""finger"", ""string"": 4, ""fret"": 7, ""finger"": 2}, {""type"": ""finger"", ""string"": 5, ""fret"": 8, ""finger"": 3}, {""type"": ""raw"", ""text"": ""Now, strum all the strings""}]",,,[],"[2, 3, 6]"
A#/Bbm7b5,A#/Bb Half-diminished Minor 7,"A#/Bbm7b5 guitar chord
            (A#/Bb Half-diminished Minor 7)",https://www.all-guitar-chords.com/chords/index/a_sharp/m7b5,"m7b5, m7-5, ø",1-b3-b5-b7,A#-Db-E-Ab,1,"Place your ring finger on the B (2nd) string at the 2nd fret and press down | Use your middle finger to press the G (3rd) string down on the 1st fret | Press down on the A (5th) string at the 1st fret using your index finger | Now, strum all the strings starting from the 5th string, mute the 4th string","[{""type"": ""finger"", ""string"": 2, ""fret"": 2, ""finger"": 3}, {""type"": ""finger"", ""string"": 3, ""fret"": 1, ""finger"": 2}, {""type"": ""finger"", ""string"": 5, ""fret"": 1, ""finger"": 1}]",5,,"[4, 6]",[1]
A#/Bbm7#5,"A#/Bb Minor 7th, Sharp 5th","A#/Bbm7#5 guitar chord
            (A#/Bb Minor 7th, Sharp 5th)",https://www.all-guitar-chords.com/chords/index/a_sharp/m7*5,"m7#5, m7+",1-b3-#5-b7,A#-Db-F#-Ab,1,"Press down on the E (1st) string at the 2nd fret using your pinky | Position your ring finger on the B (2nd) string at the 2nd fret and press down | With your middle finger, press down on the G (3rd) string at the 1st fret | Press the A (5th) string on the 1st fret with your index finger | Now, strum all the strings starting from the 5th string, mute the 4th string","[{""type"": ""finger"", ""string"": 1, ""fret"": 2, ""finger"": 4}, {""type"": ""finger"", ""string"": 2, ""fret"": 2, ""finger"": 3}, {""type"": ""finger"", ""string"": 3, ""fret"": 1, ""finger"": 2}, {""type"": ""finger"", ""string"": 5, ""fret"": 1, ""finger"": 1}]",5,,"[4, 6]",[]
A#/Bb6,A#/Bb Major 6th,"A#/Bb6 guitar chord
            (A#/Bb Major 6th)",https://www.all-guitar-chords.com/chords/index/a_sharp/6,"6, M6, maj6, add6",1-3-5-6,A#-D-F-G,1,"Barre the 3rd fret with your ring finger, extending over the 1st to the 4th strings | Press down on the A (5th) string at the 1st fret using your index finger | Now, strum all the strings starting from the 5th string","[{""type"": ""barre"", ""fret"": 3, ""fromString"": 1, ""toString"": 4}, {""type"": ""finger"", ""string"": 5, ""fret"": 1, ""finger"": 1}]",5,,[6],"[1, 2, 3, 4]"
A#/Bb9,A#/Bb Dominant 9th,"A#/Bb9 guitar chord
            (A#/Bb Dominant 9th)",https://www.all-guitar-chords.com/chords/index/a_sharp/9,9,1-3-5-b7-9,A#-D-F-Ab-C,1,"Press the E (1st) string on the 1st fret with your pinky | Place your ring finger on the B (2nd) string at the 1st fret and press down | Use your middle finger to press the G (3rd) string down on the 1st fret | Press down on the A (5th) string at the 1st fret using your index finger | Now, strum all the strings starting from the 5th string","[{""type"": ""finger"", ""string"": 1, ""fret"": 1, ""finger"": 4}, {""type"": ""finger"", ""string"": 2, ""fret"": 1, ""finger"": 3}, {""type"": ""finger"", ""string"": 3, ""fret"": 1, ""finger"": 2}, {""type"": ""finger"", ""string"": 5, ""fret"": 1, ""finger"": 1}]",5,,[6],[4]
A#/Bb11,A#/Bb Dominant 11th,"A#/Bb11 guitar chord
            (A#/Bb Dominant 11th)",https://www.all-guitar-chords.com/chords/index/a_sharp/11,11,1-3-5-b7-9-11,A#-D-F-Ab-C-D#,1,"Apply a barre with your index finger across the 1st fret, covering the 1st to the 5th strings | Now, strum all the strings starting from the 5th string","[{""type"": ""barre"", ""fret"": 1, ""fromString"": 1, ""toString"": 5}]",5,,[6],"[1, 2, 3, 4, 5]"
A#/Bb13,A#/Bb Dominant 13th,"A#/Bb13 guitar chord
            (A#/Bb Dominant 13th)",https://www.all-guitar-chords.com/chords/index/a_sharp/13,13,1-3-5-b7-9-13,A#-D-F-Ab-C-G,1,"Use your pinky to press the E (1st) string down on the 3rd fret | Press down on the B (2nd) string at the 1st fret using your ring finger | Position your middle finger on the G (3rd) string at the 1st fret and press down | With your index finger, press down on the A (5th) string at the 1st fret | Now, strum all the strings starting from the 5th string","[{""type"": ""finger"", ""string"": 1, ""fret"": 3, ""finger"": 4}, {""type"": ""finger"", ""string"": 2, ""fret"": 1, ""finger"": 3}, {""type"": ""finger"", ""string"": 3, ""fret"": 1, ""finger"": 2}, {""type"": ""finger"", ""string"": 5, ""fret"": 1, ""finger"": 1}]",5,,[6],[4]
A#/Bb7b5,"A#/Bb Dominant 7th, Flat 5th","A#/Bb7b5 guitar chord
            (A#/Bb Dominant 7th, Flat 5th)",https://www.all-guitar-chords.com/chords/index/a_sharp/7b5,"7b5, 7-5",1-3-b5-b7,A#-D-E-Ab,1,"Position your ring finger on the B (2nd) string at the 3rd fret and press down | Barre the 1st fret with your index finger, extending over the 3rd to the 5th strings | With your middle finger, press down on the D (4th) string at the 2nd fret | Strum from the 5th string to the 2nd strings","[{""type"": ""finger"", ""string"": 2, ""fret"": 3, ""finger"": 3}, {""type"": ""barre"", ""fret"": 1, ""fromString"": 3, ""toString"": 5}, {""type"": ""finger"", ""string"": 4, ""fret"": 2, ""finger"": 2}]",5,,[6],"[1, 3, 5]"
A#/Bb7#5,"A#/Bb Dominant 7th, Sharp 5th","A#/Bb7#5 guitar chord
            (A#/Bb Dominant 7th, Sharp 5th)",https://www.all-guitar-chords.com/chords/index/a_sharp/7*5,"7#5, 7maj5, 7+5, +7",1-3-#5-b7,A#-D-F#-Ab,1,"With your ring finger, press down on the E (1st) string at the 2nd fret | Position your pinky on the B (2nd) string at the 3rd fret and press down | Press the G (3rd) string on the 1st fret with your middle finger | Place your index finger on the A (5th) string at the 1st fret and press down | Now, strum all the strings starting from the 5th string, mute the 4th string","[{""type"": ""finger"", ""string"": 1, ""fret"": 2, ""finger"": 3}, {""type"": ""finger"", ""string"": 2, ""fret"": 3, ""finger"": 4}, {""type"": ""finger"", ""string"": 3, ""fret"": 1, ""finger"": 2}, {""type"": ""finger"", ""string"": 5, ""fret"": 1, ""finger"": 1}]",5,,"[4, 6]",[]
A#/Bb7b9,"A#/Bb Dominant 7th, Flat 9th","A#/Bb7b9 guitar chord
            (A#/Bb Dominant 7th, Flat 9th)",https://www.all-guitar-chords.com/chords/index/a_sharp/7b9,"7b9, 7-9",1-3-5-b7-b9,A#-D-F-Ab-B,1,"Stretch out your pinky to the 6th fret of the E (1st) string and press down | Position your index finger on the B (2nd) string at the 3rd fret and press down | Press down on the G (3rd) string at the 4th fret using your middle finger | Stretch out your ring finger to the 6th fret of the D (4th) string and press down | Now, strum all the strings starting from the 4th string","[{""type"": ""finger"", ""string"": 1, ""fret"": 6, ""finger"": 4}, {""type"": ""finger"", ""string"": 2, ""fret"": 3, ""finger"": 1}, {""type"": ""finger"", ""string"": 3, ""fret"": 4, ""finger"": 2}, {""type"": ""finger"", ""string"": 4, ""fret"": 6, ""finger"": 3}]",4,,"[5, 6]",[]
A#/Bb7#9,"A#/Bb Dominant 7th, Sharp 9th","A#/Bb7#9 guitar chord
            (A#/Bb Dominant 7th, Sharp 9th)",https://www.all-guitar-chords.com/chords/index/a_sharp/7*9,"7#9, 7+9, 7b10",1-3-5-b7-#9,A#-D-F-Ab-C#,1,"Position your ring finger on the B (2nd) string at the 2nd fret and press down | With your middle finger, press down on the G (3rd) string at the 1st fret | Press the A (5th) string on the 1st fret with your index finger | Strum from the 5th string to the 2nd strings","[{""type"": ""finger"", ""string"": 2, ""fret"": 2, ""finger"": 3}, {""type"": ""finger"", ""string"": 3, ""fret"": 1, ""finger"": 2}, {""type"": ""finger"", ""string"": 5, ""fret"": 1, ""finger"": 1}]",5,,[6],"[1, 4]"
"A#/Bb7(b5,b9)","b5,b9","A#/Bb7(b5,b9) guitar chord
            (A#/Bb Dominant 7th, Flat 5th, Flat 9th)","https://www.all-guitar-chords.com/chords/index/a_sharp/7%28b5,b9%29","7(b5,b9), 7(-5,-9)",1-3-b5-b7-b9,A#-D-E-Ab-B,1,"Position your middle finger on the B (2nd) string at the 5th fret and press down | With your index finger, press down on the G (3rd) string at the 4th fret | Use your pinky to press the D (4th) string down on the 6th fret | Press down on the low E (6th) string at the 6th fret using your ring finger | Now, strum all the strings up to the 2nd string, mute the 5th string","[{""type"": ""finger"", ""string"": 2, ""fret"": 5, ""finger"": 2}, {""type"": ""finger"", ""string"": 3, ""fret"": 4, ""finger"": 1}, {""type"": ""finger"", ""string"": 4, ""fret"": 6, ""finger"": 4}, {""type"": ""finger"", ""string"": 6, ""fret"": 6, ""finger"": 3}]",,2,"[1, 5]",[]
"A#/Bb7(b5,#9)","b5,#9","A#/Bb7(b5,#9) guitar chord
            (A#/Bb Dominant 7th, Flat 5th, Sharp 9th)","https://www.all-guitar-chords.com/chords/index/a_sharp/7%28b5,*9%29","7(b5,#9), 7(-5,+9)",1-3-b5-b7-#9,A#-D-E-Ab-C#,1,"Place a barre using your index finger on the 12th fret from the 1st to the 4th strings | With your pinky, press down on the B (2nd) string at the 14th fret | Press the G (3rd) string on the 13th fret with your ring finger | Place your middle finger on the A (5th) string at the 13th fret and press down | Now, strum all the strings starting from the 5th string","[{""type"": ""barre"", ""fret"": 12, ""fromString"": 1, ""toString"": 4}, {""type"": ""finger"", ""string"": 2, ""fret"": 14, ""finger"": 4}, {""type"": ""finger"", ""string"": 3, ""fret"": 13, ""finger"": 3}, {""type"": ""finger"", ""string"": 5, ""fret"": 13, ""finger"": 2}]",5,,[6],"[1, 4]"
"A#/Bb7(#5,b9)","#5,b9","A#/Bb7(#5,b9) guitar chord
            (A#/Bb Dominant 7th, Sharp 5th, Flat 9th)","https://www.all-guitar-chords.com/chords/index/a_sharp/7%28*5,b9%29","7(#5,b9), 7(+5,-9), +7b9",1-3-#5-b7-b9,A#-D-F#-Ab-B,1,"Barre the 7th fret with your pinky, extending over the 1st to the 3rd strings | With your middle finger, press down on the D (4th) string at the 6th fret | Press the low E (6th) string on the 6th fret with your index finger | To play the chord, strum all the strings, mute the 5th string","[{""type"": ""barre"", ""fret"": 7, ""fromString"": 1, ""toString"": 3}, {""type"": ""finger"", ""string"": 4, ""fret"": 6, ""finger"": 2}, {""type"": ""finger"", ""string"": 6, ""fret"": 6, ""finger"": 1}, {""type"": ""raw"", ""text"": ""To play the chord, strum all the strings, mute the 5th string""}]",,,[5],"[1, 2, 3]"
"A#/Bb7(#5,#9)","#5,#9","A#/Bb7(#5,#9) guitar chord
            (A#/Bb Dominant 7th, Sharp 5th, Sharp 9th)","https://www.all-guitar-chords.com/chords/index/a_sharp/7%28*5,*9%29","7(#5,#9), 7(+5,+9), +7#9",1-3-#5-b7-#9,A#-D-F#-Ab-C#,1,"Press down on the E (1st) string at the 2nd fret using your pinky | Position your ring finger on the B (2nd) string at the 2nd fret and press down | With your middle finger, press down on the G (3rd) string at the 1st fret | Press the A (5th) string on the 1st fret with your index finger | Now, strum all the strings starting from the 5th string","[{""type"": ""finger"", ""string"": 1, ""fret"": 2, ""finger"": 4}, {""type"": ""finger"", ""string"": 2, ""fret"": 2, ""finger"": 3}, {""type"": ""finger"", ""string"": 3, ""fret"": 1, ""finger"": 2}, {""type"": ""finger"", ""string"": 5, ""fret"": 1, ""finger"": 1}]",5,,[6],[4]
A#/Bb9b5,"A#/Bb Dominat 9th, Flat 5th","A#/Bb9b5 guitar chord
            (A#/Bb Dominat 9th, Flat 5th)",https://www.all-guitar-chords.com/chords/index/a_sharp/9b5,"9b5, 7(b5,9), 9-5",1-3-b5-b7-9,A#-D-E-Ab-C,1,"Barre the 5th fret with your index finger, extending over the 2nd to the 5th strings | Position your ring finger on the D (4th) string at the 6th fret and press down | With your middle finger, press down on the low E (6th) string at the 6th fret | Now, strum all the strings up to the 2nd string","[{""type"": ""barre"", ""fret"": 5, ""fromString"": 2, ""toString"": 5}, {""type"": ""finger"", ""string"": 4, ""fret"": 6, ""finger"": 3}, {""type"": ""finger"", ""string"": 6, ""fret"": 6, ""finger"": 2}]",,2,[1],"[2, 3, 5]"
A#/Bb9#5,"A#/Bb Dominat 9th, Sharp 5th","A#/Bb9#5 guitar chord
            (A#/Bb Dominat 9th, Sharp 5th)",https://www.all-guitar-chords.com/chords/index/a_sharp/9*5,"9#5, 7(#5,9), 9+5, +9",1-3-#5-b7-9,A#-D-F#-Ab-C,1,"Use your pinky to press the E (1st) string down on the 2nd fret | Press down on the B (2nd) string at the 1st fret using your ring finger | Position your middle finger on the G (3rd) string at the 1st fret and press down | With your index finger, press down on the A (5th) string at the 1st fret | Now, strum all the strings starting from the 5th string","[{""type"": ""finger"", ""string"": 1, ""fret"": 2, ""finger"": 4}, {""type"": ""finger"", ""string"": 2, ""fret"": 1, ""finger"": 3}, {""type"": ""finger"", ""string"": 3, ""fret"": 1, ""finger"": 2}, {""type"": ""finger"", ""string"": 5, ""fret"": 1, ""finger"": 1}]",5,,[6],[4]
A#/Bb13#11,"A#/Bb Dominant 13th, Added Sharp 11th","A#/Bb13#11 guitar chord
            (A#/Bb Dominant 13th, Added Sharp 11th)",https://www.all-guitar-chords.com/chords/index/a_sharp/13*11,"13#11, 13+11, 7(9,#11,13)",1-3-5-b7-9-#11-13,A#-D-F-Ab-C-E-G,1,"Position your pinky on the E (1st) string at the 3rd fret and press down | With your ring finger, press down on the B (2nd) string at the 3rd fret | Apply a barre with your index finger across the 1st fret, covering the 3rd to the 5th strings | Press the D (4th) string on the 2nd fret with your middle finger | Now, strum all the strings starting from the 5th string","[{""type"": ""finger"", ""string"": 1, ""fret"": 3, ""finger"": 4}, {""type"": ""finger"", ""string"": 2, ""fret"": 3, ""finger"": 3}, {""type"": ""barre"", ""fret"": 1, ""fromString"": 3, ""toString"": 5}, {""type"": ""finger"", ""string"": 4, ""fret"": 2, ""finger"": 2}]",5,,[6],"[3, 5]"
A#/Bb13b9,"A#/Bb Dominant 13th, Flat 9th","A#/Bb13b9 guitar chord
            (A#/Bb Dominant 13th, Flat 9th)",https://www.all-guitar-chords.com/chords/index/a_sharp/13b9,"13b9, 13-9, 7(b9,13)",1-3-5-b7-b9-13,A#-D-F-Ab-B-G,1,"Barre the 3rd fret with your index finger, extending over the 1st to the 2nd strings | Use your middle finger to press the G (3rd) string down on the 4th fret | Stretch out your pinky to the 6th fret of the D (4th) string and press down | Stretch out your ring finger to the 6th fret of the low E (6th) string and press down | Now, strum all the strings, mute the 5th string","[{""type"": ""barre"", ""fret"": 3, ""fromString"": 1, ""toString"": 2}, {""type"": ""finger"", ""string"": 3, ""fret"": 4, ""finger"": 2}, {""type"": ""finger"", ""string"": 4, ""fret"": 6, ""finger"": 4}, {""type"": ""finger"", ""string"": 6, ""fret"": 6, ""finger"": 3}, {""type"": ""raw"", ""text"": ""Now, strum all the strings, mute the 5th string""}]",,,[5],"[1, 2]"
A#/Bb11b9,"A#/Bb Dominant 11th, Flat 9th","A#/Bb11b9 guitar chord
            (A#/Bb Dominant 11th, Flat 9th)",https://www.all-guitar-chords.com/chords/index/a_sharp/11b9,"11b9, 7sus4(b9)",1-5-b7-b9-11,A#-F-Ab-B-D#,1,"Barre the 1st fret with your index finger, extending over the 3rd to the 5th strings | Strum from the 5th string to the 2nd strings","[{""type"": ""barre"", ""fret"": 1, ""fromString"": 3, ""toString"": 5}]",5,,[6],"[1, 2, 3, 4, 5]"
A#/Bbsus2sus4,"A#/Bb Suspended 2nd, Suspended 4th","A#/Bbsus2sus4 guitar chord
            (A#/Bb Suspended 2nd, Suspended 4th)",https://www.all-guitar-chords.com/chords/index/a_sharp/sus2sus4,sus2sus4,1-2-4-5,A#-C-D#-F,1,"Apply a barre with your index finger across the 1st fret, covering the 1st to the 5th strings | Position your pinky on the G (3rd) string at the 3rd fret and press down | Now, strum all the strings starting from the 5th string","[{""type"": ""barre"", ""fret"": 1, ""fromString"": 1, ""toString"": 5}, {""type"": ""finger"", ""string"": 3, ""fret"": 3, ""finger"": 4}]",5,,[6],"[1, 2, 4, 5]"
A#/Bb-5,A#/Bb Major Diminished 5th,"A#/Bb-5 guitar chord
            (A#/Bb Major Diminished 5th)",https://www.all-guitar-chords.com/chords/index/a_sharp/-5,-5,1-3-b5,A#-D-E,1,Place a barre using your pinky on the 3rd fret from the 2nd to the 3rd strings | Place your middle finger on the D (4th) string at the 2nd fret and press down | Use your index finger to press the A (5th) string down on the 1st fret | Strum from the 5th string to the 2nd strings,"[{""type"": ""barre"", ""fret"": 3, ""fromString"": 2, ""toString"": 3}, {""type"": ""finger"", ""string"": 4, ""fret"": 2, ""finger"": 2}, {""type"": ""finger"", ""string"": 5, ""fret"": 1, ""finger"": 1}]",5,,[6],"[1, 2, 3]"
B,Major,"B guitar chord
            (B Major)",https://www.all-guitar-chords.com/chords/index/b/major,"M, maj",1-3-5,B-D#-F#,1,"Place a barre using your index finger on the 2nd fret from the 1st to the 5th strings | Use your pinky to press the B (2nd) string down on the 4th fret | Press down on the G (3rd) string at the 4th fret using your ring finger | Position your middle finger on the D (4th) string at the 4th fret and press down | Now, strum all the strings starting from the 5th string","[{""type"": ""barre"", ""fret"": 2, ""fromString"": 1, ""toString"": 5}, {""type"": ""finger"", ""string"": 2, ""fret"": 4, ""finger"": 4}, {""type"": ""finger"", ""string"": 3, ""fret"": 4, ""finger"": 3}, {""type"": ""finger"", ""string"": 4, ""fret"": 4, ""finger"": 2}]",5,,[6],"[1, 5]"
,B Minor,"Bm guitar chord
            (B Minor)",https://www.all-guitar-chords.com/chords/index/b/minor,"m, min, -",1-b3-5,B-D-F#,1,"Place a barre using your index finger on the 2nd fret from the 1st to the 5th strings | Position your middle finger on the B (2nd) string at the 3rd fret and press down | Use your pinky to press the G (3rd) string down on the 4th fret | Press down on the D (4th) string at the 4th fret using your ring finger | Now, strum all the strings starting from the 5th string","[{""type"": ""barre"", ""fret"": 2, ""fromString"": 1, ""toString"": 5}, {""type"": ""finger"", ""string"": 2, ""fret"": 3, ""finger"": 2}, {""type"": ""finger"", ""string"": 3, ""fret"": 4, ""finger"": 4}, {""type"": ""finger"", ""string"": 4, ""fret"": 4, ""finger"": 3}]",5,,[6],"[1, 5]"
,B Dominant Seventh,"B7 guitar chord
            (B Dominant Seventh)",https://www.all-guitar-chords.com/chords/index/b/7,7,1-3-5-b7,B-D#-F#-A,1,"Place your pinky on the E (1st) string at the 2nd fret and press down | Use your ring finger to press the G (3rd) string down on the 2nd fret | Position your index finger on the D (4th) string at the 1st fret and press down | Press down on the A (5th) string at the 2nd fret using your middle finger | Now, strum all the strings starting from the 5th string","[{""type"": ""finger"", ""string"": 1, ""fret"": 2, ""finger"": 4}, {""type"": ""finger"", ""string"": 3, ""fret"": 2, ""finger"": 3}, {""type"": ""finger"", ""string"": 4, ""fret"": 1, ""finger"": 1}, {""type"": ""finger"", ""string"": 5, ""fret"": 2, ""finger"": 2}]",5,,[6],[2]
,"B Fifth, Power Chord","B5 guitar chord
            (B Fifth, Power Chord)",https://www.all-guitar-chords.com/chords/index/b/5,5,1-5,B-F#,1,"Place a barre using your ring finger on the 4th fret from the 3rd to the 4th strings | With your index finger, press down on the A (5th) string at the 2nd fret | Strum from the 5th string to the 3rd strings","[{""type"": ""barre"", ""fret"": 4, ""fromString"": 3, ""toString"": 4}, {""type"": ""finger"", ""string"": 5, ""fret"": 2, ""finger"": 1}]",5,,[6],"[1, 2, 3, 4]"
,B Diminished,"Bdim guitar chord
            (B Diminished)",https://www.all-guitar-chords.com/chords/index/b/dim,"dim, °",1-b3-b5,B-D-F,1,"Position your ring finger on the B (2nd) string at the 3rd fret and press down | Press down on the G (3rd) string at the 4th fret using your pinky | With your middle finger, press down on the D (4th) string at the 3rd fret | Press the A (5th) string on the 2nd fret with your index finger | Strum from the 5th string to the 2nd strings","[{""type"": ""finger"", ""string"": 2, ""fret"": 3, ""finger"": 3}, {""type"": ""finger"", ""string"": 3, ""fret"": 4, ""finger"": 4}, {""type"": ""finger"", ""string"": 4, ""fret"": 3, ""finger"": 2}, {""type"": ""finger"", ""string"": 5, ""fret"": 2, ""finger"": 1}]",5,,[6],[1]
,B Diminished Seventh,"Bdim7 guitar chord
            (B Diminished Seventh)",https://www.all-guitar-chords.com/chords/index/b/dim7,"dim7, o7, 7dim",1-b3-b5-6,B-D-F-G#,1,"Place your middle finger on the G (3rd) string at the 1st fret and press down | Use your index finger to press the low E (6th) string down on the 1st fret | Now, strum all the strings up to the 2nd string, mute the 5th string","[{""type"": ""finger"", ""string"": 3, ""fret"": 1, ""finger"": 2}, {""type"": ""finger"", ""string"": 6, ""fret"": 1, ""finger"": 1}]",,2,"[1, 5]","[2, 4]"
,B Augmented,"Baug guitar chord
            (B Augmented)",https://www.all-guitar-chords.com/chords/index/b/aug,"aug, ""+""",1-3-#5,B-D#-G,1,"Place your index finger on the D (4th) string at the 5th fret and press down | Press the A (5th) string on the 6th fret with your middle finger | With your ring finger, press down on the low E (6th) string at the 7th fret | Now, strum all the strings up to the 2nd string","[{""type"": ""finger"", ""string"": 4, ""fret"": 5, ""finger"": 1}, {""type"": ""finger"", ""string"": 5, ""fret"": 6, ""finger"": 2}, {""type"": ""finger"", ""string"": 6, ""fret"": 7, ""finger"": 3}]",,2,[1],"[2, 3]"
,B Suspended 2nd,"Bsus2 guitar chord
            (B Suspended 2nd)",https://www.all-guitar-chords.com/chords/index/b/sus2,sus2,1-2-5,B-C#-F#,1,"Place a barre using your index finger on the 2nd fret from the 1st to the 5th strings | With your pinky, press down on the G (3rd) string at the 4th fret | Press the D (4th) string on the 4th fret with your ring finger | Now, strum all the strings starting from the 5th string","[{""type"": ""barre"", ""fret"": 2, ""fromString"": 1, ""toString"": 5}, {""type"": ""finger"", ""string"": 3, ""fret"": 4, ""finger"": 4}, {""type"": ""finger"", ""string"": 4, ""fret"": 4, ""finger"": 3}]",5,,[6],"[1, 2, 5]"
,B Suspended 4th,"Bsus guitar chord
            (B Suspended 4th)",https://www.all-guitar-chords.com/chords/index/b/sus4,"sus, sus4",1-4-5,B-E-F#,1,"Barre the 2nd fret with your index finger, extending over the 1st to the 5th strings | Stretch out your pinky to the 5th fret of the B (2nd) string and press down | Position your ring finger on the G (3rd) string at the 4th fret and press down | With your middle finger, press down on the D (4th) string at the 4th fret | Now, strum all the strings starting from the 5th string","[{""type"": ""barre"", ""fret"": 2, ""fromString"": 1, ""toString"": 5}, {""type"": ""finger"", ""string"": 2, ""fret"": 5, ""finger"": 4}, {""type"": ""finger"", ""string"": 3, ""fret"": 4, ""finger"": 3}, {""type"": ""finger"", ""string"": 4, ""fret"": 4, ""finger"": 2}]",5,,[6],"[1, 5]"
,B Major 7th,"Bmaj7 guitar chord
            (B Major 7th)",https://www.all-guitar-chords.com/chords/index/b/maj7,"maj7, M7",1-3-5-7,B-D#-F#-A#,1,"Use your ring finger to press the E (1st) string down on the 2nd fret | Place your pinky on the G (3rd) string at the 3rd fret and press down | Position your index finger on the D (4th) string at the 1st fret and press down | Now, strum all the strings starting from the 4th string","[{""type"": ""finger"", ""string"": 1, ""fret"": 2, ""finger"": 3}, {""type"": ""finger"", ""string"": 3, ""fret"": 3, ""finger"": 4}, {""type"": ""finger"", ""string"": 4, ""fret"": 1, ""finger"": 1}]",4,,"[5, 6]",[2]
,B Minor 7th,"Bm7 guitar chord
            (B Minor 7th)",https://www.all-guitar-chords.com/chords/index/b/m7,"m7, min7, -7",1-b3-5-b7,B-D-F#-A,1,"Position your middle finger on the E (1st) string at the 2nd fret and press down | With your index finger, press down on the G (3rd) string at the 2nd fret | Now, strum all the strings starting from the 5th string","[{""type"": ""finger"", ""string"": 1, ""fret"": 2, ""finger"": 2}, {""type"": ""finger"", ""string"": 3, ""fret"": 2, ""finger"": 1}]",5,,[6],"[2, 4, 5]"
,B Dominant 7th Suspended 4th,"B7sus4 guitar chord
            (B Dominant 7th Suspended 4th)",https://www.all-guitar-chords.com/chords/index/b/7sus4,"7sus4, 7sus",1-4-5-b7,B-E-F#-A,1,"Apply a barre with your index finger across the 2nd fret, covering the 1st to the 5th strings | Stretch out your pinky to the 5th fret of the B (2nd) string and press down | With your ring finger, press down on the D (4th) string at the 4th fret | Now, strum all the strings starting from the 5th string","[{""type"": ""barre"", ""fret"": 2, ""fromString"": 1, ""toString"": 5}, {""type"": ""finger"", ""string"": 2, ""fret"": 5, ""finger"": 4}, {""type"": ""finger"", ""string"": 4, ""fret"": 4, ""finger"": 3}]",5,,[6],"[1, 3, 5]"
,B Major 9th,"Bmaj9 guitar chord
            (B Major 9th)",https://www.all-guitar-chords.com/chords/index/b/maj9,"maj9, M9, maj7(9)",1-3-5-7-9,B-D#-F#-A#-C#,1,Place your ring finger on the B (2nd) string at the 2nd fret and press down | Press the G (3rd) string on the 3rd fret with your pinky | Press down on the D (4th) string at the 1st fret using your index finger | Use your middle finger to press the A (5th) string down on the 2nd fret | Strum from the 5th string to the 2nd strings,"[{""type"": ""finger"", ""string"": 2, ""fret"": 2, ""finger"": 3}, {""type"": ""finger"", ""string"": 3, ""fret"": 3, ""finger"": 4}, {""type"": ""finger"", ""string"": 4, ""fret"": 1, ""finger"": 1}, {""type"": ""finger"", ""string"": 5, ""fret"": 2, ""finger"": 2}]",5,,[6],[1]
,B Major 11th,"Bmaj11 guitar chord
            (B Major 11th)",https://www.all-guitar-chords.com/chords/index/b/maj11,"maj11, M11",1-3-5-7-9-11,B-D#-F#-A#-C#-E,1,"Barre the 12th fret with your index finger, extending over the 1st to the 2nd strings | Stretch out your pinky to the 15th fret of the G (3rd) string and press down | Use your middle finger to press the D (4th) string down on the 13th fret | Place your ring finger on the A (5th) string at the 14th fret and press down | Now, strum all the strings starting from the 5th string","[{""type"": ""barre"", ""fret"": 12, ""fromString"": 1, ""toString"": 2}, {""type"": ""finger"", ""string"": 3, ""fret"": 15, ""finger"": 4}, {""type"": ""finger"", ""string"": 4, ""fret"": 13, ""finger"": 2}, {""type"": ""finger"", ""string"": 5, ""fret"": 14, ""finger"": 3}]",5,,[6],"[1, 2]"
,B Major 13th,"Bmaj13 guitar chord
            (B Major 13th)",https://www.all-guitar-chords.com/chords/index/b/maj13,"maj13, M13, maj7(9,13),maj7(6/9)",1-3-5-7-9-13,B-D#-F#-A#-C#-G#,1,"Place a barre using your pinky on the 4th fret from the 1st to the 2nd strings | Place your middle finger on the G (3rd) string at the 3rd fret and press down | Use your index finger to press the A (5th) string down on the 2nd fret | Now, strum all the strings starting from the 5th string, mute the 4th string","[{""type"": ""barre"", ""fret"": 4, ""fromString"": 1, ""toString"": 2}, {""type"": ""finger"", ""string"": 3, ""fret"": 3, ""finger"": 2}, {""type"": ""finger"", ""string"": 5, ""fret"": 2, ""finger"": 1}]",5,,"[4, 6]","[1, 2]"
,#11,"Bmaj9(#11) guitar chord
            (B Major 9th, Sharp 11th)",https://www.all-guitar-chords.com/chords/index/b/maj9*11,"maj9(#11), maj7(9,#11)",1-3-5-7-9-#11,B-D#-F#-A#-C#-F,1,"Place a barre using your index finger on the 1st fret from the 1st to the 4th strings | Press down on the B (2nd) string at the 2nd fret using your ring finger | Use your pinky to press the G (3rd) string down on the 3rd fret | Position your middle finger on the A (5th) string at the 2nd fret and press down | Now, strum all the strings starting from the 5th string","[{""type"": ""barre"", ""fret"": 1, ""fromString"": 1, ""toString"": 4}, {""type"": ""finger"", ""string"": 2, ""fret"": 2, ""finger"": 3}, {""type"": ""finger"", ""string"": 3, ""fret"": 3, ""finger"": 4}, {""type"": ""finger"", ""string"": 5, ""fret"": 2, ""finger"": 2}]",5,,[6],"[1, 4]"
,#11,"Bmaj13(#11) guitar chord
            (B Major 13th, Sharp 11th)",https://www.all-guitar-chords.com/chords/index/b/maj13*11,"maj13(#11), maj7(13,#11), maj9(#11,13)",1-3-5-7-9-#11-13,B-D#-F#-A#-C#-F-G#,1,"Place a barre using your index finger on the 1st fret from the 1st to the 4th strings | Press the B (2nd) string on the 2nd fret with your ring finger | Place your middle finger on the A (5th) string at the 2nd fret and press down | Now, strum all the strings starting from the 5th string","[{""type"": ""barre"", ""fret"": 1, ""fromString"": 1, ""toString"": 4}, {""type"": ""finger"", ""string"": 2, ""fret"": 2, ""finger"": 3}, {""type"": ""finger"", ""string"": 5, ""fret"": 2, ""finger"": 2}]",5,,[6],"[1, 3, 4]"
,B Major Added 9th,"Badd9 guitar chord
            (B Major Added 9th)",https://www.all-guitar-chords.com/chords/index/b/add9,add9,1-3-5-9,B-D#-F#-C#,1,"Apply a barre with your index finger across the 4th fret, covering the 2nd to the 4th strings | Use your ring finger to press the G (3rd) string down on the 6th fret | Press down on the A (5th) string at the 6th fret using your middle finger | Stretch out your pinky to the 7th fret of the low E (6th) string and press down | Now, strum all the strings up to the 2nd string","[{""type"": ""barre"", ""fret"": 4, ""fromString"": 2, ""toString"": 4}, {""type"": ""finger"", ""string"": 3, ""fret"": 6, ""finger"": 3}, {""type"": ""finger"", ""string"": 5, ""fret"": 6, ""finger"": 2}, {""type"": ""finger"", ""string"": 6, ""fret"": 7, ""finger"": 4}]",,2,[1],"[2, 4]"
,"B Major 6th, Added 9th","B6add9 guitar chord
            (B Major 6th, Added 9th)",https://www.all-guitar-chords.com/chords/index/b/6add9,"6add9, add6/9, 6/9",1-3-5-6-9,B-D#-F#-G#-C#,1,"Position your pinky on the E (1st) string at the 2nd fret and press down | With your ring finger, press down on the B (2nd) string at the 2nd fret | Apply a barre with your index finger across the 1st fret, covering the 3rd to the 4th strings | Press the A (5th) string on the 2nd fret with your middle finger | Now, strum all the strings starting from the 5th string","[{""type"": ""finger"", ""string"": 1, ""fret"": 2, ""finger"": 4}, {""type"": ""finger"", ""string"": 2, ""fret"": 2, ""finger"": 3}, {""type"": ""barre"", ""fret"": 1, ""fromString"": 3, ""toString"": 4}, {""type"": ""finger"", ""string"": 5, ""fret"": 2, ""finger"": 2}]",5,,[6],"[3, 4]"
,b5,"Bmaj7(b5) guitar chord
            (B Major 7th, Flat 5th)",https://www.all-guitar-chords.com/chords/index/b/maj7b5,maj7(b5),1-3-b5-7,B-D#-F-A#,1,"Press down on the E (1st) string at the 1st fret using your index finger | Stretch out your pinky to the 4th fret of the B (2nd) string and press down | Place your ring finger on the G (3rd) string at the 3rd fret and press down | Use your middle finger to press the A (5th) string down on the 2nd fret | Now, strum all the strings starting from the 5th string, mute the 4th string","[{""type"": ""finger"", ""string"": 1, ""fret"": 1, ""finger"": 1}, {""type"": ""finger"", ""string"": 2, ""fret"": 4, ""finger"": 4}, {""type"": ""finger"", ""string"": 3, ""fret"": 3, ""finger"": 3}, {""type"": ""finger"", ""string"": 5, ""fret"": 2, ""finger"": 2}]",5,,"[4, 6]",[]
,#5,"Bmaj7(#5) guitar chord
            (B Major 7th, Sharp 5th)",https://www.all-guitar-chords.com/chords/index/b/maj7*5,"maj7(#5), maj7+, +7+5",1-3-#5-7,B-D#-G-A#,1,"Use your ring finger to press the E (1st) string down on the 3rd fret | Place your pinky on the B (2nd) string at the 4th fret and press down | Press down on the G (3rd) string at the 3rd fret using your middle finger | Position your index finger on the A (5th) string at the 2nd fret and press down | Now, strum all the strings starting from the 5th string, mute the 4th string","[{""type"": ""finger"", ""string"": 1, ""fret"": 3, ""finger"": 3}, {""type"": ""finger"", ""string"": 2, ""fret"": 4, ""finger"": 4}, {""type"": ""finger"", ""string"": 3, ""fret"": 3, ""finger"": 2}, {""type"": ""finger"", ""string"": 5, ""fret"": 2, ""finger"": 1}]",5,,"[4, 6]",[]
,B Minor 6th,"Bm6 guitar chord
            (B Minor 6th)",https://www.all-guitar-chords.com/chords/index/b/m6,"m6, min6, m(add6), -6",1-b3-5-6,B-D-F#-G#,1,"With your ring finger, press down on the E (1st) string at the 2nd fret | Position your pinky on the B (2nd) string at the 3rd fret and press down | Place your index finger on the G (3rd) string at the 1st fret and press down | Press the A (5th) string on the 2nd fret with your middle finger | Now, strum all the strings starting from the 5th string, mute the 4th string","[{""type"": ""finger"", ""string"": 1, ""fret"": 2, ""finger"": 3}, {""type"": ""finger"", ""string"": 2, ""fret"": 3, ""finger"": 4}, {""type"": ""finger"", ""string"": 3, ""fret"": 1, ""finger"": 1}, {""type"": ""finger"", ""string"": 5, ""fret"": 2, ""finger"": 2}]",5,,"[4, 6]",[]
,B Minor 9th,"Bm9 guitar chord
            (B Minor 9th)",https://www.all-guitar-chords.com/chords/index/b/m9,"m9, min9, -9",1-b3-5-b7-9,B-D-F#-A-C#,1,Place your pinky on the B (2nd) string at the 2nd fret and press down | Use your ring finger to press the G (3rd) string down on the 2nd fret | Press down on the A (5th) string at the 2nd fret using your middle finger | Strum from the 5th string to the 2nd strings,"[{""type"": ""finger"", ""string"": 2, ""fret"": 2, ""finger"": 4}, {""type"": ""finger"", ""string"": 3, ""fret"": 2, ""finger"": 3}, {""type"": ""finger"", ""string"": 5, ""fret"": 2, ""finger"": 2}]",5,,[6],"[1, 4]"
,B Minor 11th,"Bm11 guitar chord
            (B Minor 11th)",https://www.all-guitar-chords.com/chords/index/b/m11,"m11, min11, -11",1-b3-5-b7-9-11,B-D-F#-A-C#-E,1,"Barre the 2nd fret with your index finger, extending over the 1st to the 5th strings | Use your middle finger to press the B (2nd) string down on the 3rd fret | Now, strum all the strings starting from the 5th string","[{""type"": ""barre"", ""fret"": 2, ""fromString"": 1, ""toString"": 5}, {""type"": ""finger"", ""string"": 2, ""fret"": 3, ""finger"": 2}]",5,,[6],"[1, 3, 4, 5]"
,B Minor 13th,"Bm13 guitar chord
            (B Minor 13th)",https://www.all-guitar-chords.com/chords/index/b/m13,"m13, min13, -13",1-b3-5-b7-9-11-13,B-D-F#-A-C#-E-G#,1,"Use your pinky to press the E (1st) string down on the 4th fret | Position your middle finger on the B (2nd) string at the 3rd fret and press down | Place a barre using your index finger on the 2nd fret from the 3rd to the 5th strings | Press down on the D (4th) string at the 4th fret using your ring finger | Now, strum all the strings starting from the 5th string","[{""type"": ""finger"", ""string"": 1, ""fret"": 4, ""finger"": 4}, {""type"": ""finger"", ""string"": 2, ""fret"": 3, ""finger"": 2}, {""type"": ""barre"", ""fret"": 2, ""fromString"": 3, ""toString"": 5}, {""type"": ""finger"", ""string"": 4, ""fret"": 4, ""finger"": 3}]",5,,[6],"[3, 5]"
,add9,"Bm(add9) guitar chord
            (B Minor, Added 9th)",https://www.all-guitar-chords.com/chords/index/b/madd9,"m(add9), m9(no 7th)",1-b3-5-9,B-D-F#-C#,1,"Position your pinky on the E (1st) string at the 9th fret and press down | Apply a barre with your index finger across the 7th fret, covering the 2nd to the 3rd strings | With your ring finger, press down on the D (4th) string at the 9th fret | Now, strum all the strings starting from the 4th string","[{""type"": ""finger"", ""string"": 1, ""fret"": 9, ""finger"": 4}, {""type"": ""barre"", ""fret"": 7, ""fromString"": 2, ""toString"": 3}, {""type"": ""finger"", ""string"": 4, ""fret"": 9, ""finger"": 3}]",4,,"[5, 6]","[2, 3]"
,"B Minor 6yh, Added 9th","Bm6add9 guitar chord
            (B Minor 6yh, Added 9th)",https://www.all-guitar-chords.com/chords/index/b/m6add9,"m6add9, m6/9, min6/9, m(add6,9), -6/9",1-b3-5-6-9,B-D-F#-G#-C#,1,"Press down on the B (2nd) string at the 2nd fret using your ring finger | With your index finger, press down on the G (3rd) string at the 1st fret | Position your middle finger on the A (5th) string at the 2nd fret and press down | Strum from the 5th string to the 2nd strings","[{""type"": ""finger"", ""string"": 2, ""fret"": 2, ""finger"": 3}, {""type"": ""finger"", ""string"": 3, ""fret"": 1, ""finger"": 1}, {""type"": ""finger"", ""string"": 5, ""fret"": 2, ""finger"": 2}]",5,,[6],"[1, 4]"
,"B Minor, Major 7th","Bmmaj7 guitar chord
            (B Minor, Major 7th)",https://www.all-guitar-chords.com/chords/index/b/mmaj7,"mmaj7, min(maj7), -(maj7), mM7, m+7",1-b3-5-7,B-D-F#-A#,1,"Apply a barre with your index finger across the 2nd fret, covering the 1st to the 5th strings | With your ring finger, press down on the B (2nd) string at the 3rd fret | Press the G (3rd) string on the 3rd fret with your middle finger | Position your pinky on the D (4th) string at the 4th fret and press down | Now, strum all the strings starting from the 5th string","[{""type"": ""barre"", ""fret"": 2, ""fromString"": 1, ""toString"": 5}, {""type"": ""finger"", ""string"": 2, ""fret"": 3, ""finger"": 3}, {""type"": ""finger"", ""string"": 3, ""fret"": 3, ""finger"": 2}, {""type"": ""finger"", ""string"": 4, ""fret"": 4, ""finger"": 4}]",5,,[6],"[1, 5]"
,"B Minor 9th, Major 7th","Bmmaj9 guitar chord
            (B Minor 9th, Major 7th)",https://www.all-guitar-chords.com/chords/index/b/mmaj9,"mmaj9, min(maj9), m9(maj7), mM9",1-b3-5-7-9,B-D-F#-A#-C#,1,"Position your middle finger on the B (2nd) string at the 2nd fret and press down | Press down on the G (3rd) string at the 3rd fret using your ring finger | With your index finger, press down on the A (5th) string at the 2nd fret | Strum from the 5th string to the 2nd strings","[{""type"": ""finger"", ""string"": 2, ""fret"": 2, ""finger"": 2}, {""type"": ""finger"", ""string"": 3, ""fret"": 3, ""finger"": 3}, {""type"": ""finger"", ""string"": 5, ""fret"": 2, ""finger"": 1}]",5,,[6],"[1, 4]"
,B Half-diminished Minor 7,"Bm7b5 guitar chord
            (B Half-diminished Minor 7)",https://www.all-guitar-chords.com/chords/index/b/m7b5,"m7b5, m7-5, ø",1-b3-b5-b7,B-D-F-A,1,"Place your index finger on the E (1st) string at the 1st fret and press down | Press the G (3rd) string on the 2nd fret with your middle finger | Now, strum all the strings starting from the 4th string","[{""type"": ""finger"", ""string"": 1, ""fret"": 1, ""finger"": 1}, {""type"": ""finger"", ""string"": 3, ""fret"": 2, ""finger"": 2}]",4,,"[5, 6]","[2, 4]"
,"B Minor 7th, Sharp 5th","Bm7#5 guitar chord
            (B Minor 7th, Sharp 5th)",https://www.all-guitar-chords.com/chords/index/b/m7*5,"m7#5, m7+",1-b3-#5-b7,B-D-G-A,1,"Use your pinky to press the E (1st) string down on the 3rd fret | Press down on the B (2nd) string at the 3rd fret using your ring finger | Position your middle finger on the G (3rd) string at the 2nd fret and press down | With your index finger, press down on the A (5th) string at the 2nd fret | Now, strum all the strings starting from the 5th string, mute the 4th string","[{""type"": ""finger"", ""string"": 1, ""fret"": 3, ""finger"": 4}, {""type"": ""finger"", ""string"": 2, ""fret"": 3, ""finger"": 3}, {""type"": ""finger"", ""string"": 3, ""fret"": 2, ""finger"": 2}, {""type"": ""finger"", ""string"": 5, ""fret"": 2, ""finger"": 1}]",5,,"[4, 6]",[]
,B Major 6th,"B6 guitar chord
            (B Major 6th)",https://www.all-guitar-chords.com/chords/index/b/6,"6, M6, maj6, add6",1-3-5-6,B-D#-F#-G#,1,"With your pinky, press down on the E (1st) string at the 2nd fret | Place your middle finger on the G (3rd) string at the 1st fret and press down | Use your index finger to press the D (4th) string down on the 1st fret | Now, strum all the strings starting from the 4th string","[{""type"": ""finger"", ""string"": 1, ""fret"": 2, ""finger"": 4}, {""type"": ""finger"", ""string"": 3, ""fret"": 1, ""finger"": 2}, {""type"": ""finger"", ""string"": 4, ""fret"": 1, ""finger"": 1}]",4,,"[5, 6]",[2]
,B Dominant 9th,"B9 guitar chord
            (B Dominant 9th)",https://www.all-guitar-chords.com/chords/index/b/9,9,1-3-5-b7-9,B-D#-F#-A-C#,1,"Place a barre using your ring finger on the 2nd fret from the 1st to the 3rd strings | With your index finger, press down on the D (4th) string at the 1st fret | Position your middle finger on the A (5th) string at the 2nd fret and press down | Now, strum all the strings starting from the 5th string","[{""type"": ""barre"", ""fret"": 2, ""fromString"": 1, ""toString"": 3}, {""type"": ""finger"", ""string"": 4, ""fret"": 1, ""finger"": 1}, {""type"": ""finger"", ""string"": 5, ""fret"": 2, ""finger"": 2}]",5,,[6],"[1, 2, 3]"
,B Dominant 11th,"B11 guitar chord
            (B Dominant 11th)",https://www.all-guitar-chords.com/chords/index/b/11,11,1-3-5-b7-9-11,B-D#-F#-A-C#-E,1,"Use your pinky to press the B (2nd) string down on the 2nd fret | Press down on the G (3rd) string at the 2nd fret using your ring finger | Position your middle finger on the A (5th) string at the 2nd fret and press down | Now, strum all the strings starting from the 5th string, mute the 4th string","[{""type"": ""finger"", ""string"": 2, ""fret"": 2, ""finger"": 4}, {""type"": ""finger"", ""string"": 3, ""fret"": 2, ""finger"": 3}, {""type"": ""finger"", ""string"": 5, ""fret"": 2, ""finger"": 2}]",5,,"[4, 6]",[1]
,B Dominant 13th,"B13 guitar chord
            (B Dominant 13th)",https://www.all-guitar-chords.com/chords/index/b/13,13,1-3-5-b7-9-13,B-D#-F#-A-C#-G#,1,"Stretch out your pinky to the 4th fret of the E (1st) string and press down | Barre the 2nd fret with your ring finger, extending over the 2nd to the 3rd strings | Press the D (4th) string on the 1st fret with your index finger | With your middle finger, press down on the A (5th) string at the 2nd fret | Now, strum all the strings starting from the 5th string","[{""type"": ""finger"", ""string"": 1, ""fret"": 4, ""finger"": 4}, {""type"": ""barre"", ""fret"": 2, ""fromString"": 2, ""toString"": 3}, {""type"": ""finger"", ""string"": 4, ""fret"": 1, ""finger"": 1}, {""type"": ""finger"", ""string"": 5, ""fret"": 2, ""finger"": 2}]",5,,[6],"[2, 3]"
,"B Dominant 7th, Flat 5th","B7b5 guitar chord
            (B Dominant 7th, Flat 5th)",https://www.all-guitar-chords.com/chords/index/b/7b5,"7b5, 7-5",1-3-b5-b7,B-D#-F-A,1,"Press the G (3rd) string on the 2nd fret with your ring finger | Place your middle finger on the D (4th) string at the 1st fret and press down | Use your index finger to press the low E (6th) string down on the 1st fret | Now, strum all the strings up to the 2nd string, mute the 5th string","[{""type"": ""finger"", ""string"": 3, ""fret"": 2, ""finger"": 3}, {""type"": ""finger"", ""string"": 4, ""fret"": 1, ""finger"": 2}, {""type"": ""finger"", ""string"": 6, ""fret"": 1, ""finger"": 1}]",,2,"[1, 5]",[2]
,"B Dominant 7th, Sharp 5th","B7#5 guitar chord
            (B Dominant 7th, Sharp 5th)",https://www.all-guitar-chords.com/chords/index/b/7*5,"7#5, 7maj5, 7+5, +7",1-3-#5-b7,B-D#-G-A,1,"With your index finger, press down on the D (4th) string at the 1st fret | Strum from the 5th string to the 2nd strings","[{""type"": ""finger"", ""string"": 4, ""fret"": 1, ""finger"": 1}]",5,,[6],"[1, 2, 3, 5]"
,"B Dominant 7th, Flat 9th","B7b9 guitar chord
            (B Dominant 7th, Flat 9th)",https://www.all-guitar-chords.com/chords/index/b/7b9,"7b9, 7-9",1-3-5-b7-b9,B-D#-F#-A-C,1,"Position your pinky on the E (1st) string at the 2nd fret and press down | Apply a barre with your index finger across the 1st fret, covering the 2nd to the 4th strings | With your ring finger, press down on the G (3rd) string at the 2nd fret | Press the A (5th) string on the 2nd fret with your middle finger | Now, strum all the strings starting from the 5th string","[{""type"": ""finger"", ""string"": 1, ""fret"": 2, ""finger"": 4}, {""type"": ""barre"", ""fret"": 1, ""fromString"": 2, ""toString"": 4}, {""type"": ""finger"", ""string"": 3, ""fret"": 2, ""finger"": 3}, {""type"": ""finger"", ""string"": 5, ""fret"": 2, ""finger"": 2}]",5,,[6],"[2, 4]"
,"B Dominant 7th, Sharp 9th","B7#9 guitar chord
            (B Dominant 7th, Sharp 9th)",https://www.all-guitar-chords.com/chords/index/b/7*9,"7#9, 7+9, 7b10",1-3-5-b7-#9,B-D#-F#-A-D,1,"Press down on the B (2nd) string at the 3rd fret using your pinky | Position your ring finger on the G (3rd) string at the 2nd fret and press down | Press the D (4th) string on the 1st fret with your index finger | With your middle finger, press down on the A (5th) string at the 2nd fret | Strum from the 5th string to the 2nd strings","[{""type"": ""finger"", ""string"": 2, ""fret"": 3, ""finger"": 4}, {""type"": ""finger"", ""string"": 3, ""fret"": 2, ""finger"": 3}, {""type"": ""finger"", ""string"": 4, ""fret"": 1, ""finger"": 1}, {""type"": ""finger"", ""string"": 5, ""fret"": 2, ""finger"": 2}]",5,,[6],[1]
,"b5,b9","B7(b5,b9) guitar chord
            (B Dominant 7th, Flat 5th, Flat 9th)","https://www.all-guitar-chords.com/chords/index/b/7%28b5,b9%29","7(b5,b9), 7(-5,-9)",1-3-b5-b7-b9,B-D#-F-A-C,1,"Barre the 1st fret with your index finger, extending over the 1st to the 4th strings | Place your ring finger on the G (3rd) string at the 2nd fret and press down | Use your middle finger to press the A (5th) string down on the 2nd fret | Now, strum all the strings starting from the 5th string","[{""type"": ""barre"", ""fret"": 1, ""fromString"": 1, ""toString"": 4}, {""type"": ""finger"", ""string"": 3, ""fret"": 2, ""finger"": 3}, {""type"": ""finger"", ""string"": 5, ""fret"": 2, ""finger"": 2}]",5,,[6],"[1, 2, 4]"
,"b5,#9","B7(b5,#9) guitar chord
            (B Dominant 7th, Flat 5th, Sharp 9th)","https://www.all-guitar-chords.com/chords/index/b/7%28b5,*9%29","7(b5,#9), 7(-5,+9)",1-3-b5-b7-#9,B-D#-F-A-D,1,"Apply a barre with your index finger across the 1st fret, covering the 1st to the 4th strings | Position your pinky on the B (2nd) string at the 3rd fret and press down | With your ring finger, press down on the G (3rd) string at the 2nd fret | Press the A (5th) string on the 2nd fret with your middle finger | Now, strum all the strings starting from the 5th string","[{""type"": ""barre"", ""fret"": 1, ""fromString"": 1, ""toString"": 4}, {""type"": ""finger"", ""string"": 2, ""fret"": 3, ""finger"": 4}, {""type"": ""finger"", ""string"": 3, ""fret"": 2, ""finger"": 3}, {""type"": ""finger"", ""string"": 5, ""fret"": 2, ""finger"": 2}]",5,,[6],"[1, 4]"
,"#5,b9","B7(#5,b9) guitar chord
            (B Dominant 7th, Sharp 5th, Flat 9th)","https://www.all-guitar-chords.com/chords/index/b/7%28*5,b9%29","7(#5,b9), 7(+5,-9), +7b9",1-3-#5-b7-b9,B-D#-G-A-C,1,"Place your pinky on the E (1st) string at the 3rd fret and press down | Apply a barre with your index finger across the 1st fret, covering the 2nd to the 4th strings | Use your ring finger to press the G (3rd) string down on the 2nd fret | Press down on the A (5th) string at the 2nd fret using your middle finger | Now, strum all the strings starting from the 5th string","[{""type"": ""finger"", ""string"": 1, ""fret"": 3, ""finger"": 4}, {""type"": ""barre"", ""fret"": 1, ""fromString"": 2, ""toString"": 4}, {""type"": ""finger"", ""string"": 3, ""fret"": 2, ""finger"": 3}, {""type"": ""finger"", ""string"": 5, ""fret"": 2, ""finger"": 2}]",5,,[6],"[2, 4]"
,"#5,#9","B7(#5,#9) guitar chord
            (B Dominant 7th, Sharp 5th, Sharp 9th)","https://www.all-guitar-chords.com/chords/index/b/7%28*5,*9%29","7(#5,#9), 7(+5,+9), +7#9",1-3-#5-b7-#9,B-D#-G-A-D,1,"Place a barre using your pinky on the 3rd fret from the 1st to the 2nd strings | Press the G (3rd) string on the 2nd fret with your ring finger | Use your index finger to press the D (4th) string down on the 1st fret | Place your middle finger on the A (5th) string at the 2nd fret and press down | Now, strum all the strings starting from the 5th string","[{""type"": ""barre"", ""fret"": 3, ""fromString"": 1, ""toString"": 2}, {""type"": ""finger"", ""string"": 3, ""fret"": 2, ""finger"": 3}, {""type"": ""finger"", ""string"": 4, ""fret"": 1, ""finger"": 1}, {""type"": ""finger"", ""string"": 5, ""fret"": 2, ""finger"": 2}]",5,,[6],"[1, 2]"
,"B Dominat 9th, Flat 5th","B9b5 guitar chord
            (B Dominat 9th, Flat 5th)",https://www.all-guitar-chords.com/chords/index/b/9b5,"9b5, 7(b5,9), 9-5",1-3-b5-b7-9,B-D#-F-A-C#,1,"Barre the 1st fret with your index finger, extending over the 1st to the 4th strings | Press down on the B (2nd) string at the 2nd fret using your pinky | Position your ring finger on the G (3rd) string at the 2nd fret and press down | With your middle finger, press down on the A (5th) string at the 2nd fret | Now, strum all the strings starting from the 5th string","[{""type"": ""barre"", ""fret"": 1, ""fromString"": 1, ""toString"": 4}, {""type"": ""finger"", ""string"": 2, ""fret"": 2, ""finger"": 4}, {""type"": ""finger"", ""string"": 3, ""fret"": 2, ""finger"": 3}, {""type"": ""finger"", ""string"": 5, ""fret"": 2, ""finger"": 2}]",5,,[6],"[1, 4]"
,"B Dominat 9th, Sharp 5th","B9#5 guitar chord
            (B Dominat 9th, Sharp 5th)",https://www.all-guitar-chords.com/chords/index/b/9*5,"9#5, 7(#5,9), 9+5, +9",1-3-#5-b7-9,B-D#-G-A-C#,1,"Press the E (1st) string on the 3rd fret with your pinky | Barre the 2nd fret with your ring finger, extending over the 2nd to the 3rd strings | Press down on the D (4th) string at the 1st fret using your index finger | Use your middle finger to press the A (5th) string down on the 2nd fret | Now, strum all the strings starting from the 5th string","[{""type"": ""finger"", ""string"": 1, ""fret"": 3, ""finger"": 4}, {""type"": ""barre"", ""fret"": 2, ""fromString"": 2, ""toString"": 3}, {""type"": ""finger"", ""string"": 4, ""fret"": 1, ""finger"": 1}, {""type"": ""finger"", ""string"": 5, ""fret"": 2, ""finger"": 2}]",5,,[6],"[2, 3]"
,"B Dominant 13th, Added Sharp 11th","B13#11 guitar chord
            (B Dominant 13th, Added Sharp 11th)",https://www.all-guitar-chords.com/chords/index/b/13*11,"13#11, 13+11, 7(9,#11,13)",1-3-5-b7-9-#11-13,B-D#-F#-A-C#-F-G#,1,"Press down on the E (1st) string at the 4th fret using your pinky | Position your ring finger on the B (2nd) string at the 4th fret and press down | Barre the 2nd fret with your index finger, extending over the 3rd to the 5th strings | With your middle finger, press down on the D (4th) string at the 3rd fret | Now, strum all the strings starting from the 5th string","[{""type"": ""finger"", ""string"": 1, ""fret"": 4, ""finger"": 4}, {""type"": ""finger"", ""string"": 2, ""fret"": 4, ""finger"": 3}, {""type"": ""barre"", ""fret"": 2, ""fromString"": 3, ""toString"": 5}, {""type"": ""finger"", ""string"": 4, ""fret"": 3, ""finger"": 2}]",5,,[6],"[3, 5]"
,"B Dominant 13th, Flat 9th","B13b9 guitar chord
            (B Dominant 13th, Flat 9th)",https://www.all-guitar-chords.com/chords/index/b/13b9,"13b9, 13-9, 7(b9,13)",1-3-5-b7-b9-13,B-D#-F#-A-C-G#,1,"Stretch out your pinky to the 4th fret of the E (1st) string and press down | Barre the 1st fret with your index finger, extending over the 2nd to the 4th strings | Place your ring finger on the G (3rd) string at the 2nd fret and press down | Use your middle finger to press the A (5th) string down on the 2nd fret | Now, strum all the strings starting from the 5th string","[{""type"": ""finger"", ""string"": 1, ""fret"": 4, ""finger"": 4}, {""type"": ""barre"", ""fret"": 1, ""fromString"": 2, ""toString"": 4}, {""type"": ""finger"", ""string"": 3, ""fret"": 2, ""finger"": 3}, {""type"": ""finger"", ""string"": 5, ""fret"": 2, ""finger"": 2}]",5,,[6],"[2, 4]"
,"B Dominant 11th, Flat 9th","B11b9 guitar chord
            (B Dominant 11th, Flat 9th)",https://www.all-guitar-chords.com/chords/index/b/11b9,"11b9, 7sus4(b9)",1-5-b7-b9-11,B-F#-A-C-E,1,"With your index finger, press down on the B (2nd) string at the 1st fret | Use your pinky to press the G (3rd) string down on the 2nd fret | Press down on the D (4th) string at the 2nd fret using your ring finger | Position your middle finger on the A (5th) string at the 2nd fret and press down | Strum from the 5th string to the 2nd strings","[{""type"": ""finger"", ""string"": 2, ""fret"": 1, ""finger"": 1}, {""type"": ""finger"", ""string"": 3, ""fret"": 2, ""finger"": 4}, {""type"": ""finger"", ""string"": 4, ""fret"": 2, ""finger"": 3}, {""type"": ""finger"", ""string"": 5, ""fret"": 2, ""finger"": 2}]",5,,[6],[1]
,"B Suspended 2nd, Suspended 4th","Bsus2sus4 guitar chord
            (B Suspended 2nd, Suspended 4th)",https://www.all-guitar-chords.com/chords/index/b/sus2sus4,sus2sus4,1-2-4-5,B-C#-E-F#,1,"Barre the 2nd fret with your index finger, extending over the 1st to the 5th strings | Press down on the G (3rd) string at the 4th fret using your pinky | Now, strum all the strings starting from the 5th string","[{""type"": ""barre"", ""fret"": 2, ""fromString"": 1, ""toString"": 5}, {""type"": ""finger"", ""string"": 3, ""fret"": 4, ""finger"": 4}]",5,,[6],"[1, 2, 4, 5]"
,B Major Diminished 5th,"B-5 guitar chord
            (B Major Diminished 5th)",https://www.all-guitar-chords.com/chords/index/b/-5,-5,1-3-b5,B-D#-F,1,"Apply a barre with your pinky across the 4th fret, covering the 2nd to the 3rd strings | Press the D (4th) string on the 3rd fret with your middle finger | Place your index finger on the A (5th) string at the 2nd fret and press down | Strum from the 5th string to the 2nd strings","[{""type"": ""barre"", ""fret"": 4, ""fromString"": 2, ""toString"": 3}, {""type"": ""finger"", ""string"": 4, ""fret"": 3, ""finger"": 2}, {""type"": ""finger"", ""string"": 5, ""fret"": 2, ""finger"": 1}]",5,,[6],"[1, 2, 3]"
